6+0,,,,,,,6+1,,,,,,,6+2,,,,,,,6+3,,,,,,,6+4,,,,,,,6+5,,,,,,,6+6,,,,,,,6+7,,,,,,,6+8,,,,,,,6+9,,,,,
test-6.jpg,6,+ - 1.jpg,+,train-04226.jpg,0,,test-6175.jpg,6,+ - 1a.jpg,+,train-14090.jpg,1,,test-6252.jpg,6,+ - 35o.jpg,+,train-2540.jpg,2,,test-6575.jpg,6,+ - 100o.jpg,+,train-34202.jpg,3,,test-6407.jpg,6,+ - 67o.jpg,+,validation-4518.jpg,4,,test-673.jpg,6,+ - 37c.jpg,+,train-5877.jpg,5,,test-633.jpg,6,+ - 51c.jpg,+,validation-6708.jpg,6,,test-6652.jpg,6,+ - 20a.jpg,+,validation-739.jpg,7,,test-6485.jpg,6,+ - 83.jpg,+,train-84352.jpg,8,,test-6807.jpg,6,+ - 52o.jpg,+,validation-9388.jpg,9
test-60.jpg,6,+ - 10.jpg,+,train-04227.jpg,0,,test-6176.jpg,6,+ - 1b.jpg,+,train-14091.jpg,1,,test-6253.jpg,6,+ - 36.jpg,+,train-2541.jpg,2,,test-6576.jpg,6,+ - 101.jpg,+,train-34203.jpg,3,,test-6408.jpg,6,+ - 68.jpg,+,validation-4519.jpg,4,,test-6730.jpg,6,+ - 37o.jpg,+,train-5878.jpg,5,,test-6330.jpg,6,+ - 51o.jpg,+,validation-6709.jpg,6,,test-6653.jpg,6,+ - 20b.jpg,+,validation-7390.jpg,7,,test-6486.jpg,6,+ - 83a.jpg,+,train-84353.jpg,8,,test-6808.jpg,6,+ - 53.jpg,+,validation-9389.jpg,9
test-61.jpg,6,+ - 100.jpg,+,train-04228.jpg,0,,test-6177.jpg,6,+ - 1c.jpg,+,train-14092.jpg,1,,test-6254.jpg,6,+ - 36o.jpg,+,train-2542.jpg,2,,test-6577.jpg,6,+ - 101a.jpg,+,train-34204.jpg,3,,test-6409.jpg,6,+ - 68a.jpg,+,validation-452.jpg,4,,test-6731.jpg,6,+ - 38.jpg,+,train-5879.jpg,5,,test-6331.jpg,6,+ - 52.jpg,+,validation-671.jpg,6,,test-6654.jpg,6,+ - 20c.jpg,+,validation-7391.jpg,7,,test-6487.jpg,6,+ - 83b.jpg,+,train-84354.jpg,8,,test-6809.jpg,6,+ - 53a.jpg,+,validation-939.jpg,9
test-610.jpg,6,+ - 100a.jpg,+,train-04229.jpg,0,,test-6178.jpg,6,+ - 1o.jpg,+,train-14093.jpg,1,,test-6255.jpg,6,+ - 37.jpg,+,train-2543.jpg,2,,test-6578.jpg,6,+ - 101b.jpg,+,train-34205.jpg,3,,test-641.jpg,6,+ - 68b.jpg,+,validation-4520.jpg,4,,test-6732.jpg,6,+ - 38a.jpg,+,train-588.jpg,5,,test-6332.jpg,6,+ - 52a.jpg,+,validation-6710.jpg,6,,test-6655.jpg,6,+ - 20o.jpg,+,validation-7392.jpg,7,,test-6488.jpg,6,+ - 83c.jpg,+,train-84355.jpg,8,,test-681.jpg,6,+ - 53b.jpg,+,validation-9390.jpg,9
test-6100.jpg,6,+ - 100b.jpg,+,train-0423.jpg,0,,test-6179.jpg,6,+ - 2.jpg,+,train-14094.jpg,1,,test-6256.jpg,6,+ - 37a.jpg,+,train-2544.jpg,2,,test-6579.jpg,6,+ - 101c.jpg,+,train-34206.jpg,3,,test-6410.jpg,6,+ - 68c.jpg,+,validation-4521.jpg,4,,test-6733.jpg,6,+ - 38b.jpg,+,train-5880.jpg,5,,test-6333.jpg,6,+ - 52b.jpg,+,validation-6711.jpg,6,,test-6656.jpg,6,+ - 21.jpg,+,validation-7393.jpg,7,,test-6489.jpg,6,+ - 83o.jpg,+,train-84356.jpg,8,,test-6810.jpg,6,+ - 53c.jpg,+,validation-9391.jpg,9
test-6101.jpg,6,+ - 100c.jpg,+,train-04230.jpg,0,,test-618.jpg,6,+ - 20.jpg,+,train-14095.jpg,1,,test-6257.jpg,6,+ - 37b.jpg,+,train-2545.jpg,2,,test-658.jpg,6,+ - 101o.jpg,+,train-34207.jpg,3,,test-6411.jpg,6,+ - 68o.jpg,+,validation-4522.jpg,4,,test-6734.jpg,6,+ - 38c.jpg,+,train-5881.jpg,5,,test-6334.jpg,6,+ - 52c.jpg,+,validation-6712.jpg,6,,test-6657.jpg,6,+ - 21a.jpg,+,validation-7394.jpg,7,,test-649.jpg,6,+ - 84.jpg,+,train-84357.jpg,8,,test-6811.jpg,6,+ - 53o.jpg,+,validation-9392.jpg,9
test-6102.jpg,6,+ - 100o.jpg,+,train-04231.jpg,0,,test-6180.jpg,6,+ - 20a.jpg,+,train-14096.jpg,1,,test-6258.jpg,6,+ - 37c.jpg,+,train-2546.jpg,2,,test-6580.jpg,6,+ - 102.jpg,+,train-34208.jpg,3,,test-6412.jpg,6,+ - 69.jpg,+,validation-4523.jpg,4,,test-6735.jpg,6,+ - 38o.jpg,+,train-5882.jpg,5,,test-6335.jpg,6,+ - 52o.jpg,+,validation-6713.jpg,6,,test-6658.jpg,6,+ - 21b.jpg,+,validation-7395.jpg,7,,test-6490.jpg,6,+ - 84a.jpg,+,train-84358.jpg,8,,test-6812.jpg,6,+ - 54.jpg,+,validation-9393.jpg,9
test-6103.jpg,6,+ - 101.jpg,+,train-04232.jpg,0,,test-6181.jpg,6,+ - 20b.jpg,+,train-14097.jpg,1,,test-6259.jpg,6,+ - 37o.jpg,+,train-2547.jpg,2,,test-6581.jpg,6,+ - 102a.jpg,+,train-34209.jpg,3,,test-6413.jpg,6,+ - 69a.jpg,+,validation-4524.jpg,4,,test-6736.jpg,6,+ - 39.jpg,+,train-5883.jpg,5,,test-6336.jpg,6,+ - 53.jpg,+,validation-6714.jpg,6,,test-6659.jpg,6,+ - 21c.jpg,+,validation-7396.jpg,7,,test-6491.jpg,6,+ - 84b.jpg,+,train-84359.jpg,8,,test-6813.jpg,6,+ - 54a.jpg,+,validation-9394.jpg,9
test-6104.jpg,6,+ - 101a.jpg,+,train-04233.jpg,0,,test-6182.jpg,6,+ - 20c.jpg,+,train-14098.jpg,1,,test-626.jpg,6,+ - 38.jpg,+,train-2548.jpg,2,,test-6582.jpg,6,+ - 102b.jpg,+,train-3421.jpg,3,,test-6414.jpg,6,+ - 69b.jpg,+,validation-4525.jpg,4,,test-6737.jpg,6,+ - 39a.jpg,+,train-5884.jpg,5,,test-6337.jpg,6,+ - 53a.jpg,+,validation-6715.jpg,6,,test-666.jpg,6,+ - 21o.jpg,+,validation-7397.jpg,7,,test-6492.jpg,6,+ - 84c.jpg,+,train-8436.jpg,8,,test-6814.jpg,6,+ - 54b.jpg,+,validation-9395.jpg,9
test-6105.jpg,6,+ - 101b.jpg,+,train-04234.jpg,0,,test-6183.jpg,6,+ - 20o.jpg,+,train-14099.jpg,1,,test-6260.jpg,6,+ - 38a.jpg,+,train-2549.jpg,2,,test-6583.jpg,6,+ - 102c.jpg,+,train-34210.jpg,3,,test-6415.jpg,6,+ - 69c.jpg,+,validation-4526.jpg,4,,test-6738.jpg,6,+ - 39b.jpg,+,train-5885.jpg,5,,test-6338.jpg,6,+ - 53b.jpg,+,validation-6716.jpg,6,,test-6660.jpg,6,+ - 22.jpg,+,validation-7398.jpg,7,,test-6493.jpg,6,+ - 84o.jpg,+,train-84360.jpg,8,,test-6815.jpg,6,+ - 54c.jpg,+,validation-9396.jpg,9
test-6106.jpg,6,+ - 101c.jpg,+,train-04235.jpg,0,,test-6184.jpg,6,+ - 21.jpg,+,train-141.jpg,1,,test-6261.jpg,6,+ - 38b.jpg,+,train-255.jpg,2,,test-6584.jpg,6,+ - 102o.jpg,+,train-34211.jpg,3,,test-6416.jpg,6,+ - 69o.jpg,+,validation-4527.jpg,4,,test-6739.jpg,6,+ - 39c.jpg,+,train-5886.jpg,5,,test-6339.jpg,6,+ - 53c.jpg,+,validation-6717.jpg,6,,test-6661.jpg,6,+ - 22a.jpg,+,validation-7399.jpg,7,,test-6494.jpg,6,+ - 85.jpg,+,train-84361.jpg,8,,test-6816.jpg,6,+ - 54o.jpg,+,validation-9397.jpg,9
test-6107.jpg,6,+ - 101o.jpg,+,train-04236.jpg,0,,test-6185.jpg,6,+ - 21a.jpg,+,train-1410.jpg,1,,test-6262.jpg,6,+ - 38c.jpg,+,train-2550.jpg,2,,test-6585.jpg,6,+ - 103.jpg,+,train-34212.jpg,3,,test-6417.jpg,6,+ - 6a.jpg,+,validation-4528.jpg,4,,test-674.jpg,6,+ - 39o.jpg,+,train-5887.jpg,5,,test-634.jpg,6,+ - 53o.jpg,+,validation-6718.jpg,6,,test-6662.jpg,6,+ - 22b.jpg,+,validation-74.jpg,7,,test-6495.jpg,6,+ - 85a.jpg,+,train-84362.jpg,8,,test-6817.jpg,6,+ - 55.jpg,+,validation-9398.jpg,9
test-6108.jpg,6,+ - 102.jpg,+,train-04237.jpg,0,,test-6186.jpg,6,+ - 21b.jpg,+,train-14100.jpg,1,,test-6263.jpg,6,+ - 38o.jpg,+,train-2551.jpg,2,,test-6586.jpg,6,+ - 103a.jpg,+,train-34213.jpg,3,,test-6418.jpg,6,+ - 6b.jpg,+,validation-4529.jpg,4,,test-6740.jpg,6,+ - 3a.jpg,+,train-5888.jpg,5,,test-6340.jpg,6,+ - 54.jpg,+,validation-6719.jpg,6,,test-6663.jpg,6,+ - 22c.jpg,+,validation-740.jpg,7,,test-6496.jpg,6,+ - 85b.jpg,+,train-84363.jpg,8,,test-6818.jpg,6,+ - 55a.jpg,+,validation-9399.jpg,9
test-6109.jpg,6,+ - 102a.jpg,+,train-04238.jpg,0,,test-6187.jpg,6,+ - 21c.jpg,+,train-14101.jpg,1,,test-6264.jpg,6,+ - 39.jpg,+,train-2552.jpg,2,,test-6587.jpg,6,+ - 103b.jpg,+,train-34214.jpg,3,,test-6419.jpg,6,+ - 6c.jpg,+,validation-453.jpg,4,,test-6741.jpg,6,+ - 3b.jpg,+,train-5889.jpg,5,,test-6341.jpg,6,+ - 54a.jpg,+,validation-672.jpg,6,,test-6664.jpg,6,+ - 22o.jpg,+,validation-7400.jpg,7,,test-6497.jpg,6,+ - 85c.jpg,+,train-84364.jpg,8,,test-6819.jpg,6,+ - 55b.jpg,+,validation-94.jpg,9
test-611.jpg,6,+ - 102b.jpg,+,train-04239.jpg,0,,test-6188.jpg,6,+ - 21o.jpg,+,train-14102.jpg,1,,test-6265.jpg,6,+ - 39a.jpg,+,train-2553.jpg,2,,test-6588.jpg,6,+ - 103c.jpg,+,train-34215.jpg,3,,test-642.jpg,6,+ - 6o.jpg,+,validation-4530.jpg,4,,test-6742.jpg,6,+ - 3c.jpg,+,train-589.jpg,5,,test-6342.jpg,6,+ - 54b.jpg,+,validation-6720.jpg,6,,test-6665.jpg,6,+ - 23.jpg,+,validation-7401.jpg,7,,test-6498.jpg,6,+ - 85o.jpg,+,train-84365.jpg,8,,test-682.jpg,6,+ - 55c.jpg,+,validation-940.jpg,9
test-6110.jpg,6,+ - 102c.jpg,+,train-0424.jpg,0,,test-6189.jpg,6,+ - 22.jpg,+,train-14103.jpg,1,,test-6266.jpg,6,+ - 39b.jpg,+,train-2554.jpg,2,,test-6589.jpg,6,+ - 103o.jpg,+,train-34216.jpg,3,,test-6420.jpg,6,+ - 7.jpg,+,validation-4531.jpg,4,,test-6743.jpg,6,+ - 3o.jpg,+,train-5890.jpg,5,,test-6343.jpg,6,+ - 54c.jpg,+,validation-6721.jpg,6,,test-6666.jpg,6,+ - 23a.jpg,+,validation-7402.jpg,7,,test-6499.jpg,6,+ - 86.jpg,+,train-84366.jpg,8,,test-6820.jpg,6,+ - 55o.jpg,+,validation-9400.jpg,9
test-6111.jpg,6,+ - 102o.jpg,+,train-04240.jpg,0,,test-619.jpg,6,+ - 22a.jpg,+,train-14104.jpg,1,,test-6267.jpg,6,+ - 39c.jpg,+,train-2555.jpg,2,,test-659.jpg,6,+ - 104.jpg,+,train-34217.jpg,3,,test-6421.jpg,6,+ - 70.jpg,+,validation-4532.jpg,4,,test-6744.jpg,6,+ - 4.jpg,+,train-5891.jpg,5,,test-6344.jpg,6,+ - 54o.jpg,+,validation-6722.jpg,6,,test-6667.jpg,6,+ - 23b.jpg,+,validation-7403.jpg,7,,test-65.jpg,6,+ - 86a.jpg,+,train-84367.jpg,8,,test-6821.jpg,6,+ - 56.jpg,+,validation-9401.jpg,9
test-6112.jpg,6,+ - 103.jpg,+,train-04241.jpg,0,,test-6190.jpg,6,+ - 22b.jpg,+,train-14105.jpg,1,,test-6268.jpg,6,+ - 39o.jpg,+,train-2556.jpg,2,,test-6590.jpg,6,+ - 104a.jpg,+,train-34218.jpg,3,,test-6422.jpg,6,+ - 70a.jpg,+,validation-4533.jpg,4,,test-6745.jpg,6,+ - 40.jpg,+,train-5892.jpg,5,,test-6345.jpg,6,+ - 55.jpg,+,validation-6723.jpg,6,,test-6668.jpg,6,+ - 23c.jpg,+,validation-7404.jpg,7,,test-650.jpg,6,+ - 86b.jpg,+,train-84368.jpg,8,,test-6822.jpg,6,+ - 56a.jpg,+,validation-9402.jpg,9
test-6113.jpg,6,+ - 103a.jpg,+,train-04242.jpg,0,,test-6191.jpg,6,+ - 22c.jpg,+,train-14106.jpg,1,,test-6269.jpg,6,+ - 3a.jpg,+,train-2557.jpg,2,,test-6591.jpg,6,+ - 104b.jpg,+,train-34219.jpg,3,,test-6423.jpg,6,+ - 70b.jpg,+,validation-4534.jpg,4,,test-6746.jpg,6,+ - 40a.jpg,+,train-5893.jpg,5,,test-6346.jpg,6,+ - 55a.jpg,+,validation-6724.jpg,6,,test-6669.jpg,6,+ - 23o.jpg,+,validation-7405.jpg,7,,test-6500.jpg,6,+ - 86c.jpg,+,train-84369.jpg,8,,test-6823.jpg,6,+ - 56b.jpg,+,validation-9403.jpg,9
test-6114.jpg,6,+ - 103b.jpg,+,train-04243.jpg,0,,test-6192.jpg,6,+ - 22o.jpg,+,train-14107.jpg,1,,test-627.jpg,6,+ - 3b.jpg,+,train-2558.jpg,2,,test-6592.jpg,6,+ - 104c.jpg,+,train-3422.jpg,3,,test-6424.jpg,6,+ - 70c.jpg,+,validation-4535.jpg,4,,test-6747.jpg,6,+ - 40b.jpg,+,train-5894.jpg,5,,test-6347.jpg,6,+ - 55b.jpg,+,validation-6725.jpg,6,,test-667.jpg,6,+ - 24.jpg,+,validation-7406.jpg,7,,test-6501.jpg,6,+ - 86o.jpg,+,train-8437.jpg,8,,test-6824.jpg,6,+ - 56c.jpg,+,validation-9404.jpg,9
test-6115.jpg,6,+ - 103c.jpg,+,train-04244.jpg,0,,test-6193.jpg,6,+ - 23.jpg,+,train-14108.jpg,1,,test-6270.jpg,6,+ - 3c.jpg,+,train-2559.jpg,2,,test-6593.jpg,6,+ - 104o.jpg,+,train-34220.jpg,3,,test-6425.jpg,6,+ - 70o.jpg,+,validation-4536.jpg,4,,test-6748.jpg,6,+ - 40c.jpg,+,train-5895.jpg,5,,test-6348.jpg,6,+ - 55c.jpg,+,validation-6726.jpg,6,,test-6670.jpg,6,+ - 24a.jpg,+,validation-7407.jpg,7,,test-6502.jpg,6,+ - 87.jpg,+,train-84370.jpg,8,,test-6825.jpg,6,+ - 56o.jpg,+,validation-9405.jpg,9
test-6116.jpg,6,+ - 103o.jpg,+,train-04245.jpg,0,,test-6194.jpg,6,+ - 23a.jpg,+,train-14109.jpg,1,,test-6271.jpg,6,+ - 3o.jpg,+,train-256.jpg,2,,test-6594.jpg,6,+ - 105.jpg,+,train-34221.jpg,3,,test-6426.jpg,6,+ - 71.jpg,+,validation-4537.jpg,4,,test-6749.jpg,6,+ - 40o.jpg,+,train-5896.jpg,5,,test-6349.jpg,6,+ - 55o.jpg,+,validation-6727.jpg,6,,test-6671.jpg,6,+ - 24b.jpg,+,validation-7408.jpg,7,,test-6503.jpg,6,+ - 87a.jpg,+,train-84371.jpg,8,,test-6826.jpg,6,+ - 57.jpg,+,validation-9406.jpg,9
test-6117.jpg,6,+ - 104.jpg,+,train-04246.jpg,0,,test-6195.jpg,6,+ - 23b.jpg,+,train-1411.jpg,1,,test-6272.jpg,6,+ - 4.jpg,+,train-2560.jpg,2,,test-6595.jpg,6,+ - 105a.jpg,+,train-34222.jpg,3,,test-6427.jpg,6,+ - 71a.jpg,+,validation-4538.jpg,4,,test-675.jpg,6,+ - 41.jpg,+,train-5897.jpg,5,,test-635.jpg,6,+ - 56.jpg,+,validation-6728.jpg,6,,test-6672.jpg,6,+ - 24c.jpg,+,validation-7409.jpg,7,,test-6504.jpg,6,+ - 87b.jpg,+,train-84372.jpg,8,,test-6827.jpg,6,+ - 57a.jpg,+,validation-9407.jpg,9
test-6118.jpg,6,+ - 104a.jpg,+,train-04247.jpg,0,,test-6196.jpg,6,+ - 23c.jpg,+,train-14110.jpg,1,,test-6273.jpg,6,+ - 40.jpg,+,train-2561.jpg,2,,test-6596.jpg,6,+ - 105b.jpg,+,train-34223.jpg,3,,test-6428.jpg,6,+ - 71b.jpg,+,validation-4539.jpg,4,,test-6750.jpg,6,+ - 41a.jpg,+,train-5898.jpg,5,,test-6350.jpg,6,+ - 56a.jpg,+,validation-6729.jpg,6,,test-6673.jpg,6,+ - 24o.jpg,+,validation-741.jpg,7,,test-6505.jpg,6,+ - 87c.jpg,+,train-84373.jpg,8,,test-6828.jpg,6,+ - 57b.jpg,+,validation-9408.jpg,9
test-6119.jpg,6,+ - 104b.jpg,+,train-04248.jpg,0,,test-6197.jpg,6,+ - 23o.jpg,+,train-14111.jpg,1,,test-6274.jpg,6,+ - 40a.jpg,+,train-2562.jpg,2,,test-6597.jpg,6,+ - 105c.jpg,+,train-34224.jpg,3,,test-6429.jpg,6,+ - 71c.jpg,+,validation-454.jpg,4,,test-6751.jpg,6,+ - 41b.jpg,+,train-5899.jpg,5,,test-6351.jpg,6,+ - 56b.jpg,+,validation-673.jpg,6,,test-6674.jpg,6,+ - 25.jpg,+,validation-7410.jpg,7,,test-6506.jpg,6,+ - 87o.jpg,+,train-84374.jpg,8,,test-6829.jpg,6,+ - 57c.jpg,+,validation-9409.jpg,9
test-612.jpg,6,+ - 104c.jpg,+,train-04249.jpg,0,,test-6198.jpg,6,+ - 24.jpg,+,train-14112.jpg,1,,test-6275.jpg,6,+ - 40b.jpg,+,train-2563.jpg,2,,test-6598.jpg,6,+ - 105o.jpg,+,train-34225.jpg,3,,test-643.jpg,6,+ - 71o.jpg,+,validation-4540.jpg,4,,test-6752.jpg,6,+ - 41c.jpg,+,train-59.jpg,5,,test-6352.jpg,6,+ - 56c.jpg,+,validation-6730.jpg,6,,test-6675.jpg,6,+ - 25a.jpg,+,validation-7411.jpg,7,,test-6507.jpg,6,+ - 88.jpg,+,train-84375.jpg,8,,test-683.jpg,6,+ - 57o.jpg,+,validation-941.jpg,9
test-6120.jpg,6,+ - 104o.jpg,+,train-0425.jpg,0,,test-6199.jpg,6,+ - 24a.jpg,+,train-14113.jpg,1,,test-6276.jpg,6,+ - 40c.jpg,+,train-2564.jpg,2,,test-6599.jpg,6,+ - 106.jpg,+,train-34226.jpg,3,,test-6430.jpg,6,+ - 72.jpg,+,validation-4541.jpg,4,,test-6753.jpg,6,+ - 41o.jpg,+,train-590.jpg,5,,test-6353.jpg,6,+ - 56o.jpg,+,validation-6731.jpg,6,,test-6676.jpg,6,+ - 25b.jpg,+,validation-7412.jpg,7,,test-6508.jpg,6,+ - 88a.jpg,+,train-84376.jpg,8,,test-6830.jpg,6,+ - 58.jpg,+,validation-9410.jpg,9
test-6121.jpg,6,+ - 105.jpg,+,train-04250.jpg,0,,test-62.jpg,6,+ - 24b.jpg,+,train-14114.jpg,1,,test-6277.jpg,6,+ - 40o.jpg,+,train-2565.jpg,2,,test-66.jpg,6,+ - 106a.jpg,+,train-34227.jpg,3,,test-6431.jpg,6,+ - 72a.jpg,+,validation-4542.jpg,4,,test-6754.jpg,6,+ - 42.jpg,+,train-5900.jpg,5,,test-6354.jpg,6,+ - 57.jpg,+,validation-6732.jpg,6,,test-6677.jpg,6,+ - 25c.jpg,+,validation-7413.jpg,7,,test-6509.jpg,6,+ - 88b.jpg,+,train-84377.jpg,8,,test-6831.jpg,6,+ - 58a.jpg,+,validation-9411.jpg,9
test-6122.jpg,6,+ - 105a.jpg,+,train-04251.jpg,0,,test-620.jpg,6,+ - 24c.jpg,+,train-14115.jpg,1,,test-6278.jpg,6,+ - 41.jpg,+,train-2566.jpg,2,,test-660.jpg,6,+ - 106b.jpg,+,train-34228.jpg,3,,test-6432.jpg,6,+ - 72b.jpg,+,validation-4543.jpg,4,,test-6755.jpg,6,+ - 42a.jpg,+,train-5901.jpg,5,,test-6355.jpg,6,+ - 57a.jpg,+,validation-6733.jpg,6,,test-6678.jpg,6,+ - 25o.jpg,+,validation-7414.jpg,7,,test-651.jpg,6,+ - 88c.jpg,+,train-84378.jpg,8,,test-6832.jpg,6,+ - 58b.jpg,+,validation-9412.jpg,9
test-6123.jpg,6,+ - 105b.jpg,+,train-04252.jpg,0,,test-6200.jpg,6,+ - 24o.jpg,+,train-14116.jpg,1,,test-6279.jpg,6,+ - 41a.jpg,+,train-2567.jpg,2,,test-6600.jpg,6,+ - 106c.jpg,+,train-34229.jpg,3,,test-6433.jpg,6,+ - 72c.jpg,+,validation-4544.jpg,4,,test-6756.jpg,6,+ - 42b.jpg,+,train-5902.jpg,5,,test-6356.jpg,6,+ - 57b.jpg,+,validation-6734.jpg,6,,test-6679.jpg,6,+ - 26.jpg,+,validation-7415.jpg,7,,test-6510.jpg,6,+ - 88o.jpg,+,train-84379.jpg,8,,test-6833.jpg,6,+ - 58c.jpg,+,validation-9413.jpg,9
test-6124.jpg,6,+ - 105c.jpg,+,train-04253.jpg,0,,test-6201.jpg,6,+ - 25.jpg,+,train-14117.jpg,1,,test-628.jpg,6,+ - 41b.jpg,+,train-2568.jpg,2,,test-6601.jpg,6,+ - 106o.jpg,+,train-3423.jpg,3,,test-6434.jpg,6,+ - 72o.jpg,+,validation-4545.jpg,4,,test-6757.jpg,6,+ - 42c.jpg,+,train-5903.jpg,5,,test-6357.jpg,6,+ - 57c.jpg,+,validation-6735.jpg,6,,test-668.jpg,6,+ - 26a.jpg,+,validation-7416.jpg,7,,test-6511.jpg,6,+ - 89.jpg,+,train-8438.jpg,8,,test-6834.jpg,6,+ - 58o.jpg,+,validation-9414.jpg,9
test-6125.jpg,6,+ - 105o.jpg,+,train-04254.jpg,0,,test-6202.jpg,6,+ - 25a.jpg,+,train-14118.jpg,1,,test-6280.jpg,6,+ - 41c.jpg,+,train-2569.jpg,2,,test-6602.jpg,6,+ - 10a.jpg,+,train-34230.jpg,3,,test-6435.jpg,6,+ - 73.jpg,+,validation-4546.jpg,4,,test-6758.jpg,6,+ - 42o.jpg,+,train-5904.jpg,5,,test-6358.jpg,6,+ - 57o.jpg,+,validation-6736.jpg,6,,test-6680.jpg,6,+ - 26b.jpg,+,validation-7417.jpg,7,,test-6512.jpg,6,+ - 89a.jpg,+,train-84380.jpg,8,,test-6835.jpg,6,+ - 59.jpg,+,validation-9415.jpg,9
test-6126.jpg,6,+ - 106.jpg,+,train-04255.jpg,0,,test-6203.jpg,6,+ - 25b.jpg,+,train-14119.jpg,1,,test-6281.jpg,6,+ - 41o.jpg,+,train-257.jpg,2,,test-6603.jpg,6,+ - 10b.jpg,+,train-34231.jpg,3,,test-6436.jpg,6,+ - 73a.jpg,+,validation-4547.jpg,4,,test-6759.jpg,6,+ - 43.jpg,+,train-5905.jpg,5,,test-6359.jpg,6,+ - 58.jpg,+,validation-6737.jpg,6,,test-6681.jpg,6,+ - 26c.jpg,+,validation-7418.jpg,7,,test-6513.jpg,6,+ - 89b.jpg,+,train-84381.jpg,8,,test-6836.jpg,6,+ - 59a.jpg,+,validation-9416.jpg,9
test-6127.jpg,6,+ - 106a.jpg,+,train-04256.jpg,0,,test-6204.jpg,6,+ - 25c.jpg,+,train-1412.jpg,1,,test-6282.jpg,6,+ - 42.jpg,+,train-2570.jpg,2,,test-6604.jpg,6,+ - 10c.jpg,+,train-34232.jpg,3,,test-6437.jpg,6,+ - 73b.jpg,+,validation-4548.jpg,4,,test-676.jpg,6,+ - 43a.jpg,+,train-5906.jpg,5,,test-636.jpg,6,+ - 58a.jpg,+,validation-6738.jpg,6,,test-6682.jpg,6,+ - 26o.jpg,+,validation-7419.jpg,7,,test-6514.jpg,6,+ - 89c.jpg,+,train-84382.jpg,8,,test-6837.jpg,6,+ - 59b.jpg,+,validation-9417.jpg,9
test-6128.jpg,6,+ - 106b.jpg,+,train-04257.jpg,0,,test-6205.jpg,6,+ - 25o.jpg,+,train-14120.jpg,1,,test-6283.jpg,6,+ - 42a.jpg,+,train-2571.jpg,2,,test-6605.jpg,6,+ - 10o.jpg,+,train-34233.jpg,3,,test-6438.jpg,6,+ - 73c.jpg,+,validation-4549.jpg,4,,test-6760.jpg,6,+ - 43b.jpg,+,train-5907.jpg,5,,test-6360.jpg,6,+ - 58b.jpg,+,validation-6739.jpg,6,,test-6683.jpg,6,+ - 27.jpg,+,validation-742.jpg,7,,test-6515.jpg,6,+ - 89o.jpg,+,train-84383.jpg,8,,test-6838.jpg,6,+ - 59c.jpg,+,validation-9418.jpg,9
test-6129.jpg,6,+ - 106c.jpg,+,train-04258.jpg,0,,test-6206.jpg,6,+ - 26.jpg,+,train-14121.jpg,1,,test-6284.jpg,6,+ - 42b.jpg,+,train-2572.jpg,2,,test-6606.jpg,6,+ - 11.jpg,+,train-34234.jpg,3,,test-6439.jpg,6,+ - 73o.jpg,+,validation-455.jpg,4,,test-6761.jpg,6,+ - 43c.jpg,+,train-5908.jpg,5,,test-6361.jpg,6,+ - 58c.jpg,+,validation-674.jpg,6,,test-6684.jpg,6,+ - 27a.jpg,+,validation-7420.jpg,7,,test-6516.jpg,6,+ - 8a.jpg,+,train-84384.jpg,8,,test-6839.jpg,6,+ - 59o.jpg,+,validation-9419.jpg,9
test-613.jpg,6,+ - 106o.jpg,+,train-04259.jpg,0,,test-6207.jpg,6,+ - 26a.jpg,+,train-14122.jpg,1,,test-6285.jpg,6,+ - 42c.jpg,+,train-2573.jpg,2,,test-6607.jpg,6,+ - 11a.jpg,+,train-34235.jpg,3,,test-644.jpg,6,+ - 74.jpg,+,validation-4550.jpg,4,,test-6762.jpg,6,+ - 43o.jpg,+,train-5909.jpg,5,,test-6362.jpg,6,+ - 58o.jpg,+,validation-6740.jpg,6,,test-6685.jpg,6,+ - 27b.jpg,+,validation-7421.jpg,7,,test-6517.jpg,6,+ - 8b.jpg,+,train-84385.jpg,8,,test-684.jpg,6,+ - 5a.jpg,+,validation-942.jpg,9
test-6130.jpg,6,+ - 10a.jpg,+,train-0426.jpg,0,,test-6208.jpg,6,+ - 26b.jpg,+,train-14123.jpg,1,,test-6286.jpg,6,+ - 42o.jpg,+,train-2574.jpg,2,,test-6608.jpg,6,+ - 11b.jpg,+,train-34236.jpg,3,,test-6440.jpg,6,+ - 74a.jpg,+,validation-4551.jpg,4,,test-6763.jpg,6,+ - 44.jpg,+,train-591.jpg,5,,test-6363.jpg,6,+ - 59.jpg,+,validation-6741.jpg,6,,test-6686.jpg,6,+ - 27c.jpg,+,validation-7422.jpg,7,,test-6518.jpg,6,+ - 8c.jpg,+,train-84386.jpg,8,,test-6840.jpg,6,+ - 5b.jpg,+,validation-9420.jpg,9
test-6131.jpg,6,+ - 10b.jpg,+,train-04260.jpg,0,,test-6209.jpg,6,+ - 26c.jpg,+,train-14124.jpg,1,,test-6287.jpg,6,+ - 43.jpg,+,train-2575.jpg,2,,test-6609.jpg,6,+ - 11c.jpg,+,train-34237.jpg,3,,test-6441.jpg,6,+ - 74b.jpg,+,validation-4552.jpg,4,,test-6764.jpg,6,+ - 44a.jpg,+,train-5910.jpg,5,,test-6364.jpg,6,+ - 59a.jpg,+,validation-6742.jpg,6,,test-6687.jpg,6,+ - 27o.jpg,+,validation-7423.jpg,7,,test-6519.jpg,6,+ - 8o.jpg,+,train-84387.jpg,8,,test-6841.jpg,6,+ - 5c.jpg,+,validation-9421.jpg,9
test-6132.jpg,6,+ - 10c.jpg,+,train-04261.jpg,0,,test-621.jpg,6,+ - 26o.jpg,+,train-14125.jpg,1,,test-6288.jpg,6,+ - 43a.jpg,+,train-2576.jpg,2,,test-661.jpg,6,+ - 11o.jpg,+,train-34238.jpg,3,,test-6442.jpg,6,+ - 74c.jpg,+,validation-4553.jpg,4,,test-6765.jpg,6,+ - 44b.jpg,+,train-5911.jpg,5,,test-6365.jpg,6,+ - 59b.jpg,+,validation-6743.jpg,6,,test-6688.jpg,6,+ - 28.jpg,+,validation-7424.jpg,7,,test-652.jpg,6,+ - 9.jpg,+,train-84388.jpg,8,,test-6842.jpg,6,+ - 5o.jpg,+,validation-9422.jpg,9
test-6133.jpg,6,+ - 10o.jpg,+,train-04262.jpg,0,,test-6210.jpg,6,+ - 27.jpg,+,train-14126.jpg,1,,test-6289.jpg,6,+ - 43b.jpg,+,train-2577.jpg,2,,test-6610.jpg,6,+ - 12.jpg,+,train-34239.jpg,3,,test-6443.jpg,6,+ - 74o.jpg,+,validation-4554.jpg,4,,test-6766.jpg,6,+ - 44c.jpg,+,train-5912.jpg,5,,test-6366.jpg,6,+ - 59c.jpg,+,validation-6744.jpg,6,,test-6689.jpg,6,+ - 28a.jpg,+,validation-7425.jpg,7,,test-6520.jpg,6,+ - 90.jpg,+,train-84389.jpg,8,,test-6843.jpg,6,+ - 6.jpg,+,validation-9423.jpg,9
test-6134.jpg,6,+ - 11.jpg,+,train-04263.jpg,0,,test-6211.jpg,6,+ - 27a.jpg,+,train-14127.jpg,1,,test-629.jpg,6,+ - 43c.jpg,+,train-2578.jpg,2,,test-6611.jpg,6,+ - 12a.jpg,+,train-3424.jpg,3,,test-6444.jpg,6,+ - 75.jpg,+,validation-4555.jpg,4,,test-6767.jpg,6,+ - 44o.jpg,+,train-5913.jpg,5,,test-6367.jpg,6,+ - 59o.jpg,+,validation-6745.jpg,6,,test-669.jpg,6,+ - 28b.jpg,+,validation-7426.jpg,7,,test-6521.jpg,6,+ - 90a.jpg,+,train-8439.jpg,8,,test-6844.jpg,6,+ - 60.jpg,+,validation-9424.jpg,9
test-6135.jpg,6,+ - 11a.jpg,+,train-04264.jpg,0,,test-6212.jpg,6,+ - 27b.jpg,+,train-14128.jpg,1,,test-6290.jpg,6,+ - 43o.jpg,+,train-2579.jpg,2,,test-6612.jpg,6,+ - 12b.jpg,+,train-34240.jpg,3,,test-6445.jpg,6,+ - 75a.jpg,+,validation-4556.jpg,4,,test-6768.jpg,6,+ - 45.jpg,+,train-5914.jpg,5,,test-6368.jpg,6,+ - 5a.jpg,+,validation-6746.jpg,6,,test-6690.jpg,6,+ - 28c.jpg,+,validation-7427.jpg,7,,test-6522.jpg,6,+ - 90b.jpg,+,train-84390.jpg,8,,test-6845.jpg,6,+ - 60a.jpg,+,validation-9425.jpg,9
test-6136.jpg,6,+ - 11b.jpg,+,train-04265.jpg,0,,test-6213.jpg,6,+ - 27c.jpg,+,train-14129.jpg,1,,test-6291.jpg,6,+ - 44.jpg,+,train-258.jpg,2,,test-6613.jpg,6,+ - 12c.jpg,+,train-34241.jpg,3,,test-6446.jpg,6,+ - 75b.jpg,+,validation-4557.jpg,4,,test-6769.jpg,6,+ - 45a.jpg,+,train-5915.jpg,5,,test-6369.jpg,6,+ - 5b.jpg,+,validation-6747.jpg,6,,test-6691.jpg,6,+ - 28o.jpg,+,validation-7428.jpg,7,,test-6523.jpg,6,+ - 90c.jpg,+,train-84391.jpg,8,,test-6846.jpg,6,+ - 60b.jpg,+,validation-9426.jpg,9
test-6137.jpg,6,+ - 11c.jpg,+,train-04266.jpg,0,,test-6214.jpg,6,+ - 27o.jpg,+,train-1413.jpg,1,,test-6292.jpg,6,+ - 44a.jpg,+,train-2580.jpg,2,,test-6614.jpg,6,+ - 12o.jpg,+,train-34242.jpg,3,,test-6447.jpg,6,+ - 75c.jpg,+,validation-4558.jpg,4,,test-677.jpg,6,+ - 45b.jpg,+,train-5916.jpg,5,,test-637.jpg,6,+ - 5c.jpg,+,validation-6748.jpg,6,,test-6692.jpg,6,+ - 29.jpg,+,validation-7429.jpg,7,,test-6524.jpg,6,+ - 90o.jpg,+,train-84392.jpg,8,,test-6847.jpg,6,+ - 60c.jpg,+,validation-9427.jpg,9
test-6138.jpg,6,+ - 11o.jpg,+,train-04267.jpg,0,,test-6215.jpg,6,+ - 28.jpg,+,train-14130.jpg,1,,test-6293.jpg,6,+ - 44b.jpg,+,train-2581.jpg,2,,test-6615.jpg,6,+ - 13.jpg,+,train-34243.jpg,3,,test-6448.jpg,6,+ - 75o.jpg,+,validation-4559.jpg,4,,test-6770.jpg,6,+ - 45c.jpg,+,train-5917.jpg,5,,test-6370.jpg,6,+ - 5o.jpg,+,validation-6749.jpg,6,,test-6693.jpg,6,+ - 29a.jpg,+,validation-743.jpg,7,,test-6525.jpg,6,+ - 91.jpg,+,train-84393.jpg,8,,test-6848.jpg,6,+ - 60o.jpg,+,validation-9428.jpg,9
test-6139.jpg,6,+ - 12.jpg,+,train-04268.jpg,0,,test-6216.jpg,6,+ - 28a.jpg,+,train-14131.jpg,1,,test-6294.jpg,6,+ - 44c.jpg,+,train-2582.jpg,2,,test-6616.jpg,6,+ - 13a.jpg,+,train-34244.jpg,3,,test-6449.jpg,6,+ - 76.jpg,+,validation-456.jpg,4,,test-6771.jpg,6,+ - 45o.jpg,+,train-5918.jpg,5,,test-6371.jpg,6,+ - 6.jpg,+,validation-675.jpg,6,,test-6694.jpg,6,+ - 29b.jpg,+,validation-7430.jpg,7,,test-6526.jpg,6,+ - 91a.jpg,+,train-84394.jpg,8,,test-6849.jpg,6,+ - 61.jpg,+,validation-9429.jpg,9
test-614.jpg,6,+ - 12a.jpg,+,train-04269.jpg,0,,test-6217.jpg,6,+ - 28b.jpg,+,train-14132.jpg,1,,test-6295.jpg,6,+ - 44o.jpg,+,train-2583.jpg,2,,test-6617.jpg,6,+ - 13b.jpg,+,train-34245.jpg,3,,test-645.jpg,6,+ - 76a.jpg,+,validation-4560.jpg,4,,test-6772.jpg,6,+ - 46.jpg,+,train-5919.jpg,5,,test-6372.jpg,6,+ - 60.jpg,+,validation-6750.jpg,6,,test-6695.jpg,6,+ - 29c.jpg,+,validation-7431.jpg,7,,test-6527.jpg,6,+ - 91b.jpg,+,train-84395.jpg,8,,test-685.jpg,6,+ - 61a.jpg,+,validation-943.jpg,9
test-6140.jpg,6,+ - 12b.jpg,+,train-0427.jpg,0,,test-6218.jpg,6,+ - 28c.jpg,+,train-14133.jpg,1,,test-6296.jpg,6,+ - 45.jpg,+,train-2584.jpg,2,,test-6618.jpg,6,+ - 13c.jpg,+,train-34246.jpg,3,,test-6450.jpg,6,+ - 76b.jpg,+,validation-4561.jpg,4,,test-6773.jpg,6,+ - 46a.jpg,+,train-592.jpg,5,,test-6373.jpg,6,+ - 60a.jpg,+,validation-6751.jpg,6,,test-6696.jpg,6,+ - 29o.jpg,+,validation-7432.jpg,7,,test-6528.jpg,6,+ - 91c.jpg,+,train-84396.jpg,8,,test-6850.jpg,6,+ - 61b.jpg,+,validation-9430.jpg,9
test-6141.jpg,6,+ - 12c.jpg,+,train-04270.jpg,0,,test-6219.jpg,6,+ - 28o.jpg,+,train-14134.jpg,1,,test-6297.jpg,6,+ - 45a.jpg,+,train-2585.jpg,2,,test-6619.jpg,6,+ - 13o.jpg,+,train-34247.jpg,3,,test-6451.jpg,6,+ - 76c.jpg,+,validation-4562.jpg,4,,test-6774.jpg,6,+ - 46b.jpg,+,train-5920.jpg,5,,test-6374.jpg,6,+ - 60b.jpg,+,validation-6752.jpg,6,,test-6697.jpg,6,+ - 2a.jpg,+,validation-7433.jpg,7,,test-6529.jpg,6,+ - 91o.jpg,+,train-84397.jpg,8,,test-6851.jpg,6,+ - 61c.jpg,+,validation-9431.jpg,9
test-6142.jpg,6,+ - 12o.jpg,+,train-04271.jpg,0,,test-622.jpg,6,+ - 29.jpg,+,train-14135.jpg,1,,test-6298.jpg,6,+ - 45b.jpg,+,train-2586.jpg,2,,test-662.jpg,6,+ - 14.jpg,+,train-34248.jpg,3,,test-6452.jpg,6,+ - 76o.jpg,+,validation-4563.jpg,4,,test-6775.jpg,6,+ - 46c.jpg,+,train-5921.jpg,5,,test-6375.jpg,6,+ - 60c.jpg,+,validation-6753.jpg,6,,test-6698.jpg,6,+ - 2b.jpg,+,validation-7434.jpg,7,,test-653.jpg,6,+ - 92.jpg,+,train-84398.jpg,8,,test-6852.jpg,6,+ - 61o.jpg,+,validation-9432.jpg,9
test-6143.jpg,6,+ - 13.jpg,+,train-04272.jpg,0,,test-6220.jpg,6,+ - 29a.jpg,+,train-14136.jpg,1,,test-6299.jpg,6,+ - 45c.jpg,+,train-2587.jpg,2,,test-6620.jpg,6,+ - 14a.jpg,+,train-34249.jpg,3,,test-6453.jpg,6,+ - 77.jpg,+,validation-4564.jpg,4,,test-6776.jpg,6,+ - 46o.jpg,+,train-5922.jpg,5,,test-6376.jpg,6,+ - 60o.jpg,+,validation-6754.jpg,6,,test-6699.jpg,6,+ - 2c.jpg,+,validation-7435.jpg,7,,test-6530.jpg,6,+ - 92a.jpg,+,train-84399.jpg,8,,test-6853.jpg,6,+ - 62.jpg,+,validation-9433.jpg,9
test-6144.jpg,6,+ - 13a.jpg,+,train-04273.jpg,0,,test-6221.jpg,6,+ - 29b.jpg,+,train-14137.jpg,1,,test-63.jpg,6,+ - 45o.jpg,+,train-2588.jpg,2,,test-6621.jpg,6,+ - 14b.jpg,+,train-3425.jpg,3,,test-6454.jpg,6,+ - 77a.jpg,+,validation-4565.jpg,4,,test-6777.jpg,6,+ - 47.jpg,+,train-5923.jpg,5,,test-6377.jpg,6,+ - 61.jpg,+,validation-6755.jpg,6,,test-67.jpg,6,+ - 2o.jpg,+,validation-7436.jpg,7,,test-6531.jpg,6,+ - 92b.jpg,+,train-844.jpg,8,,test-6854.jpg,6,+ - 62a.jpg,+,validation-9434.jpg,9
test-6145.jpg,6,+ - 13b.jpg,+,train-04274.jpg,0,,test-6222.jpg,6,+ - 29c.jpg,+,train-14138.jpg,1,,test-630.jpg,6,+ - 46.jpg,+,train-2589.jpg,2,,test-6622.jpg,6,+ - 14c.jpg,+,train-34250.jpg,3,,test-6455.jpg,6,+ - 77b.jpg,+,validation-4566.jpg,4,,test-6778.jpg,6,+ - 47a.jpg,+,train-5924.jpg,5,,test-6378.jpg,6,+ - 61a.jpg,+,validation-6756.jpg,6,,test-670.jpg,6,+ - 3.jpg,+,validation-7437.jpg,7,,test-6532.jpg,6,+ - 92c.jpg,+,train-8440.jpg,8,,test-6855.jpg,6,+ - 62b.jpg,+,validation-9435.jpg,9
test-6146.jpg,6,+ - 13c.jpg,+,train-04275.jpg,0,,test-6223.jpg,6,+ - 29o.jpg,+,train-15676.jpg,1,,test-6300.jpg,6,+ - 46a.jpg,+,train-259.jpg,2,,test-6623.jpg,6,+ - 14o.jpg,+,train-34251.jpg,3,,test-6456.jpg,6,+ - 77c.jpg,+,validation-4567.jpg,4,,test-6779.jpg,6,+ - 47b.jpg,+,train-5925.jpg,5,,test-6379.jpg,6,+ - 61b.jpg,+,validation-6757.jpg,6,,test-6700.jpg,6,+ - 30.jpg,+,validation-7438.jpg,7,,test-6533.jpg,6,+ - 92o.jpg,+,train-84400.jpg,8,,test-6856.jpg,6,+ - 62c.jpg,+,validation-9436.jpg,9
test-6147.jpg,6,+ - 13o.jpg,+,train-04276.jpg,0,,test-6224.jpg,6,+ - 2a.jpg,+,train-1568.jpg,1,,test-6301.jpg,6,+ - 46b.jpg,+,train-2590.jpg,2,,test-6624.jpg,6,+ - 15.jpg,+,train-34252.jpg,3,,test-6457.jpg,6,+ - 77o.jpg,+,validation-4568.jpg,4,,test-678.jpg,6,+ - 47c.jpg,+,train-5926.jpg,5,,test-638.jpg,6,+ - 61c.jpg,+,validation-6758.jpg,6,,test-6701.jpg,6,+ - 30a.jpg,+,validation-7439.jpg,7,,test-6534.jpg,6,+ - 93.jpg,+,train-84401.jpg,8,,test-6857.jpg,6,+ - 62o.jpg,+,validation-9437.jpg,9
test-6148.jpg,6,+ - 14.jpg,+,train-04277.jpg,0,,test-6225.jpg,6,+ - 2b.jpg,+,train-1569.jpg,1,,test-6302.jpg,6,+ - 46c.jpg,+,train-2591.jpg,2,,test-6625.jpg,6,+ - 15a.jpg,+,train-34253.jpg,3,,test-6458.jpg,6,+ - 78.jpg,+,validation-4569.jpg,4,,test-6780.jpg,6,+ - 47o.jpg,+,train-5927.jpg,5,,test-6380.jpg,6,+ - 61o.jpg,+,validation-6759.jpg,6,,test-6702.jpg,6,+ - 30b.jpg,+,validation-744.jpg,7,,test-6535.jpg,6,+ - 93a.jpg,+,train-84402.jpg,8,,test-6858.jpg,6,+ - 63.jpg,+,validation-9438.jpg,9
test-6149.jpg,6,+ - 14a.jpg,+,train-04278.jpg,0,,test-6226.jpg,6,+ - 2c.jpg,+,train-157.jpg,1,,test-6303.jpg,6,+ - 46o.jpg,+,train-2592.jpg,2,,test-6626.jpg,6,+ - 15b.jpg,+,train-34254.jpg,3,,test-6459.jpg,6,+ - 78a.jpg,+,validation-457.jpg,4,,test-6781.jpg,6,+ - 48.jpg,+,train-5928.jpg,5,,test-6381.jpg,6,+ - 62.jpg,+,validation-676.jpg,6,,test-6703.jpg,6,+ - 30c.jpg,+,validation-7440.jpg,7,,test-6536.jpg,6,+ - 93b.jpg,+,train-84403.jpg,8,,test-6859.jpg,6,+ - 63a.jpg,+,validation-9439.jpg,9
test-615.jpg,6,+ - 14b.jpg,+,train-04279.jpg,0,,test-6227.jpg,6,+ - 2o.jpg,+,train-1570.jpg,1,,test-6304.jpg,6,+ - 47.jpg,+,train-2593.jpg,2,,test-6627.jpg,6,+ - 15c.jpg,+,train-34255.jpg,3,,test-646.jpg,6,+ - 78b.jpg,+,validation-4570.jpg,4,,test-6782.jpg,6,+ - 48a.jpg,+,train-5929.jpg,5,,test-6382.jpg,6,+ - 62a.jpg,+,validation-6760.jpg,6,,test-6704.jpg,6,+ - 30o.jpg,+,validation-7441.jpg,7,,test-6537.jpg,6,+ - 93c.jpg,+,train-84404.jpg,8,,test-686.jpg,6,+ - 63b.jpg,+,validation-944.jpg,9
test-6150.jpg,6,+ - 14c.jpg,+,train-0428.jpg,0,,test-6228.jpg,6,+ - 3.jpg,+,train-1571.jpg,1,,test-6305.jpg,6,+ - 47a.jpg,+,train-2594.jpg,2,,test-6628.jpg,6,+ - 15o.jpg,+,train-34256.jpg,3,,test-6460.jpg,6,+ - 78c.jpg,+,validation-4571.jpg,4,,test-6783.jpg,6,+ - 48b.jpg,+,train-593.jpg,5,,test-6383.jpg,6,+ - 62b.jpg,+,validation-6761.jpg,6,,test-6705.jpg,6,+ - 31.jpg,+,validation-7442.jpg,7,,test-6538.jpg,6,+ - 93o.jpg,+,train-84405.jpg,8,,test-6860.jpg,6,+ - 63c.jpg,+,validation-9440.jpg,9
test-6151.jpg,6,+ - 14o.jpg,+,train-04280.jpg,0,,test-6229.jpg,6,+ - 30.jpg,+,train-1572.jpg,1,,test-6306.jpg,6,+ - 47b.jpg,+,train-2595.jpg,2,,test-6629.jpg,6,+ - 16.jpg,+,train-34257.jpg,3,,test-6461.jpg,6,+ - 78o.jpg,+,validation-4572.jpg,4,,test-6784.jpg,6,+ - 48c.jpg,+,validation-5502.jpg,5,,test-6384.jpg,6,+ - 62c.jpg,+,validation-6762.jpg,6,,test-6706.jpg,6,+ - 31a.jpg,+,validation-7443.jpg,7,,test-6539.jpg,6,+ - 94.jpg,+,train-84406.jpg,8,,test-6861.jpg,6,+ - 63o.jpg,+,validation-9441.jpg,9
test-6152.jpg,6,+ - 15.jpg,+,train-04281.jpg,0,,test-623.jpg,6,+ - 30a.jpg,+,train-1573.jpg,1,,test-6307.jpg,6,+ - 47c.jpg,+,train-2596.jpg,2,,test-663.jpg,6,+ - 16a.jpg,+,train-34258.jpg,3,,test-6462.jpg,6,+ - 79.jpg,+,validation-4573.jpg,4,,test-6785.jpg,6,+ - 48o.jpg,+,validation-5503.jpg,5,,test-6385.jpg,6,+ - 62o.jpg,+,validation-6763.jpg,6,,test-6707.jpg,6,+ - 31b.jpg,+,validation-7444.jpg,7,,test-654.jpg,6,+ - 94a.jpg,+,train-84407.jpg,8,,test-6862.jpg,6,+ - 64.jpg,+,validation-9442.jpg,9
test-6153.jpg,6,+ - 15a.jpg,+,train-04282.jpg,0,,test-6230.jpg,6,+ - 30b.jpg,+,train-1574.jpg,1,,test-6308.jpg,6,+ - 47o.jpg,+,train-2597.jpg,2,,test-6630.jpg,6,+ - 16b.jpg,+,train-34259.jpg,3,,test-6463.jpg,6,+ - 79a.jpg,+,validation-4574.jpg,4,,test-6786.jpg,6,+ - 49.jpg,+,validation-5504.jpg,5,,test-6386.jpg,6,+ - 63.jpg,+,validation-6764.jpg,6,,test-6708.jpg,6,+ - 31c.jpg,+,validation-7445.jpg,7,,test-6540.jpg,6,+ - 94b.jpg,+,train-84408.jpg,8,,test-6863.jpg,6,+ - 64a.jpg,+,validation-9443.jpg,9
test-6154.jpg,6,+ - 15b.jpg,+,train-04283.jpg,0,,test-6231.jpg,6,+ - 30c.jpg,+,train-1575.jpg,1,,test-6309.jpg,6,+ - 48.jpg,+,train-2598.jpg,2,,test-6631.jpg,6,+ - 16c.jpg,+,train-3426.jpg,3,,test-6464.jpg,6,+ - 79b.jpg,+,validation-4575.jpg,4,,test-6787.jpg,6,+ - 49a.jpg,+,validation-5505.jpg,5,,test-6387.jpg,6,+ - 63a.jpg,+,validation-6765.jpg,6,,test-6709.jpg,6,+ - 31o.jpg,+,validation-7446.jpg,7,,test-6541.jpg,6,+ - 94c.jpg,+,train-84409.jpg,8,,test-6864.jpg,6,+ - 64b.jpg,+,validation-9444.jpg,9
test-6155.jpg,6,+ - 15c.jpg,+,train-04284.jpg,0,,test-6232.jpg,6,+ - 30o.jpg,+,train-1576.jpg,1,,test-631.jpg,6,+ - 48a.jpg,+,train-2599.jpg,2,,test-6632.jpg,6,+ - 16o.jpg,+,train-34260.jpg,3,,test-6465.jpg,6,+ - 79c.jpg,+,validation-4576.jpg,4,,test-6788.jpg,6,+ - 49b.jpg,+,validation-5506.jpg,5,,test-6388.jpg,6,+ - 63b.jpg,+,validation-6766.jpg,6,,test-671.jpg,6,+ - 32.jpg,+,validation-7447.jpg,7,,test-6542.jpg,6,+ - 94o.jpg,+,train-8441.jpg,8,,test-6865.jpg,6,+ - 64c.jpg,+,validation-9445.jpg,9
test-6156.jpg,6,+ - 15o.jpg,+,train-04285.jpg,0,,test-6233.jpg,6,+ - 31.jpg,+,train-1577.jpg,1,,test-6310.jpg,6,+ - 48b.jpg,+,train-26.jpg,2,,test-6633.jpg,6,+ - 17.jpg,+,train-34261.jpg,3,,test-6466.jpg,6,+ - 79o.jpg,+,validation-4577.jpg,4,,test-6789.jpg,6,+ - 49c.jpg,+,validation-5507.jpg,5,,test-6389.jpg,6,+ - 63c.jpg,+,validation-6767.jpg,6,,test-6710.jpg,6,+ - 32o.jpg,+,validation-7448.jpg,7,,test-6543.jpg,6,+ - 95.jpg,+,train-84410.jpg,8,,test-6866.jpg,6,+ - 64o.jpg,+,validation-9446.jpg,9
test-6157.jpg,6,+ - 16.jpg,+,train-04286.jpg,0,,test-6234.jpg,6,+ - 31a.jpg,+,validation-1985.jpg,1,,test-6311.jpg,6,+ - 48c.jpg,+,train-260.jpg,2,,test-6634.jpg,6,+ - 17a.jpg,+,train-34262.jpg,3,,test-6467.jpg,6,+ - 7a.jpg,+,validation-4578.jpg,4,,test-679.jpg,6,+ - 49o.jpg,+,validation-5508.jpg,5,,test-639.jpg,6,+ - 63o.jpg,+,validation-6768.jpg,6,,test-6711.jpg,6,+ - 33.jpg,+,validation-7449.jpg,7,,test-6544.jpg,6,+ - 95a.jpg,+,train-84411.jpg,8,,test-6867.jpg,6,+ - 65.jpg,+,validation-9447.jpg,9
test-6158.jpg,6,+ - 16a.jpg,+,train-04287.jpg,0,,test-6235.jpg,6,+ - 31b.jpg,+,validation-1986.jpg,1,,test-6312.jpg,6,+ - 48o.jpg,+,train-2600.jpg,2,,test-6635.jpg,6,+ - 17b.jpg,+,train-34263.jpg,3,,test-6468.jpg,6,+ - 7b.jpg,+,validation-4579.jpg,4,,test-6790.jpg,6,+ - 4a.jpg,+,validation-5509.jpg,5,,test-6390.jpg,6,+ - 64.jpg,+,validation-6769.jpg,6,,test-6712.jpg,6,+ - 33a.jpg,+,validation-745.jpg,7,,test-6545.jpg,6,+ - 95b.jpg,+,train-84412.jpg,8,,test-6868.jpg,6,+ - 65a.jpg,+,validation-9448.jpg,9
test-6159.jpg,6,+ - 16b.jpg,+,train-04288.jpg,0,,test-6236.jpg,6,+ - 31c.jpg,+,validation-1987.jpg,1,,test-6313.jpg,6,+ - 49.jpg,+,train-2601.jpg,2,,test-6636.jpg,6,+ - 17c.jpg,+,train-34264.jpg,3,,test-6469.jpg,6,+ - 7c.jpg,+,validation-458.jpg,4,,test-6791.jpg,6,+ - 4b.jpg,+,validation-551.jpg,5,,test-6391.jpg,6,+ - 64a.jpg,+,validation-677.jpg,6,,test-6713.jpg,6,+ - 33b.jpg,+,validation-7450.jpg,7,,test-6546.jpg,6,+ - 95c.jpg,+,train-84413.jpg,8,,test-6869.jpg,6,+ - 65b.jpg,+,validation-9449.jpg,9
test-616.jpg,6,+ - 16c.jpg,+,train-04289.jpg,0,,test-6237.jpg,6,+ - 31o.jpg,+,validation-1988.jpg,1,,test-6314.jpg,6,+ - 49a.jpg,+,train-2602.jpg,2,,test-6637.jpg,6,+ - 17o.jpg,+,train-34265.jpg,3,,test-647.jpg,6,+ - 7o.jpg,+,validation-4580.jpg,4,,test-6792.jpg,6,+ - 4c.jpg,+,validation-5510.jpg,5,,test-6392.jpg,6,+ - 64b.jpg,+,validation-6770.jpg,6,,test-6714.jpg,6,+ - 33c.jpg,+,validation-7451.jpg,7,,test-6547.jpg,6,+ - 95o.jpg,+,train-84414.jpg,8,,test-687.jpg,6,+ - 65c.jpg,+,validation-945.jpg,9
test-6160.jpg,6,+ - 16o.jpg,+,train-0429.jpg,0,,test-6238.jpg,6,+ - 32.jpg,+,validation-1989.jpg,1,,test-6315.jpg,6,+ - 49b.jpg,+,train-2603.jpg,2,,test-6638.jpg,6,+ - 18.jpg,+,train-34266.jpg,3,,test-6470.jpg,6,+ - 8.jpg,+,validation-4581.jpg,4,,test-6793.jpg,6,+ - 4o.jpg,+,validation-5511.jpg,5,,test-6393.jpg,6,+ - 64c.jpg,+,validation-6771.jpg,6,,test-6715.jpg,6,+ - 33o.jpg,+,validation-7452.jpg,7,,test-6548.jpg,6,+ - 96.jpg,+,train-84415.jpg,8,,test-6870.jpg,6,+ - 65o.jpg,+,validation-9450.jpg,9
test-6161.jpg,6,+ - 17.jpg,+,train-04290.jpg,0,,test-6239.jpg,6,+ - 32o.jpg,+,validation-199.jpg,1,,test-6316.jpg,6,+ - 49c.jpg,+,train-24871.jpg,2,,test-6639.jpg,6,+ - 18a.jpg,+,train-34267.jpg,3,,test-6471.jpg,6,+ - 80.jpg,+,validation-4582.jpg,4,,test-6794.jpg,6,+ - 5.jpg,+,validation-5512.jpg,5,,test-6394.jpg,6,+ - 64o.jpg,+,validation-6772.jpg,6,,test-6716.jpg,6,+ - 34.jpg,+,validation-7453.jpg,7,,test-6549.jpg,6,+ - 96a.jpg,+,train-84416.jpg,8,,test-6871.jpg,6,+ - 66.jpg,+,validation-9451.jpg,9
test-6162.jpg,6,+ - 17a.jpg,+,train-04291.jpg,0,,test-624.jpg,6,+ - 33.jpg,+,validation-1990.jpg,1,,test-6317.jpg,6,+ - 49o.jpg,+,train-24872.jpg,2,,test-664.jpg,6,+ - 18b.jpg,+,train-34268.jpg,3,,test-6472.jpg,6,+ - 80a.jpg,+,validation-4583.jpg,4,,test-6795.jpg,6,+ - 50.jpg,+,validation-5513.jpg,5,,test-6395.jpg,6,+ - 65.jpg,+,validation-6773.jpg,6,,test-6717.jpg,6,+ - 34a.jpg,+,validation-7454.jpg,7,,test-655.jpg,6,+ - 96b.jpg,+,train-84417.jpg,8,,test-6562.jpg,6,+ - 99a.jpg,+,validation-9452.jpg,9
test-6163.jpg,6,+ - 17b.jpg,+,train-04292.jpg,0,,test-6240.jpg,6,+ - 33a.jpg,+,validation-1991.jpg,1,,test-6318.jpg,6,+ - 4a.jpg,+,train-24873.jpg,2,,test-6640.jpg,6,+ - 18c.jpg,+,train-34269.jpg,3,,test-6473.jpg,6,+ - 80b.jpg,+,validation-4584.jpg,4,,test-6796.jpg,6,+ - 50a.jpg,+,validation-5514.jpg,5,,test-6396.jpg,6,+ - 65a.jpg,+,validation-6774.jpg,6,,test-6718.jpg,6,+ - 34b.jpg,+,validation-7455.jpg,7,,test-6550.jpg,6,+ - 96c.jpg,+,train-84272.jpg,8,,test-6563.jpg,6,+ - 99b.jpg,+,validation-9453.jpg,9
test-6164.jpg,6,+ - 17c.jpg,+,train-04293.jpg,0,,test-6241.jpg,6,+ - 33b.jpg,+,validation-1992.jpg,1,,test-6319.jpg,6,+ - 4b.jpg,+,train-24874.jpg,2,,test-6641.jpg,6,+ - 18o.jpg,+,train-3427.jpg,3,,test-6474.jpg,6,+ - 80c.jpg,+,validation-4585.jpg,4,,test-6797.jpg,6,+ - 50b.jpg,+,validation-5515.jpg,5,,test-6397.jpg,6,+ - 65b.jpg,+,validation-6775.jpg,6,,test-6719.jpg,6,+ - 34c.jpg,+,validation-7456.jpg,7,,test-6551.jpg,6,+ - 96o.jpg,+,train-84273.jpg,8,,test-6564.jpg,6,+ - 99c.jpg,+,validation-9454.jpg,9
test-6165.jpg,6,+ - 17o.jpg,+,train-04294.jpg,0,,test-6242.jpg,6,+ - 33c.jpg,+,validation-1993.jpg,1,,test-632.jpg,6,+ - 4c.jpg,+,train-24875.jpg,2,,test-6642.jpg,6,+ - 19.jpg,+,train-34270.jpg,3,,test-6475.jpg,6,+ - 80o.jpg,+,validation-4586.jpg,4,,test-6798.jpg,6,+ - 50c.jpg,+,validation-5516.jpg,5,,test-6398.jpg,6,+ - 65c.jpg,+,validation-6776.jpg,6,,test-672.jpg,6,+ - 34o.jpg,+,validation-7457.jpg,7,,test-6552.jpg,6,+ - 97.jpg,+,train-84274.jpg,8,,test-6565.jpg,6,+ - 99o.jpg,+,validation-9455.jpg,9
test-6166.jpg,6,+ - 18.jpg,+,train-04295.jpg,0,,test-6243.jpg,6,+ - 33o.jpg,+,validation-1994.jpg,1,,test-6320.jpg,6,+ - 4o.jpg,+,train-24876.jpg,2,,test-6643.jpg,6,+ - 19a.jpg,+,train-34271.jpg,3,,test-6476.jpg,6,+ - 81.jpg,+,validation-4587.jpg,4,,test-6799.jpg,6,+ - 50o.jpg,+,validation-5517.jpg,5,,test-6399.jpg,6,+ - 65o.jpg,+,validation-6777.jpg,6,,test-6720.jpg,6,+ - 35.jpg,+,validation-7458.jpg,7,,test-6553.jpg,6,+ - 97a.jpg,+,train-84805.jpg,8,,test-6566.jpg,6,+ - 9a.jpg,+,validation-9456.jpg,9
test-6167.jpg,6,+ - 18a.jpg,+,train-04296.jpg,0,,test-6244.jpg,6,+ - 34.jpg,+,validation-1995.jpg,1,,test-6321.jpg,6,+ - 5.jpg,+,train-24877.jpg,2,,test-6644.jpg,6,+ - 19b.jpg,+,train-34272.jpg,3,,test-6477.jpg,6,+ - 81a.jpg,+,validation-4588.jpg,4,,test-68.jpg,6,+ - 51.jpg,+,validation-5518.jpg,5,,test-64.jpg,6,+ - 66.jpg,+,validation-6778.jpg,6,,test-6721.jpg,6,+ - 35a.jpg,+,validation-7459.jpg,7,,test-6554.jpg,6,+ - 97b.jpg,+,train-84806.jpg,8,,test-6567.jpg,6,+ - 9b.jpg,+,validation-9457.jpg,9
test-6168.jpg,6,+ - 18b.jpg,+,train-04297.jpg,0,,test-6245.jpg,6,+ - 34a.jpg,+,validation-1996.jpg,1,,test-6322.jpg,6,+ - 50.jpg,+,train-24878.jpg,2,,test-6645.jpg,6,+ - 19c.jpg,+,train-34273.jpg,3,,test-6478.jpg,6,+ - 81b.jpg,+,validation-4589.jpg,4,,test-680.jpg,6,+ - 51a.jpg,+,validation-5519.jpg,5,,test-640.jpg,6,+ - 66a.jpg,+,validation-6779.jpg,6,,test-6722.jpg,6,+ - 35b.jpg,+,validation-746.jpg,7,,test-6555.jpg,6,+ - 97c.jpg,+,train-84807.jpg,8,,test-6568.jpg,6,+ - 9c.jpg,+,validation-9458.jpg,9
test-6169.jpg,6,+ - 18c.jpg,+,train-04298.jpg,0,,test-6246.jpg,6,+ - 34b.jpg,+,validation-1997.jpg,1,,test-6323.jpg,6,+ - 50a.jpg,+,train-24879.jpg,2,,test-6646.jpg,6,+ - 19o.jpg,+,train-34274.jpg,3,,test-6479.jpg,6,+ - 81c.jpg,+,validation-459.jpg,4,,test-6800.jpg,6,+ - 51b.jpg,+,validation-552.jpg,5,,test-6400.jpg,6,+ - 66b.jpg,+,validation-678.jpg,6,,test-6723.jpg,6,+ - 35c.jpg,+,validation-7460.jpg,7,,test-6556.jpg,6,+ - 97o.jpg,+,train-84808.jpg,8,,test-6569.jpg,6,+ - 9o.jpg,+,validation-9459.jpg,9
test-617.jpg,6,+ - 18o.jpg,+,train-04299.jpg,0,,test-6247.jpg,6,+ - 34c.jpg,+,validation-1998.jpg,1,,test-6324.jpg,6,+ - 50b.jpg,+,train-2488.jpg,2,,test-6647.jpg,6,+ - 1a.jpg,+,train-34275.jpg,3,,test-648.jpg,6,+ - 81o.jpg,+,validation-4590.jpg,4,,test-6801.jpg,6,+ - 51c.jpg,+,validation-5520.jpg,5,,test-6401.jpg,6,+ - 66c.jpg,+,validation-6780.jpg,6,,test-6724.jpg,6,+ - 35o.jpg,+,validation-7461.jpg,7,,test-6557.jpg,6,+ - 98.jpg,+,train-84809.jpg,8,,test-657.jpg,6,+ - 1.jpg,+,validation-946.jpg,9
test-6170.jpg,6,+ - 19.jpg,+,train-043.jpg,0,,test-6248.jpg,6,+ - 34o.jpg,+,validation-1999.jpg,1,,test-6325.jpg,6,+ - 50c.jpg,+,train-24880.jpg,2,,test-6648.jpg,6,+ - 1b.jpg,+,train-34276.jpg,3,,test-6480.jpg,6,+ - 82.jpg,+,validation-4591.jpg,4,,test-6802.jpg,6,+ - 51o.jpg,+,validation-5521.jpg,5,,test-6402.jpg,6,+ - 66o.jpg,+,validation-6781.jpg,6,,test-6725.jpg,6,+ - 36.jpg,+,validation-7462.jpg,7,,test-6558.jpg,6,+ - 98a.jpg,+,train-8481.jpg,8,,test-6570.jpg,6,+ - 10.jpg,+,validation-9460.jpg,9
test-6171.jpg,6,+ - 19a.jpg,+,train-0430.jpg,0,,test-6249.jpg,6,+ - 35.jpg,+,validation-1982.jpg,1,,test-6326.jpg,6,+ - 50o.jpg,+,train-24881.jpg,2,,test-6649.jpg,6,+ - 1c.jpg,+,train-34277.jpg,3,,test-6481.jpg,6,+ - 82a.jpg,+,validation-4592.jpg,4,,test-6803.jpg,6,+ - 52.jpg,+,validation-5522.jpg,5,,test-6403.jpg,6,+ - 67.jpg,+,validation-6782.jpg,6,,test-6726.jpg,6,+ - 36o.jpg,+,validation-7463.jpg,7,,test-6559.jpg,6,+ - 98b.jpg,+,train-84810.jpg,8,,test-6571.jpg,6,+ - 100.jpg,+,validation-9461.jpg,9
test-6172.jpg,6,+ - 19b.jpg,+,train-04300.jpg,0,,test-625.jpg,6,+ - 35a.jpg,+,validation-1983.jpg,1,,test-6327.jpg,6,+ - 51.jpg,+,train-24882.jpg,2,,test-665.jpg,6,+ - 1o.jpg,+,train-34278.jpg,3,,test-6482.jpg,6,+ - 82b.jpg,+,validation-4593.jpg,4,,test-6804.jpg,6,+ - 52a.jpg,+,validation-5523.jpg,5,,test-6404.jpg,6,+ - 67a.jpg,+,validation-6783.jpg,6,,test-6727.jpg,6,+ - 37.jpg,+,validation-7464.jpg,7,,test-656.jpg,6,+ - 98c.jpg,+,train-84811.jpg,8,,test-6572.jpg,6,+ - 100a.jpg,+,validation-9922.jpg,9
test-6173.jpg,6,+ - 19c.jpg,+,train-04301.jpg,0,,test-6250.jpg,6,+ - 35b.jpg,+,validation-1984.jpg,1,,test-6328.jpg,6,+ - 51a.jpg,+,train-24883.jpg,2,,test-6650.jpg,6,+ - 2.jpg,+,train-34279.jpg,3,,test-6483.jpg,6,+ - 82c.jpg,+,validation-4594.jpg,4,,test-6805.jpg,6,+ - 52b.jpg,+,validation-5524.jpg,5,,test-6405.jpg,6,+ - 67b.jpg,+,validation-6784.jpg,6,,test-6728.jpg,6,+ - 37a.jpg,+,validation-7465.jpg,7,,test-6560.jpg,6,+ - 98o.jpg,+,train-84812.jpg,8,,test-6573.jpg,6,+ - 100b.jpg,+,validation-9929.jpg,9
test-6174.jpg,6,+ - 19o.jpg,+,train-04302.jpg,0,,test-6251.jpg,6,+ - 35c.jpg,+,validation-1981.jpg,1,,test-6329.jpg,6,+ - 51b.jpg,+,train-24884.jpg,2,,test-6651.jpg,6,+ - 20.jpg,+,train-3428.jpg,3,,test-6484.jpg,6,+ - 82o.jpg,+,validation-4595.jpg,4,,test-6806.jpg,6,+ - 52c.jpg,+,validation-5525.jpg,5,,test-6406.jpg,6,+ - 67c.jpg,+,validation-6785.jpg,6,,test-6729.jpg,6,+ - 37b.jpg,+,validation-7466.jpg,7,,test-6561.jpg,6,+ - 99.jpg,+,train-84804.jpg,8,,test-6574.jpg,6,+ - 100c.jpg,+,validation-9950.jpg,9