6x0,,,,,,,6x1,,,,,,,6x2,,,,,,,6x3,,,,,,,6x4,,,,,,,6x5,,,,,,,6x6,,,,,,,6x7,,,,,,,6x8,,,,,,,6x9,,,,,
train-61689.jpg,6,x - 1.jpg,x,validation-0115.jpg,0,,train-61766.jpg,6,x - 15.jpg,x,validation-1243.jpg,1,,train-61843.jpg,6,x - 35.jpg,x,train-24471.jpg,2,,train-62173.jpg,6,x - 150.jpg,x,train-35097.jpg,3,,train-61997.jpg,6,x - 74a.jpg,x,validation-4306.jpg,4,,train-62326.jpg,6,x - 54b.jpg,x,validation-5196.jpg,5,,train-6193.jpg,6,x - 57a.jpg,x,validation-6356.jpg,6,,train-6226.jpg,6,x - 37b.jpg,x,validation-71019.jpg,7,,train-62082.jpg,6,x - 97.jpg,x,train-8577.jpg,8,,train-62412.jpg,6,x - 770.jpg,x,train-9988.jpg,9
train-6169.jpg,6,x - 10.jpg,x,validation-0116.jpg,0,,train-61767.jpg,6,x - 150.jpg,x,validation-1244.jpg,1,,train-61844.jpg,6,x - 350.jpg,x,train-24472.jpg,2,,train-62174.jpg,6,x - 15a.jpg,x,train-35098.jpg,3,,train-61998.jpg,6,x - 74b.jpg,x,validation-4307.jpg,4,,train-62327.jpg,6,x - 55.jpg,x,validation-5197.jpg,5,,train-61930.jpg,6,x - 57b.jpg,x,validation-6357.jpg,6,,train-62260.jpg,6,x - 38.jpg,x,validation-7102.jpg,7,,train-62083.jpg,6,x - 970.jpg,x,train-8578.jpg,8,,train-62413.jpg,6,x - 77a.jpg,x,train-9989.jpg,9
train-61690.jpg,6,x - 100.jpg,x,validation-0117.jpg,0,,train-61768.jpg,6,x - 15a.jpg,x,validation-1245.jpg,1,,train-61845.jpg,6,x - 35a.jpg,x,train-24473.jpg,2,,train-62175.jpg,6,x - 15b.jpg,x,train-35099.jpg,3,,train-61999.jpg,6,x - 75.jpg,x,validation-4308.jpg,4,,train-62328.jpg,6,x - 550.jpg,x,validation-5198.jpg,5,,train-61931.jpg,6,x - 58.jpg,x,validation-6358.jpg,6,,train-62261.jpg,6,x - 380.jpg,x,validation-71020.jpg,7,,train-62084.jpg,6,x - 97a.jpg,x,train-8579.jpg,8,,train-62414.jpg,6,x - 77b.jpg,x,train-999.jpg,9
train-61691.jpg,6,x - 1000.jpg,x,validation-0118.jpg,0,,train-61769.jpg,6,x - 15b.jpg,x,validation-1246.jpg,1,,train-61846.jpg,6,x - 35b.jpg,x,train-24474.jpg,2,,train-62176.jpg,6,x - 16.jpg,x,train-351.jpg,3,,train-62.jpg,6,x - 750.jpg,x,validation-4309.jpg,4,,train-62329.jpg,6,x - 55a.jpg,x,validation-5199.jpg,5,,train-61932.jpg,6,x - 580.jpg,x,validation-6359.jpg,6,,train-62262.jpg,6,x - 38a.jpg,x,validation-71021.jpg,7,,train-62085.jpg,6,x - 97b.jpg,x,train-858.jpg,8,,train-62415.jpg,6,x - 78.jpg,x,train-9990.jpg,9
train-61692.jpg,6,x - 100a.jpg,x,validation-0119.jpg,0,,train-6177.jpg,6,x - 16.jpg,x,validation-1247.jpg,1,,train-61847.jpg,6,x - 36.jpg,x,train-24475.jpg,2,,train-62177.jpg,6,x - 160.jpg,x,train-3510.jpg,3,,train-620.jpg,6,x - 75a.jpg,x,validation-431.jpg,4,,train-6233.jpg,6,x - 55b.jpg,x,validation-52.jpg,5,,train-61933.jpg,6,x - 58a.jpg,x,validation-636.jpg,6,,train-62263.jpg,6,x - 38b.jpg,x,validation-71022.jpg,7,,train-62086.jpg,6,x - 98.jpg,x,train-8580.jpg,8,,train-62416.jpg,6,x - 780.jpg,x,train-9991.jpg,9
train-61693.jpg,6,x - 100b.jpg,x,validation-012.jpg,0,,train-61770.jpg,6,x - 160.jpg,x,validation-1248.jpg,1,,train-61848.jpg,6,x - 360.jpg,x,train-24476.jpg,2,,train-62178.jpg,6,x - 16a.jpg,x,train-3511.jpg,3,,train-6200.jpg,6,x - 75b.jpg,x,validation-4310.jpg,4,,train-62330.jpg,6,x - 56.jpg,x,validation-520.jpg,5,,train-61934.jpg,6,x - 58b.jpg,x,validation-6360.jpg,6,,train-62264.jpg,6,x - 39.jpg,x,validation-71023.jpg,7,,train-62087.jpg,6,x - 980.jpg,x,train-8581.jpg,8,,train-62417.jpg,6,x - 78a.jpg,x,train-9992.jpg,9
train-61694.jpg,6,x - 101.jpg,x,validation-0120.jpg,0,,train-61771.jpg,6,x - 16a.jpg,x,validation-1249.jpg,1,,train-61849.jpg,6,x - 36a.jpg,x,train-24477.jpg,2,,train-62179.jpg,6,x - 16b.jpg,x,train-3512.jpg,3,,train-62000.jpg,6,x - 76.jpg,x,validation-4311.jpg,4,,train-62331.jpg,6,x - 560.jpg,x,validation-5200.jpg,5,,train-61935.jpg,6,x - 59.jpg,x,validation-6361.jpg,6,,train-62265.jpg,6,x - 390.jpg,x,validation-71024.jpg,7,,train-62088.jpg,6,x - 98a.jpg,x,train-8582.jpg,8,,train-62418.jpg,6,x - 78b.jpg,x,train-9993.jpg,9
train-61695.jpg,6,x - 1010.jpg,x,validation-0121.jpg,0,,train-61772.jpg,6,x - 16b.jpg,x,validation-125.jpg,1,,train-6185.jpg,6,x - 36b.jpg,x,train-24478.jpg,2,,train-6218.jpg,6,x - 17.jpg,x,train-3513.jpg,3,,train-62001.jpg,6,x - 760.jpg,x,validation-4312.jpg,4,,train-62332.jpg,6,x - 56a.jpg,x,validation-5201.jpg,5,,train-61936.jpg,6,x - 590.jpg,x,validation-6362.jpg,6,,train-62266.jpg,6,x - 39a.jpg,x,validation-71025.jpg,7,,train-62089.jpg,6,x - 98b.jpg,x,train-8583.jpg,8,,train-62419.jpg,6,x - 79.jpg,x,train-9994.jpg,9
train-61696.jpg,6,x - 101a.jpg,x,validation-0122.jpg,0,,train-61773.jpg,6,x - 17.jpg,x,validation-1250.jpg,1,,train-61850.jpg,6,x - 37.jpg,x,train-24479.jpg,2,,train-62180.jpg,6,x - 170.jpg,x,train-3514.jpg,3,,train-62002.jpg,6,x - 76a.jpg,x,validation-4313.jpg,4,,train-62333.jpg,6,x - 56b.jpg,x,validation-5202.jpg,5,,train-61937.jpg,6,x - 59a.jpg,x,validation-6363.jpg,6,,train-62267.jpg,6,x - 39b.jpg,x,validation-71026.jpg,7,,train-6209.jpg,6,x - 99.jpg,x,train-8584.jpg,8,,train-6242.jpg,6,x - 790.jpg,x,train-9995.jpg,9
train-61697.jpg,6,x - 101b.jpg,x,validation-0123.jpg,0,,train-61774.jpg,6,x - 170.jpg,x,validation-1251.jpg,1,,train-61851.jpg,6,x - 370.jpg,x,train-2448.jpg,2,,train-62181.jpg,6,x - 17a.jpg,x,train-3515.jpg,3,,train-62003.jpg,6,x - 76b.jpg,x,validation-4314.jpg,4,,train-62334.jpg,6,x - 57.jpg,x,validation-5203.jpg,5,,train-61938.jpg,6,x - 59b.jpg,x,validation-6364.jpg,6,,train-62268.jpg,6,x - 3a.jpg,x,validation-71027.jpg,7,,train-62090.jpg,6,x - 990.jpg,x,train-8585.jpg,8,,train-62420.jpg,6,x - 79a.jpg,x,train-9996.jpg,9
train-61698.jpg,6,x - 102.jpg,x,validation-0124.jpg,0,,train-61775.jpg,6,x - 17a.jpg,x,validation-1252.jpg,1,,train-61852.jpg,6,x - 37a.jpg,x,train-24480.jpg,2,,train-62182.jpg,6,x - 17b.jpg,x,train-3516.jpg,3,,train-62004.jpg,6,x - 77.jpg,x,validation-4315.jpg,4,,train-62335.jpg,6,x - 570.jpg,x,validation-5204.jpg,5,,train-61939.jpg,6,x - 5a.jpg,x,validation-6365.jpg,6,,train-62269.jpg,6,x - 3b.jpg,x,validation-71028.jpg,7,,train-62091.jpg,6,x - 99a.jpg,x,train-8586.jpg,8,,train-62421.jpg,6,x - 79b.jpg,x,train-9997.jpg,9
train-61699.jpg,6,x - 1020.jpg,x,validation-0125.jpg,0,,train-61776.jpg,6,x - 17b.jpg,x,validation-1253.jpg,1,,train-61853.jpg,6,x - 37b.jpg,x,train-24481.jpg,2,,train-62183.jpg,6,x - 18.jpg,x,train-3517.jpg,3,,train-62005.jpg,6,x - 770.jpg,x,validation-4316.jpg,4,,train-62336.jpg,6,x - 57a.jpg,x,validation-5205.jpg,5,,train-6194.jpg,6,x - 5b.jpg,x,validation-6366.jpg,6,,train-6227.jpg,6,x - 4.jpg,x,validation-71029.jpg,7,,train-62092.jpg,6,x - 99b.jpg,x,train-8587.jpg,8,,train-62422.jpg,6,x - 7a.jpg,x,train-9998.jpg,9
train-617.jpg,6,x - 102a.jpg,x,validation-0126.jpg,0,,train-61777.jpg,6,x - 18.jpg,x,validation-1254.jpg,1,,train-61854.jpg,6,x - 38.jpg,x,train-24482.jpg,2,,train-62184.jpg,6,x - 180.jpg,x,train-3518.jpg,3,,train-62006.jpg,6,x - 77a.jpg,x,validation-4317.jpg,4,,train-62337.jpg,6,x - 57b.jpg,x,validation-5206.jpg,5,,train-61940.jpg,6,x - 6.jpg,x,validation-6367.jpg,6,,train-62270.jpg,6,x - 40.jpg,x,validation-7103.jpg,7,,train-62093.jpg,6,x - 9a.jpg,x,train-8588.jpg,8,,train-62423.jpg,6,x - 7b.jpg,x,train-9999.jpg,9
train-6170.jpg,6,x - 102b.jpg,x,validation-0127.jpg,0,,train-61778.jpg,6,x - 180.jpg,x,validation-1255.jpg,1,,train-61855.jpg,6,x - 380.jpg,x,train-24483.jpg,2,,train-62185.jpg,6,x - 18a.jpg,x,train-3519.jpg,3,,train-62007.jpg,6,x - 77b.jpg,x,validation-4318.jpg,4,,train-62338.jpg,6,x - 58.jpg,x,validation-5207.jpg,5,,train-61941.jpg,6,x - 60.jpg,x,validation-6368.jpg,6,,train-62271.jpg,6,x - 400.jpg,x,validation-71030.jpg,7,,train-62094.jpg,6,x - 9b.jpg,x,train-8589.jpg,8,,train-62424.jpg,6,x - 8.jpg,x,validation-9.jpg,9
train-61700.jpg,6,x - 103.jpg,x,validation-0128.jpg,0,,train-61779.jpg,6,x - 18a.jpg,x,validation-1256.jpg,1,,train-61856.jpg,6,x - 38a.jpg,x,train-24484.jpg,2,,train-62186.jpg,6,x - 18b.jpg,x,train-352.jpg,3,,train-62008.jpg,6,x - 78.jpg,x,validation-4319.jpg,4,,train-62339.jpg,6,x - 580.jpg,x,validation-5208.jpg,5,,train-61942.jpg,6,x - 600.jpg,x,validation-6369.jpg,6,,train-62272.jpg,6,x - 40a.jpg,x,validation-71031.jpg,7,,train-62095.jpg,6,x - 1.jpg,x,train-859.jpg,8,,train-62425.jpg,6,x - 80.jpg,x,validation-90.jpg,9
train-61701.jpg,6,x - 1030.jpg,x,validation-0129.jpg,0,,train-6178.jpg,6,x - 18b.jpg,x,validation-1257.jpg,1,,train-61857.jpg,6,x - 38b.jpg,x,train-24485.jpg,2,,train-62187.jpg,6,x - 19.jpg,x,train-3520.jpg,3,,train-62009.jpg,6,x - 780.jpg,x,validation-432.jpg,4,,train-6234.jpg,6,x - 58a.jpg,x,validation-5209.jpg,5,,train-61943.jpg,6,x - 60a.jpg,x,validation-637.jpg,6,,train-62273.jpg,6,x - 40b.jpg,x,validation-71032.jpg,7,,train-62096.jpg,6,x - 10.jpg,x,train-8590.jpg,8,,train-62426.jpg,6,x - 800.jpg,x,validation-91.jpg,9
train-61702.jpg,6,x - 103a.jpg,x,validation-013.jpg,0,,train-61780.jpg,6,x - 19.jpg,x,validation-1258.jpg,1,,train-61858.jpg,6,x - 39.jpg,x,train-24486.jpg,2,,train-62188.jpg,6,x - 190.jpg,x,train-3521.jpg,3,,train-6201.jpg,6,x - 78a.jpg,x,validation-4320.jpg,4,,train-62340.jpg,6,x - 58b.jpg,x,validation-521.jpg,5,,train-61944.jpg,6,x - 60b.jpg,x,validation-6370.jpg,6,,train-62274.jpg,6,x - 41.jpg,x,validation-71033.jpg,7,,train-62097.jpg,6,x - 100.jpg,x,train-8591.jpg,8,,train-62427.jpg,6,x - 80a.jpg,x,validation-910.jpg,9
train-61703.jpg,6,x - 103b.jpg,x,validation-0130.jpg,0,,train-61781.jpg,6,x - 190.jpg,x,validation-1259.jpg,1,,train-61859.jpg,6,x - 390.jpg,x,train-24487.jpg,2,,train-62189.jpg,6,x - 19a.jpg,x,train-3522.jpg,3,,train-62010.jpg,6,x - 78b.jpg,x,validation-4321.jpg,4,,train-62341.jpg,6,x - 59.jpg,x,validation-5210.jpg,5,,train-61945.jpg,6,x - 61.jpg,x,validation-6371.jpg,6,,train-62275.jpg,6,x - 410.jpg,x,validation-71034.jpg,7,,train-62098.jpg,6,x - 1000.jpg,x,train-8592.jpg,8,,train-62428.jpg,6,x - 80b.jpg,x,validation-9100.jpg,9
train-61704.jpg,6,x - 104.jpg,x,validation-0131.jpg,0,,train-61782.jpg,6,x - 19a.jpg,x,validation-126.jpg,1,,train-6186.jpg,6,x - 39a.jpg,x,train-24488.jpg,2,,train-6219.jpg,6,x - 19b.jpg,x,train-3523.jpg,3,,train-62011.jpg,6,x - 79.jpg,x,validation-4322.jpg,4,,train-62342.jpg,6,x - 590.jpg,x,validation-5211.jpg,5,,train-61946.jpg,6,x - 610.jpg,x,validation-6372.jpg,6,,train-62276.jpg,6,x - 41a.jpg,x,validation-71035.jpg,7,,train-62099.jpg,6,x - 100a.jpg,x,train-8593.jpg,8,,train-62429.jpg,6,x - 81.jpg,x,validation-9101.jpg,9
train-61705.jpg,6,x - 1040.jpg,x,validation-0132.jpg,0,,train-61783.jpg,6,x - 19b.jpg,x,validation-1260.jpg,1,,train-61860.jpg,6,x - 39b.jpg,x,train-24489.jpg,2,,train-62190.jpg,6,x - 1a.jpg,x,train-3524.jpg,3,,train-62012.jpg,6,x - 790.jpg,x,validation-4323.jpg,4,,train-62343.jpg,6,x - 59a.jpg,x,validation-5212.jpg,5,,train-61947.jpg,6,x - 61a.jpg,x,validation-6373.jpg,6,,train-62277.jpg,6,x - 41b.jpg,x,validation-71036.jpg,7,,train-621.jpg,6,x - 100b.jpg,x,train-8594.jpg,8,,train-6243.jpg,6,x - 810.jpg,x,validation-9102.jpg,9
train-61706.jpg,6,x - 104a.jpg,x,validation-0133.jpg,0,,train-61784.jpg,6,x - 1a.jpg,x,validation-1261.jpg,1,,train-61861.jpg,6,x - 3a.jpg,x,train-2449.jpg,2,,train-62191.jpg,6,x - 1b.jpg,x,train-3525.jpg,3,,train-62013.jpg,6,x - 79a.jpg,x,validation-4324.jpg,4,,train-62344.jpg,6,x - 59b.jpg,x,validation-5213.jpg,5,,train-61948.jpg,6,x - 61b.jpg,x,validation-6374.jpg,6,,train-62278.jpg,6,x - 42.jpg,x,validation-71037.jpg,7,,train-6210.jpg,6,x - 101.jpg,x,train-8595.jpg,8,,train-62430.jpg,6,x - 81a.jpg,x,validation-9103.jpg,9
train-61707.jpg,6,x - 104b.jpg,x,validation-0134.jpg,0,,train-61785.jpg,6,x - 1b.jpg,x,validation-1262.jpg,1,,train-61862.jpg,6,x - 3b.jpg,x,train-24490.jpg,2,,train-62192.jpg,6,x - 2.jpg,x,train-3526.jpg,3,,train-62014.jpg,6,x - 79b.jpg,x,validation-4325.jpg,4,,train-62345.jpg,6,x - 5a.jpg,x,validation-5214.jpg,5,,train-61949.jpg,6,x - 62.jpg,x,validation-6375.jpg,6,,train-62279.jpg,6,x - 420.jpg,x,validation-71038.jpg,7,,train-62100.jpg,6,x - 1010.jpg,x,train-8596.jpg,8,,train-62431.jpg,6,x - 81b.jpg,x,validation-9104.jpg,9
train-61708.jpg,6,x - 105.jpg,x,validation-0135.jpg,0,,train-61786.jpg,6,x - 2.jpg,x,validation-1263.jpg,1,,train-61863.jpg,6,x - 4.jpg,x,train-24491.jpg,2,,train-62193.jpg,6,x - 20.jpg,x,train-3527.jpg,3,,train-62015.jpg,6,x - 7a.jpg,x,validation-4326.jpg,4,,train-62346.jpg,6,x - 5b.jpg,x,validation-5215.jpg,5,,train-6195.jpg,6,x - 620.jpg,x,validation-6376.jpg,6,,train-6228.jpg,6,x - 42a.jpg,x,validation-71039.jpg,7,,train-62101.jpg,6,x - 101a.jpg,x,train-8597.jpg,8,,train-62432.jpg,6,x - 82.jpg,x,validation-9105.jpg,9
train-61709.jpg,6,x - 1050.jpg,x,validation-0136.jpg,0,,train-61787.jpg,6,x - 20.jpg,x,validation-1264.jpg,1,,train-61864.jpg,6,x - 40.jpg,x,train-24492.jpg,2,,train-62194.jpg,6,x - 200.jpg,x,train-3528.jpg,3,,train-62016.jpg,6,x - 7b.jpg,x,validation-4327.jpg,4,,train-62347.jpg,6,x - 6.jpg,x,validation-5216.jpg,5,,train-61950.jpg,6,x - 62a.jpg,x,validation-6377.jpg,6,,train-62280.jpg,6,x - 42b.jpg,x,validation-7104.jpg,7,,train-62102.jpg,6,x - 101b.jpg,x,train-8598.jpg,8,,train-62433.jpg,6,x - 820.jpg,x,validation-9106.jpg,9
train-6171.jpg,6,x - 105a.jpg,x,validation-0137.jpg,0,,train-61788.jpg,6,x - 200.jpg,x,validation-1265.jpg,1,,train-61865.jpg,6,x - 400.jpg,x,train-24493.jpg,2,,train-62195.jpg,6,x - 20a.jpg,x,train-3529.jpg,3,,train-62017.jpg,6,x - 8.jpg,x,validation-4328.jpg,4,,train-62348.jpg,6,x - 60.jpg,x,validation-5217.jpg,5,,train-61951.jpg,6,x - 62b.jpg,x,validation-6378.jpg,6,,train-62281.jpg,6,x - 43.jpg,x,validation-71040.jpg,7,,train-62103.jpg,6,x - 102.jpg,x,train-8599.jpg,8,,train-62434.jpg,6,x - 82a.jpg,x,validation-9107.jpg,9
train-61710.jpg,6,x - 105b.jpg,x,validation-0138.jpg,0,,train-61789.jpg,6,x - 20a.jpg,x,validation-1266.jpg,1,,train-61866.jpg,6,x - 40a.jpg,x,train-24494.jpg,2,,train-62196.jpg,6,x - 20b.jpg,x,train-353.jpg,3,,train-62018.jpg,6,x - 80.jpg,x,validation-4329.jpg,4,,train-62349.jpg,6,x - 600.jpg,x,validation-5218.jpg,5,,train-61952.jpg,6,x - 63.jpg,x,validation-6379.jpg,6,,train-62282.jpg,6,x - 430.jpg,x,validation-71041.jpg,7,,train-62104.jpg,6,x - 1020.jpg,x,train-86.jpg,8,,train-62435.jpg,6,x - 82b.jpg,x,validation-9108.jpg,9
train-61711.jpg,6,x - 106.jpg,x,validation-0139.jpg,0,,train-6179.jpg,6,x - 20b.jpg,x,validation-1267.jpg,1,,train-61867.jpg,6,x - 40b.jpg,x,train-24495.jpg,2,,train-62197.jpg,6,x - 21.jpg,x,train-3530.jpg,3,,train-62019.jpg,6,x - 800.jpg,x,validation-433.jpg,4,,train-6235.jpg,6,x - 60a.jpg,x,validation-5219.jpg,5,,train-61953.jpg,6,x - 630.jpg,x,validation-638.jpg,6,,train-62283.jpg,6,x - 43a.jpg,x,validation-71042.jpg,7,,train-62105.jpg,6,x - 102a.jpg,x,train-860.jpg,8,,train-62436.jpg,6,x - 83.jpg,x,validation-9109.jpg,9
train-61712.jpg,6,x - 1060.jpg,x,validation-014.jpg,0,,train-61790.jpg,6,x - 21.jpg,x,validation-1268.jpg,1,,train-61868.jpg,6,x - 41.jpg,x,train-24496.jpg,2,,train-62198.jpg,6,x - 210.jpg,x,train-3531.jpg,3,,train-6202.jpg,6,x - 80a.jpg,x,validation-4330.jpg,4,,train-62350.jpg,6,x - 60b.jpg,x,validation-522.jpg,5,,train-61954.jpg,6,x - 63a.jpg,x,validation-6380.jpg,6,,train-62284.jpg,6,x - 43b.jpg,x,validation-71043.jpg,7,,train-62106.jpg,6,x - 102b.jpg,x,train-8600.jpg,8,,train-62437.jpg,6,x - 830.jpg,x,validation-911.jpg,9
train-61713.jpg,6,x - 106a.jpg,x,validation-0140.jpg,0,,train-61791.jpg,6,x - 210.jpg,x,validation-1269.jpg,1,,train-61869.jpg,6,x - 410.jpg,x,train-24497.jpg,2,,train-62199.jpg,6,x - 21a.jpg,x,train-3532.jpg,3,,train-62020.jpg,6,x - 80b.jpg,x,validation-4331.jpg,4,,train-62351.jpg,6,x - 61.jpg,x,validation-5299.jpg,5,,train-61955.jpg,6,x - 63b.jpg,x,validation-6381.jpg,6,,train-62285.jpg,6,x - 44.jpg,x,validation-71044.jpg,7,,train-62107.jpg,6,x - 103.jpg,x,train-8601.jpg,8,,train-62438.jpg,6,x - 83a.jpg,x,validation-9110.jpg,9
train-61714.jpg,6,x - 106b.jpg,x,validation-0141.jpg,0,,train-61792.jpg,6,x - 21a.jpg,x,validation-127.jpg,1,,train-6187.jpg,6,x - 41a.jpg,x,train-24498.jpg,2,,train-622.jpg,6,x - 21b.jpg,x,train-3533.jpg,3,,train-62021.jpg,6,x - 81.jpg,x,validation-4332.jpg,4,,train-62352.jpg,6,x - 610.jpg,x,validation-53.jpg,5,,train-61956.jpg,6,x - 64.jpg,x,validation-6382.jpg,6,,train-62286.jpg,6,x - 440.jpg,x,validation-71045.jpg,7,,train-62108.jpg,6,x - 1030.jpg,x,train-8602.jpg,8,,train-62439.jpg,6,x - 83b.jpg,x,validation-9111.jpg,9
train-61715.jpg,6,x - 107.jpg,x,validation-0142.jpg,0,,train-61793.jpg,6,x - 21b.jpg,x,validation-1270.jpg,1,,train-61870.jpg,6,x - 41b.jpg,x,train-24499.jpg,2,,train-6220.jpg,6,x - 22.jpg,x,train-3534.jpg,3,,train-62022.jpg,6,x - 810.jpg,x,validation-4333.jpg,4,,train-62353.jpg,6,x - 61a.jpg,x,validation-530.jpg,5,,train-61957.jpg,6,x - 640.jpg,x,validation-6383.jpg,6,,train-62287.jpg,6,x - 44a.jpg,x,validation-71046.jpg,7,,train-62109.jpg,6,x - 103a.jpg,x,train-8603.jpg,8,,train-6244.jpg,6,x - 84.jpg,x,validation-9112.jpg,9
train-61716.jpg,6,x - 1070.jpg,x,validation-0143.jpg,0,,train-61794.jpg,6,x - 22.jpg,x,validation-1271.jpg,1,,train-61871.jpg,6,x - 42.jpg,x,train-245.jpg,2,,train-62200.jpg,6,x - 220.jpg,x,train-3535.jpg,3,,train-62023.jpg,6,x - 81a.jpg,x,validation-4334.jpg,4,,train-62354.jpg,6,x - 61b.jpg,x,validation-5300.jpg,5,,train-61958.jpg,6,x - 64a.jpg,x,validation-6384.jpg,6,,train-62288.jpg,6,x - 44b.jpg,x,validation-71047.jpg,7,,train-6211.jpg,6,x - 103b.jpg,x,train-8604.jpg,8,,train-62440.jpg,6,x - 840.jpg,x,validation-9113.jpg,9
train-61717.jpg,6,x - 107a.jpg,x,validation-0144.jpg,0,,train-61795.jpg,6,x - 220.jpg,x,validation-1272.jpg,1,,train-61872.jpg,6,x - 420.jpg,x,train-2450.jpg,2,,train-62201.jpg,6,x - 22a.jpg,x,train-3536.jpg,3,,train-62024.jpg,6,x - 81b.jpg,x,validation-4335.jpg,4,,train-62355.jpg,6,x - 62.jpg,x,validation-5301.jpg,5,,train-61959.jpg,6,x - 64b.jpg,x,validation-6385.jpg,6,,train-62289.jpg,6,x - 45.jpg,x,validation-71048.jpg,7,,train-62110.jpg,6,x - 104.jpg,x,train-8605.jpg,8,,train-62441.jpg,6,x - 84a.jpg,x,validation-9114.jpg,9
train-61718.jpg,6,x - 107b.jpg,x,validation-0145.jpg,0,,train-61796.jpg,6,x - 22a.jpg,x,validation-1273.jpg,1,,train-61873.jpg,6,x - 42a.jpg,x,train-24500.jpg,2,,train-62202.jpg,6,x - 22b.jpg,x,train-3537.jpg,3,,train-62025.jpg,6,x - 82.jpg,x,validation-4336.jpg,4,,train-62356.jpg,6,x - 620.jpg,x,validation-5302.jpg,5,,train-6196.jpg,6,x - 65.jpg,x,validation-6386.jpg,6,,train-6229.jpg,6,x - 450.jpg,x,validation-71049.jpg,7,,train-62111.jpg,6,x - 1040.jpg,x,train-8606.jpg,8,,train-62442.jpg,6,x - 84b.jpg,x,validation-9115.jpg,9
train-61719.jpg,6,x - 108.jpg,x,validation-0146.jpg,0,,train-61797.jpg,6,x - 22b.jpg,x,validation-1274.jpg,1,,train-61874.jpg,6,x - 42b.jpg,x,train-24501.jpg,2,,train-62203.jpg,6,x - 23.jpg,x,train-3538.jpg,3,,train-62026.jpg,6,x - 820.jpg,x,validation-4337.jpg,4,,train-62357.jpg,6,x - 62a.jpg,x,validation-5303.jpg,5,,train-61960.jpg,6,x - 650.jpg,x,validation-6387.jpg,6,,train-62290.jpg,6,x - 45a.jpg,x,validation-7105.jpg,7,,train-62112.jpg,6,x - 104a.jpg,x,train-8607.jpg,8,,train-62443.jpg,6,x - 85.jpg,x,validation-9116.jpg,9
train-6172.jpg,6,x - 1080.jpg,x,validation-0147.jpg,0,,train-61798.jpg,6,x - 23.jpg,x,validation-1275.jpg,1,,train-61875.jpg,6,x - 43.jpg,x,train-24502.jpg,2,,train-62204.jpg,6,x - 230.jpg,x,train-3539.jpg,3,,train-62027.jpg,6,x - 82a.jpg,x,validation-4338.jpg,4,,train-62358.jpg,6,x - 62b.jpg,x,validation-5304.jpg,5,,train-61961.jpg,6,x - 65a.jpg,x,validation-6388.jpg,6,,train-62291.jpg,6,x - 45b.jpg,x,validation-71050.jpg,7,,train-62113.jpg,6,x - 104b.jpg,x,train-8608.jpg,8,,train-62444.jpg,6,x - 850.jpg,x,validation-9117.jpg,9
train-61720.jpg,6,x - 108a.jpg,x,validation-0148.jpg,0,,train-61799.jpg,6,x - 230.jpg,x,validation-1276.jpg,1,,train-61876.jpg,6,x - 430.jpg,x,train-24503.jpg,2,,train-62205.jpg,6,x - 23a.jpg,x,train-354.jpg,3,,train-62028.jpg,6,x - 82b.jpg,x,validation-4339.jpg,4,,train-62359.jpg,6,x - 63.jpg,x,validation-5305.jpg,5,,train-61962.jpg,6,x - 65b.jpg,x,validation-6389.jpg,6,,train-62292.jpg,6,x - 46.jpg,x,validation-71051.jpg,7,,train-62114.jpg,6,x - 105.jpg,x,train-8609.jpg,8,,train-62445.jpg,6,x - 85a.jpg,x,validation-9118.jpg,9
train-61721.jpg,6,x - 108b.jpg,x,validation-0149.jpg,0,,train-618.jpg,6,x - 23a.jpg,x,validation-1277.jpg,1,,train-61877.jpg,6,x - 43a.jpg,x,train-24504.jpg,2,,train-62206.jpg,6,x - 23b.jpg,x,train-3540.jpg,3,,train-62029.jpg,6,x - 83.jpg,x,validation-434.jpg,4,,train-6236.jpg,6,x - 630.jpg,x,validation-5306.jpg,5,,train-61963.jpg,6,x - 66.jpg,x,validation-639.jpg,6,,train-62293.jpg,6,x - 460.jpg,x,validation-71052.jpg,7,,train-62115.jpg,6,x - 1050.jpg,x,train-861.jpg,8,,train-62446.jpg,6,x - 85b.jpg,x,validation-9119.jpg,9
train-61722.jpg,6,x - 109.jpg,x,validation-015.jpg,0,,train-6180.jpg,6,x - 23b.jpg,x,validation-1278.jpg,1,,train-61878.jpg,6,x - 43b.jpg,x,train-24505.jpg,2,,train-62207.jpg,6,x - 24.jpg,x,train-3541.jpg,3,,train-6203.jpg,6,x - 830.jpg,x,validation-4340.jpg,4,,train-62360.jpg,6,x - 63a.jpg,x,validation-5307.jpg,5,,train-61964.jpg,6,x - 660.jpg,x,validation-6390.jpg,6,,train-62294.jpg,6,x - 46a.jpg,x,validation-71053.jpg,7,,train-62116.jpg,6,x - 105a.jpg,x,train-8610.jpg,8,,train-62447.jpg,6,x - 86.jpg,x,validation-912.jpg,9
train-61723.jpg,6,x - 1090.jpg,x,validation-0150.jpg,0,,train-61800.jpg,6,x - 24.jpg,x,validation-1279.jpg,1,,train-61879.jpg,6,x - 44.jpg,x,train-24506.jpg,2,,train-62208.jpg,6,x - 240.jpg,x,train-3542.jpg,3,,train-62030.jpg,6,x - 83a.jpg,x,validation-4341.jpg,4,,train-62361.jpg,6,x - 63b.jpg,x,validation-5308.jpg,5,,train-61965.jpg,6,x - 66a.jpg,x,validation-6391.jpg,6,,train-62295.jpg,6,x - 46b.jpg,x,validation-71054.jpg,7,,train-62117.jpg,6,x - 105b.jpg,x,train-8611.jpg,8,,train-62448.jpg,6,x - 860.jpg,x,validation-9120.jpg,9
train-61724.jpg,6,x - 109a.jpg,x,validation-0151.jpg,0,,train-61801.jpg,6,x - 240.jpg,x,validation-128.jpg,1,,train-6188.jpg,6,x - 440.jpg,x,train-24507.jpg,2,,train-62209.jpg,6,x - 24a.jpg,x,train-3543.jpg,3,,train-62031.jpg,6,x - 83b.jpg,x,validation-4342.jpg,4,,train-62362.jpg,6,x - 64.jpg,x,validation-5309.jpg,5,,train-61966.jpg,6,x - 66b.jpg,x,validation-6392.jpg,6,,train-62296.jpg,6,x - 47.jpg,x,validation-71055.jpg,7,,train-62118.jpg,6,x - 106.jpg,x,train-8612.jpg,8,,train-62449.jpg,6,x - 86a.jpg,x,validation-9121.jpg,9
train-61725.jpg,6,x - 109b.jpg,x,validation-0152.jpg,0,,train-61802.jpg,6,x - 24a.jpg,x,validation-1280.jpg,1,,train-61880.jpg,6,x - 44a.jpg,x,train-24508.jpg,2,,train-6221.jpg,6,x - 24b.jpg,x,train-3544.jpg,3,,train-62032.jpg,6,x - 84.jpg,x,validation-4343.jpg,4,,train-62363.jpg,6,x - 640.jpg,x,validation-531.jpg,5,,train-61967.jpg,6,x - 67.jpg,x,validation-6393.jpg,6,,train-62297.jpg,6,x - 470.jpg,x,validation-71056.jpg,7,,train-62119.jpg,6,x - 1060.jpg,x,train-8613.jpg,8,,train-6245.jpg,6,x - 86b.jpg,x,validation-9122.jpg,9
train-61726.jpg,6,x - 10a.jpg,x,validation-0153.jpg,0,,train-61803.jpg,6,x - 24b.jpg,x,validation-1281.jpg,1,,train-61881.jpg,6,x - 44b.jpg,x,train-24509.jpg,2,,train-62210.jpg,6,x - 25.jpg,x,train-3545.jpg,3,,train-62033.jpg,6,x - 840.jpg,x,validation-4344.jpg,4,,train-62364.jpg,6,x - 64a.jpg,x,validation-5310.jpg,5,,train-61968.jpg,6,x - 670.jpg,x,validation-6394.jpg,6,,train-62298.jpg,6,x - 47a.jpg,x,validation-71057.jpg,7,,train-6212.jpg,6,x - 106a.jpg,x,train-8614.jpg,8,,train-62450.jpg,6,x - 87.jpg,x,validation-9123.jpg,9
train-61727.jpg,6,x - 10b.jpg,x,validation-0154.jpg,0,,train-61804.jpg,6,x - 25.jpg,x,validation-1282.jpg,1,,train-61882.jpg,6,x - 45.jpg,x,train-2451.jpg,2,,train-62211.jpg,6,x - 250.jpg,x,train-3546.jpg,3,,train-62034.jpg,6,x - 84a.jpg,x,validation-4345.jpg,4,,train-62365.jpg,6,x - 64b.jpg,x,validation-5311.jpg,5,,train-61969.jpg,6,x - 67a.jpg,x,validation-6395.jpg,6,,train-62299.jpg,6,x - 47b.jpg,x,validation-71058.jpg,7,,train-62120.jpg,6,x - 106b.jpg,x,train-8615.jpg,8,,train-62451.jpg,6,x - 870.jpg,x,validation-9124.jpg,9
train-61728.jpg,6,x - 11.jpg,x,validation-0155.jpg,0,,train-61805.jpg,6,x - 250.jpg,x,validation-1283.jpg,1,,train-61883.jpg,6,x - 450.jpg,x,train-24510.jpg,2,,train-62212.jpg,6,x - 25a.jpg,x,train-3547.jpg,3,,train-62035.jpg,6,x - 84b.jpg,x,validation-4346.jpg,4,,train-62366.jpg,6,x - 65.jpg,x,validation-5312.jpg,5,,train-6197.jpg,6,x - 67b.jpg,x,validation-6396.jpg,6,,train-623.jpg,6,x - 48.jpg,x,validation-71059.jpg,7,,train-62121.jpg,6,x - 107.jpg,x,train-8616.jpg,8,,train-62452.jpg,6,x - 87a.jpg,x,validation-9125.jpg,9
train-61729.jpg,6,x - 110.jpg,x,validation-0156.jpg,0,,train-61806.jpg,6,x - 25a.jpg,x,validation-1284.jpg,1,,train-61884.jpg,6,x - 45a.jpg,x,train-24511.jpg,2,,train-62213.jpg,6,x - 25b.jpg,x,train-3548.jpg,3,,train-62036.jpg,6,x - 85.jpg,x,validation-4347.jpg,4,,train-62367.jpg,6,x - 650.jpg,x,validation-5313.jpg,5,,train-61970.jpg,6,x - 68.jpg,x,validation-6397.jpg,6,,train-6230.jpg,6,x - 480.jpg,x,validation-7106.jpg,7,,train-62122.jpg,6,x - 1070.jpg,x,train-8617.jpg,8,,train-62453.jpg,6,x - 87b.jpg,x,validation-9126.jpg,9
train-6173.jpg,6,x - 1100.jpg,x,validation-0157.jpg,0,,train-61807.jpg,6,x - 25b.jpg,x,validation-1285.jpg,1,,train-61885.jpg,6,x - 45b.jpg,x,train-24512.jpg,2,,train-62214.jpg,6,x - 26.jpg,x,train-3549.jpg,3,,train-62037.jpg,6,x - 850.jpg,x,validation-4348.jpg,4,,train-62368.jpg,6,x - 65a.jpg,x,validation-5314.jpg,5,,train-61971.jpg,6,x - 680.jpg,x,validation-6398.jpg,6,,train-62300.jpg,6,x - 48a.jpg,x,validation-71060.jpg,7,,train-62123.jpg,6,x - 107a.jpg,x,train-8618.jpg,8,,train-62454.jpg,6,x - 88.jpg,x,validation-9127.jpg,9
train-61730.jpg,6,x - 110a.jpg,x,validation-0158.jpg,0,,train-61808.jpg,6,x - 26.jpg,x,validation-1286.jpg,1,,train-61886.jpg,6,x - 46.jpg,x,train-24513.jpg,2,,train-62215.jpg,6,x - 260.jpg,x,train-355.jpg,3,,train-62038.jpg,6,x - 85a.jpg,x,validation-4349.jpg,4,,train-62369.jpg,6,x - 65b.jpg,x,validation-5315.jpg,5,,train-61972.jpg,6,x - 68a.jpg,x,validation-6399.jpg,6,,train-62301.jpg,6,x - 48b.jpg,x,validation-71061.jpg,7,,train-62124.jpg,6,x - 107b.jpg,x,train-8619.jpg,8,,train-62455.jpg,6,x - 880.jpg,x,validation-9128.jpg,9
train-61731.jpg,6,x - 110b.jpg,x,validation-0159.jpg,0,,train-61809.jpg,6,x - 260.jpg,x,validation-1287.jpg,1,,train-61887.jpg,6,x - 460.jpg,x,train-24514.jpg,2,,train-62216.jpg,6,x - 26a.jpg,x,train-3550.jpg,3,,train-62039.jpg,6,x - 85b.jpg,x,validation-435.jpg,4,,train-6237.jpg,6,x - 66.jpg,x,validation-5316.jpg,5,,train-61973.jpg,6,x - 68b.jpg,x,validation-64.jpg,6,,train-62302.jpg,6,x - 49.jpg,x,validation-71062.jpg,7,,train-62125.jpg,6,x - 108.jpg,x,train-862.jpg,8,,train-62456.jpg,6,x - 88a.jpg,x,validation-9129.jpg,9
train-61732.jpg,6,x - 111.jpg,x,validation-016.jpg,0,,train-6181.jpg,6,x - 26a.jpg,x,validation-1288.jpg,1,,train-61888.jpg,6,x - 46a.jpg,x,train-24515.jpg,2,,train-62217.jpg,6,x - 26b.jpg,x,train-3551.jpg,3,,train-6204.jpg,6,x - 86.jpg,x,validation-4350.jpg,4,,train-62370.jpg,6,x - 660.jpg,x,validation-5317.jpg,5,,train-61974.jpg,6,x - 69.jpg,x,validation-640.jpg,6,,train-62303.jpg,6,x - 490.jpg,x,validation-71063.jpg,7,,train-62126.jpg,6,x - 1080.jpg,x,train-8620.jpg,8,,train-62457.jpg,6,x - 88b.jpg,x,validation-913.jpg,9
train-61733.jpg,6,x - 1110.jpg,x,validation-0160.jpg,0,,train-61810.jpg,6,x - 26b.jpg,x,validation-1289.jpg,1,,train-61889.jpg,6,x - 46b.jpg,x,train-24516.jpg,2,,train-62218.jpg,6,x - 27.jpg,x,train-3552.jpg,3,,train-62040.jpg,6,x - 860.jpg,x,validation-4351.jpg,4,,train-62371.jpg,6,x - 66a.jpg,x,validation-5318.jpg,5,,train-61975.jpg,6,x - 690.jpg,x,validation-6400.jpg,6,,train-62304.jpg,6,x - 49a.jpg,x,validation-71064.jpg,7,,train-62127.jpg,6,x - 108a.jpg,x,train-8621.jpg,8,,train-62458.jpg,6,x - 89.jpg,x,validation-9130.jpg,9
train-61734.jpg,6,x - 111a.jpg,x,validation-0161.jpg,0,,train-61811.jpg,6,x - 27.jpg,x,validation-129.jpg,1,,train-6189.jpg,6,x - 47.jpg,x,train-24517.jpg,2,,train-62219.jpg,6,x - 270.jpg,x,train-3553.jpg,3,,train-62041.jpg,6,x - 86a.jpg,x,validation-4352.jpg,4,,train-62372.jpg,6,x - 66b.jpg,x,validation-5319.jpg,5,,train-61976.jpg,6,x - 69a.jpg,x,validation-6401.jpg,6,,train-62305.jpg,6,x - 49b.jpg,x,validation-71065.jpg,7,,train-62128.jpg,6,x - 108b.jpg,x,train-8622.jpg,8,,train-62459.jpg,6,x - 890.jpg,x,validation-9131.jpg,9
train-61735.jpg,6,x - 111b.jpg,x,validation-0162.jpg,0,,train-61812.jpg,6,x - 270.jpg,x,validation-1290.jpg,1,,train-61890.jpg,6,x - 470.jpg,x,train-24518.jpg,2,,train-6222.jpg,6,x - 27a.jpg,x,train-3554.jpg,3,,train-62042.jpg,6,x - 86b.jpg,x,validation-4353.jpg,4,,train-62373.jpg,6,x - 67.jpg,x,validation-532.jpg,5,,train-61977.jpg,6,x - 69b.jpg,x,validation-6402.jpg,6,,train-62306.jpg,6,x - 4a.jpg,x,validation-71066.jpg,7,,train-62129.jpg,6,x - 109.jpg,x,train-8623.jpg,8,,train-6246.jpg,6,x - 89a.jpg,x,validation-9132.jpg,9
train-61736.jpg,6,x - 112.jpg,x,validation-0163.jpg,0,,train-61813.jpg,6,x - 27a.jpg,x,validation-1291.jpg,1,,train-61891.jpg,6,x - 47a.jpg,x,train-24519.jpg,2,,train-62220.jpg,6,x - 27b.jpg,x,train-3555.jpg,3,,train-62043.jpg,6,x - 87.jpg,x,validation-4354.jpg,4,,train-62374.jpg,6,x - 670.jpg,x,validation-5320.jpg,5,,train-61978.jpg,6,x - 6a.jpg,x,validation-6403.jpg,6,,train-62307.jpg,6,x - 4b.jpg,x,validation-71067.jpg,7,,train-6213.jpg,6,x - 1090.jpg,x,train-8624.jpg,8,,train-62460.jpg,6,x - 89b.jpg,x,validation-9133.jpg,9
train-61737.jpg,6,x - 1120.jpg,x,validation-0164.jpg,0,,train-61814.jpg,6,x - 27b.jpg,x,validation-1292.jpg,1,,train-61892.jpg,6,x - 47b.jpg,x,train-2452.jpg,2,,train-62221.jpg,6,x - 28.jpg,x,train-3556.jpg,3,,train-62044.jpg,6,x - 870.jpg,x,validation-4355.jpg,4,,train-62375.jpg,6,x - 67a.jpg,x,validation-5321.jpg,5,,train-61979.jpg,6,x - 6b.jpg,x,validation-6404.jpg,6,,train-62308.jpg,6,x - 5.jpg,x,validation-71068.jpg,7,,train-62130.jpg,6,x - 109a.jpg,x,train-8625.jpg,8,,train-62461.jpg,6,x - 8a.jpg,x,validation-9134.jpg,9
train-61738.jpg,6,x - 112a.jpg,x,validation-0165.jpg,0,,train-61815.jpg,6,x - 28.jpg,x,validation-1293.jpg,1,,train-61893.jpg,6,x - 48.jpg,x,train-24520.jpg,2,,train-62222.jpg,6,x - 280.jpg,x,train-3557.jpg,3,,train-62045.jpg,6,x - 87a.jpg,x,validation-4356.jpg,4,,train-62376.jpg,6,x - 67b.jpg,x,validation-5322.jpg,5,,train-6198.jpg,6,x - 7.jpg,x,validation-6405.jpg,6,,train-62309.jpg,6,x - 50.jpg,x,validation-71069.jpg,7,,train-62131.jpg,6,x - 109b.jpg,x,train-8626.jpg,8,,train-62462.jpg,6,x - 8b.jpg,x,validation-9135.jpg,9
train-61739.jpg,6,x - 112b.jpg,x,validation-0166.jpg,0,,train-61816.jpg,6,x - 280.jpg,x,validation-1294.jpg,1,,train-61894.jpg,6,x - 480.jpg,x,train-24521.jpg,2,,train-62223.jpg,6,x - 28a.jpg,x,train-3558.jpg,3,,train-62046.jpg,6,x - 87b.jpg,x,validation-4357.jpg,4,,train-62377.jpg,6,x - 68.jpg,x,validation-5323.jpg,5,,train-61980.jpg,6,x - 70.jpg,x,validation-6406.jpg,6,,train-6231.jpg,6,x - 500.jpg,x,validation-7107.jpg,7,,train-62132.jpg,6,x - 10a.jpg,x,train-8627.jpg,8,,train-62463.jpg,6,x - 9.jpg,x,validation-9136.jpg,9
train-6174.jpg,6,x - 113.jpg,x,validation-0167.jpg,0,,train-61817.jpg,6,x - 28a.jpg,x,validation-1295.jpg,1,,train-61895.jpg,6,x - 48a.jpg,x,train-24522.jpg,2,,train-62224.jpg,6,x - 28b.jpg,x,train-3559.jpg,3,,train-62047.jpg,6,x - 88.jpg,x,validation-4358.jpg,4,,train-62378.jpg,6,x - 680.jpg,x,validation-5324.jpg,5,,train-61981.jpg,6,x - 700.jpg,x,validation-6407.jpg,6,,train-62310.jpg,6,x - 50a.jpg,x,validation-71070.jpg,7,,train-62133.jpg,6,x - 10b.jpg,x,train-8628.jpg,8,,train-62464.jpg,6,x - 90.jpg,x,validation-9137.jpg,9
train-61740.jpg,6,x - 1130.jpg,x,validation-0168.jpg,0,,train-61818.jpg,6,x - 28b.jpg,x,validation-1296.jpg,1,,train-61896.jpg,6,x - 48b.jpg,x,train-24523.jpg,2,,train-62225.jpg,6,x - 29.jpg,x,train-356.jpg,3,,train-62048.jpg,6,x - 880.jpg,x,validation-4359.jpg,4,,train-62379.jpg,6,x - 68a.jpg,x,validation-5325.jpg,5,,train-61982.jpg,6,x - 70a.jpg,x,validation-6408.jpg,6,,train-62311.jpg,6,x - 50b.jpg,x,validation-71071.jpg,7,,train-62134.jpg,6,x - 11.jpg,x,train-8629.jpg,8,,train-62161.jpg,6,x - 124.jpg,x,validation-9138.jpg,9
train-61741.jpg,6,x - 113a.jpg,x,validation-0169.jpg,0,,train-61819.jpg,6,x - 29.jpg,x,validation-1297.jpg,1,,train-61897.jpg,6,x - 49.jpg,x,train-24524.jpg,2,,train-62226.jpg,6,x - 290.jpg,x,train-3560.jpg,3,,train-62049.jpg,6,x - 88a.jpg,x,validation-436.jpg,4,,train-6238.jpg,6,x - 68b.jpg,x,validation-5326.jpg,5,,train-61983.jpg,6,x - 70b.jpg,x,validation-6409.jpg,6,,train-62312.jpg,6,x - 51.jpg,x,validation-71072.jpg,7,,train-62135.jpg,6,x - 110.jpg,x,train-863.jpg,8,,train-62162.jpg,6,x - 125.jpg,x,validation-9139.jpg,9
train-61742.jpg,6,x - 113b.jpg,x,validation-017.jpg,0,,train-6182.jpg,6,x - 290.jpg,x,validation-1298.jpg,1,,train-61898.jpg,6,x - 490.jpg,x,train-24525.jpg,2,,train-62227.jpg,6,x - 29a.jpg,x,train-3561.jpg,3,,train-6205.jpg,6,x - 88b.jpg,x,validation-4360.jpg,4,,train-62380.jpg,6,x - 69.jpg,x,validation-5327.jpg,5,,train-61984.jpg,6,x - 71.jpg,x,validation-641.jpg,6,,train-62313.jpg,6,x - 510.jpg,x,validation-71073.jpg,7,,train-62136.jpg,6,x - 1100.jpg,x,train-8630.jpg,8,,train-62163.jpg,6,x - 12a.jpg,x,validation-914.jpg,9
train-61743.jpg,6,x - 114.jpg,x,validation-0170.jpg,0,,train-61820.jpg,6,x - 29a.jpg,x,validation-1299.jpg,1,,train-61899.jpg,6,x - 49a.jpg,x,train-24526.jpg,2,,train-62228.jpg,6,x - 29b.jpg,x,train-3562.jpg,3,,train-62050.jpg,6,x - 89.jpg,x,validation-4361.jpg,4,,train-62381.jpg,6,x - 690.jpg,x,validation-5328.jpg,5,,train-61985.jpg,6,x - 710.jpg,x,validation-6410.jpg,6,,train-62314.jpg,6,x - 51a.jpg,x,validation-71074.jpg,7,,train-62137.jpg,6,x - 110a.jpg,x,train-8631.jpg,8,,train-62164.jpg,6,x - 12b.jpg,x,validation-9140.jpg,9
train-61744.jpg,6,x - 115.jpg,x,validation-0171.jpg,0,,train-61821.jpg,6,x - 29b.jpg,x,validation-13.jpg,1,,train-619.jpg,6,x - 49b.jpg,x,train-24527.jpg,2,,train-62229.jpg,6,x - 2a.jpg,x,train-3563.jpg,3,,train-62051.jpg,6,x - 890.jpg,x,validation-4362.jpg,4,,train-62382.jpg,6,x - 69a.jpg,x,validation-5329.jpg,5,,train-61986.jpg,6,x - 71a.jpg,x,validation-6411.jpg,6,,train-62315.jpg,6,x - 51b.jpg,x,validation-71075.jpg,7,,train-62138.jpg,6,x - 110b.jpg,x,train-8632.jpg,8,,train-62165.jpg,6,x - 13.jpg,x,validation-9141.jpg,9
train-61745.jpg,6,x - 116.jpg,x,validation-0172.jpg,0,,train-61822.jpg,6,x - 2a.jpg,x,validation-130.jpg,1,,train-6190.jpg,6,x - 4a.jpg,x,train-24528.jpg,2,,train-6223.jpg,6,x - 2b.jpg,x,train-3564.jpg,3,,train-62052.jpg,6,x - 89a.jpg,x,validation-4363.jpg,4,,train-62383.jpg,6,x - 69b.jpg,x,validation-5485.jpg,5,,train-61987.jpg,6,x - 71b.jpg,x,validation-6412.jpg,6,,train-62316.jpg,6,x - 52.jpg,x,validation-71076.jpg,7,,train-62139.jpg,6,x - 111.jpg,x,train-8633.jpg,8,,train-62166.jpg,6,x - 130.jpg,x,validation-9142.jpg,9
train-61746.jpg,6,x - 117.jpg,x,validation-0173.jpg,0,,train-61823.jpg,6,x - 2b.jpg,x,validation-1300.jpg,1,,train-61900.jpg,6,x - 4b.jpg,x,train-24529.jpg,2,,train-62230.jpg,6,x - 3.jpg,x,train-3565.jpg,3,,train-62053.jpg,6,x - 89b.jpg,x,validation-4364.jpg,4,,train-62384.jpg,6,x - 6a.jpg,x,validation-5486.jpg,5,,train-61988.jpg,6,x - 72.jpg,x,validation-6413.jpg,6,,train-62317.jpg,6,x - 520.jpg,x,validation-71077.jpg,7,,train-6214.jpg,6,x - 1110.jpg,x,train-8634.jpg,8,,train-62167.jpg,6,x - 13a.jpg,x,validation-9143.jpg,9
train-61747.jpg,6,x - 118.jpg,x,validation-0174.jpg,0,,train-61824.jpg,6,x - 3.jpg,x,validation-1301.jpg,1,,train-61901.jpg,6,x - 5.jpg,x,train-2453.jpg,2,,train-62231.jpg,6,x - 30.jpg,x,train-3566.jpg,3,,train-62054.jpg,6,x - 8a.jpg,x,validation-4365.jpg,4,,train-62385.jpg,6,x - 6b.jpg,x,validation-5487.jpg,5,,train-61989.jpg,6,x - 720.jpg,x,validation-6414.jpg,6,,train-62318.jpg,6,x - 52a.jpg,x,validation-71078.jpg,7,,train-62140.jpg,6,x - 111a.jpg,x,train-8635.jpg,8,,train-62168.jpg,6,x - 13b.jpg,x,validation-9144.jpg,9
train-61748.jpg,6,x - 119.jpg,x,validation-0175.jpg,0,,train-61825.jpg,6,x - 30.jpg,x,validation-1302.jpg,1,,train-61902.jpg,6,x - 50.jpg,x,train-24530.jpg,2,,train-62232.jpg,6,x - 300.jpg,x,train-3567.jpg,3,,train-62055.jpg,6,x - 8b.jpg,x,validation-4366.jpg,4,,train-62386.jpg,6,x - 7.jpg,x,validation-5488.jpg,5,,train-6199.jpg,6,x - 72a.jpg,x,validation-6415.jpg,6,,train-62319.jpg,6,x - 52b.jpg,x,validation-71079.jpg,7,,train-62141.jpg,6,x - 111b.jpg,x,train-8636.jpg,8,,train-62169.jpg,6,x - 14.jpg,x,validation-9145.jpg,9
train-61749.jpg,6,x - 11a.jpg,x,validation-0176.jpg,0,,train-61826.jpg,6,x - 300.jpg,x,validation-1303.jpg,1,,train-61903.jpg,6,x - 500.jpg,x,train-24531.jpg,2,,train-62233.jpg,6,x - 30a.jpg,x,train-3568.jpg,3,,train-62056.jpg,6,x - 9.jpg,x,validation-4367.jpg,4,,train-62387.jpg,6,x - 70.jpg,x,validation-5489.jpg,5,,train-61990.jpg,6,x - 72b.jpg,x,validation-6416.jpg,6,,train-6232.jpg,6,x - 53.jpg,x,validation-7108.jpg,7,,train-62142.jpg,6,x - 112.jpg,x,train-8637.jpg,8,,train-6217.jpg,6,x - 140.jpg,x,validation-9146.jpg,9
train-6175.jpg,6,x - 11b.jpg,x,validation-0177.jpg,0,,train-61827.jpg,6,x - 30a.jpg,x,validation-1304.jpg,1,,train-61904.jpg,6,x - 50a.jpg,x,train-24532.jpg,2,,train-62234.jpg,6,x - 30b.jpg,x,train-3569.jpg,3,,train-62057.jpg,6,x - 90.jpg,x,validation-4368.jpg,4,,train-62388.jpg,6,x - 700.jpg,x,validation-549.jpg,5,,train-61991.jpg,6,x - 73.jpg,x,validation-6417.jpg,6,,train-62320.jpg,6,x - 530.jpg,x,validation-71080.jpg,7,,train-62143.jpg,6,x - 1120.jpg,x,train-8638.jpg,8,,train-62170.jpg,6,x - 14a.jpg,x,validation-9147.jpg,9
train-61750.jpg,6,x - 12.jpg,x,validation-0178.jpg,0,,train-61828.jpg,6,x - 30b.jpg,x,validation-1305.jpg,1,,train-61905.jpg,6,x - 50b.jpg,x,train-24533.jpg,2,,train-62235.jpg,6,x - 31.jpg,x,train-357.jpg,3,,train-62058.jpg,6,x - 900.jpg,x,validation-4369.jpg,4,,train-62389.jpg,6,x - 70a.jpg,x,validation-5490.jpg,5,,train-61992.jpg,6,x - 730.jpg,x,validation-6418.jpg,6,,train-62321.jpg,6,x - 53a.jpg,x,validation-71081.jpg,7,,train-62144.jpg,6,x - 112a.jpg,x,train-8639.jpg,8,,train-62171.jpg,6,x - 14b.jpg,x,validation-9148.jpg,9
train-61751.jpg,6,x - 120.jpg,x,validation-0179.jpg,0,,train-61829.jpg,6,x - 31.jpg,x,validation-1306.jpg,1,,train-61906.jpg,6,x - 51.jpg,x,train-24534.jpg,2,,train-62236.jpg,6,x - 310.jpg,x,train-3570.jpg,3,,train-62059.jpg,6,x - 90a.jpg,x,validation-437.jpg,4,,train-6239.jpg,6,x - 70b.jpg,x,validation-5491.jpg,5,,train-61993.jpg,6,x - 73a.jpg,x,validation-6419.jpg,6,,train-62322.jpg,6,x - 53b.jpg,x,validation-71082.jpg,7,,train-62145.jpg,6,x - 112b.jpg,x,train-864.jpg,8,,train-62172.jpg,6,x - 15.jpg,x,validation-9149.jpg,9
train-61752.jpg,6,x - 121.jpg,x,validation-018.jpg,0,,train-6183.jpg,6,x - 310.jpg,x,validation-1307.jpg,1,,train-61907.jpg,6,x - 510.jpg,x,train-24331.jpg,2,,train-62237.jpg,6,x - 31a.jpg,x,train-3571.jpg,3,,train-6206.jpg,6,x - 90b.jpg,x,validation-4370.jpg,4,,train-62390.jpg,6,x - 71.jpg,x,validation-5492.jpg,5,,train-61994.jpg,6,x - 73b.jpg,x,validation-642.jpg,6,,train-62323.jpg,6,x - 54.jpg,x,validation-71083.jpg,7,,train-62146.jpg,6,x - 113.jpg,x,train-8640.jpg,8,,train-62155.jpg,6,x - 11a.jpg,x,validation-915.jpg,9
train-61753.jpg,6,x - 122.jpg,x,validation-0180.jpg,0,,train-61830.jpg,6,x - 31a.jpg,x,validation-1308.jpg,1,,train-61908.jpg,6,x - 51a.jpg,x,train-24332.jpg,2,,train-62238.jpg,6,x - 31b.jpg,x,train-3572.jpg,3,,train-62060.jpg,6,x - 91.jpg,x,validation-4371.jpg,4,,train-62391.jpg,6,x - 710.jpg,x,validation-5493.jpg,5,,train-61995.jpg,6,x - 74.jpg,x,validation-6420.jpg,6,,train-62324.jpg,6,x - 540.jpg,x,validation-71084.jpg,7,,train-62147.jpg,6,x - 1130.jpg,x,train-8641.jpg,8,,train-62156.jpg,6,x - 11b.jpg,x,validation-9150.jpg,9
train-61754.jpg,6,x - 123.jpg,x,validation-0181.jpg,0,,train-61831.jpg,6,x - 31b.jpg,x,validation-1309.jpg,1,,train-61909.jpg,6,x - 51b.jpg,x,train-24333.jpg,2,,train-62239.jpg,6,x - 32.jpg,x,train-3573.jpg,3,,train-62061.jpg,6,x - 910.jpg,x,validation-4372.jpg,4,,train-62392.jpg,6,x - 71a.jpg,x,validation-5494.jpg,5,,train-61996.jpg,6,x - 740.jpg,x,validation-6421.jpg,6,,train-62325.jpg,6,x - 54a.jpg,x,validation-71085.jpg,7,,train-62148.jpg,6,x - 113a.jpg,x,train-8497.jpg,8,,train-62157.jpg,6,x - 12.jpg,x,validation-9151.jpg,9
train-61755.jpg,6,x - 124.jpg,x,validation-0182.jpg,0,,train-61832.jpg,6,x - 32.jpg,x,validation-131.jpg,1,,train-6191.jpg,6,x - 52.jpg,x,train-24334.jpg,2,,train-6224.jpg,6,x - 320.jpg,x,train-3574.jpg,3,,train-62062.jpg,6,x - 91a.jpg,x,validation-4373.jpg,4,,train-62393.jpg,6,x - 71b.jpg,x,validation-5495.jpg,5,,train-62150.jpg,6,x - 115.jpg,x,validation-6422.jpg,6,,train-6216.jpg,6,x - 122.jpg,x,validation-71086.jpg,7,,train-62149.jpg,6,x - 113b.jpg,x,train-8498.jpg,8,,train-62158.jpg,6,x - 120.jpg,x,validation-9152.jpg,9
train-61756.jpg,6,x - 125.jpg,x,validation-0183.jpg,0,,train-61833.jpg,6,x - 320.jpg,x,validation-1310.jpg,1,,train-61910.jpg,6,x - 520.jpg,x,train-24335.jpg,2,,train-62240.jpg,6,x - 32a.jpg,x,train-3575.jpg,3,,train-62063.jpg,6,x - 91b.jpg,x,validation-4374.jpg,4,,train-62394.jpg,6,x - 72.jpg,x,validation-5496.jpg,5,,train-62151.jpg,6,x - 116.jpg,x,validation-6423.jpg,6,,train-62160.jpg,6,x - 123.jpg,x,validation-71087.jpg,7,,train-6215.jpg,6,x - 114.jpg,x,train-8499.jpg,8,,train-62159.jpg,6,x - 121.jpg,x,validation-9153.jpg,9
train-61757.jpg,6,x - 12a.jpg,x,validation-0184.jpg,0,,train-61834.jpg,6,x - 32a.jpg,x,validation-1311.jpg,1,,train-61911.jpg,6,x - 52a.jpg,x,train-24336.jpg,2,,train-62241.jpg,6,x - 32b.jpg,x,train-3576.jpg,3,,train-62064.jpg,6,x - 92.jpg,x,validation-4375.jpg,4,,train-62395.jpg,6,x - 720.jpg,x,validation-5497.jpg,5,,train-61920.jpg,6,x - 55.jpg,x,validation-6424.jpg,6,,train-62250.jpg,6,x - 350.jpg,x,validation-71088.jpg,7,,train-62073.jpg,6,x - 94a.jpg,x,train-84793.jpg,8,,train-62403.jpg,6,x - 74b.jpg,x,validation-9154.jpg,9
train-61758.jpg,6,x - 12b.jpg,x,validation-0185.jpg,0,,train-61835.jpg,6,x - 32b.jpg,x,validation-1312.jpg,1,,train-61912.jpg,6,x - 52b.jpg,x,train-24337.jpg,2,,train-62242.jpg,6,x - 33.jpg,x,train-3577.jpg,3,,train-62065.jpg,6,x - 920.jpg,x,validation-4376.jpg,4,,train-62396.jpg,6,x - 72a.jpg,x,validation-5498.jpg,5,,train-61921.jpg,6,x - 550.jpg,x,validation-6425.jpg,6,,train-62251.jpg,6,x - 35a.jpg,x,validation-7109.jpg,7,,train-62074.jpg,6,x - 94b.jpg,x,train-84794.jpg,8,,train-62404.jpg,6,x - 75.jpg,x,validation-9155.jpg,9
train-61759.jpg,6,x - 13.jpg,x,validation-0186.jpg,0,,train-61836.jpg,6,x - 33.jpg,x,validation-1313.jpg,1,,train-61913.jpg,6,x - 53.jpg,x,train-24338.jpg,2,,train-62243.jpg,6,x - 330.jpg,x,train-3578.jpg,3,,train-62066.jpg,6,x - 92a.jpg,x,validation-4377.jpg,4,,train-62397.jpg,6,x - 72b.jpg,x,validation-5499.jpg,5,,train-61922.jpg,6,x - 55a.jpg,x,validation-6426.jpg,6,,train-62252.jpg,6,x - 35b.jpg,x,validation-711.jpg,7,,train-62075.jpg,6,x - 95.jpg,x,train-84795.jpg,8,,train-62405.jpg,6,x - 750.jpg,x,validation-9156.jpg,9
train-6176.jpg,6,x - 130.jpg,x,validation-0187.jpg,0,,train-61837.jpg,6,x - 330.jpg,x,validation-1314.jpg,1,,train-61914.jpg,6,x - 530.jpg,x,train-24339.jpg,2,,train-62244.jpg,6,x - 33a.jpg,x,train-3579.jpg,3,,train-62067.jpg,6,x - 92b.jpg,x,validation-4378.jpg,4,,train-62398.jpg,6,x - 73.jpg,x,validation-55.jpg,5,,train-61923.jpg,6,x - 55b.jpg,x,validation-6427.jpg,6,,train-62253.jpg,6,x - 36.jpg,x,validation-7110.jpg,7,,train-62076.jpg,6,x - 950.jpg,x,train-84796.jpg,8,,train-62406.jpg,6,x - 75a.jpg,x,validation-9157.jpg,9
train-61760.jpg,6,x - 13a.jpg,x,validation-0188.jpg,0,,train-61838.jpg,6,x - 33a.jpg,x,validation-1315.jpg,1,,train-61915.jpg,6,x - 53a.jpg,x,train-2434.jpg,2,,train-62245.jpg,6,x - 33b.jpg,x,train-358.jpg,3,,train-62068.jpg,6,x - 93.jpg,x,validation-4379.jpg,4,,train-62399.jpg,6,x - 730.jpg,x,validation-550.jpg,5,,train-61924.jpg,6,x - 56.jpg,x,validation-6428.jpg,6,,train-62254.jpg,6,x - 360.jpg,x,validation-7111.jpg,7,,train-62077.jpg,6,x - 95a.jpg,x,train-84797.jpg,8,,train-62407.jpg,6,x - 75b.jpg,x,validation-9158.jpg,9
train-61761.jpg,6,x - 13b.jpg,x,validation-0189.jpg,0,,train-61839.jpg,6,x - 33b.jpg,x,validation-1316.jpg,1,,train-61916.jpg,6,x - 53b.jpg,x,train-24340.jpg,2,,train-62246.jpg,6,x - 34.jpg,x,train-3580.jpg,3,,train-62069.jpg,6,x - 930.jpg,x,validation-438.jpg,4,,train-624.jpg,6,x - 73a.jpg,x,validation-5500.jpg,5,,train-61925.jpg,6,x - 560.jpg,x,validation-6429.jpg,6,,train-62255.jpg,6,x - 36a.jpg,x,validation-7112.jpg,7,,train-62078.jpg,6,x - 95b.jpg,x,train-84798.jpg,8,,train-62408.jpg,6,x - 76.jpg,x,validation-9159.jpg,9
train-61762.jpg,6,x - 14.jpg,x,validation-019.jpg,0,,train-6184.jpg,6,x - 34.jpg,x,validation-1317.jpg,1,,train-61917.jpg,6,x - 54.jpg,x,train-24341.jpg,2,,train-62247.jpg,6,x - 340.jpg,x,train-3581.jpg,3,,train-6207.jpg,6,x - 93a.jpg,x,validation-4380.jpg,4,,train-6240.jpg,6,x - 73b.jpg,x,validation-5501.jpg,5,,train-61926.jpg,6,x - 56a.jpg,x,validation-643.jpg,6,,train-62256.jpg,6,x - 36b.jpg,x,validation-7113.jpg,7,,train-62079.jpg,6,x - 96.jpg,x,train-84799.jpg,8,,train-62409.jpg,6,x - 760.jpg,x,validation-916.jpg,9
train-61763.jpg,6,x - 140.jpg,x,validation-0190.jpg,0,,train-61840.jpg,6,x - 340.jpg,x,validation-1318.jpg,1,,train-61918.jpg,6,x - 540.jpg,x,train-24342.jpg,2,,train-62248.jpg,6,x - 34a.jpg,x,train-3582.jpg,3,,train-62070.jpg,6,x - 93b.jpg,x,validation-4381.jpg,4,,train-62400.jpg,6,x - 74.jpg,x,validation-5552.jpg,5,,train-61927.jpg,6,x - 56b.jpg,x,validation-6430.jpg,6,,train-62257.jpg,6,x - 37.jpg,x,validation-7114.jpg,7,,train-6208.jpg,6,x - 960.jpg,x,train-848.jpg,8,,train-6241.jpg,6,x - 76a.jpg,x,validation-9928.jpg,9
train-61764.jpg,6,x - 14a.jpg,x,validation-0191.jpg,0,,train-61841.jpg,6,x - 34a.jpg,x,validation-1319.jpg,1,,train-61919.jpg,6,x - 54a.jpg,x,train-24343.jpg,2,,train-62249.jpg,6,x - 34b.jpg,x,train-3583.jpg,3,,train-62071.jpg,6,x - 94.jpg,x,validation-4382.jpg,4,,train-62401.jpg,6,x - 740.jpg,x,validation-5553.jpg,5,,train-61928.jpg,6,x - 57.jpg,x,validation-6431.jpg,6,,train-62258.jpg,6,x - 370.jpg,x,validation-7115.jpg,7,,train-62080.jpg,6,x - 96a.jpg,x,train-8480.jpg,8,,train-62410.jpg,6,x - 76b.jpg,x,validation-9847.jpg,9
train-61765.jpg,6,x - 14b.jpg,x,validation-0192.jpg,0,,train-61842.jpg,6,x - 34b.jpg,x,validation-132.jpg,1,,train-6192.jpg,6,x - 54b.jpg,x,train-24344.jpg,2,,train-6225.jpg,6,x - 35.jpg,x,train-3584.jpg,3,,train-62072.jpg,6,x - 940.jpg,x,validation-4383.jpg,4,,train-62402.jpg,6,x - 74a.jpg,x,validation-5554.jpg,5,,train-61929.jpg,6,x - 570.jpg,x,validation-6432.jpg,6,,train-62259.jpg,6,x - 37a.jpg,x,validation-7988.jpg,7,,train-62081.jpg,6,x - 96b.jpg,x,train-84800.jpg,8,,train-62411.jpg,6,x - 77.jpg,x,validation-9848.jpg,9