+ - 1.jpg,+
+ - 10.jpg,+
+ - 100.jpg,+
+ - 100a.jpg,+
+ - 100b.jpg,+
+ - 100c.jpg,+
+ - 100o.jpg,+
+ - 101.jpg,+
+ - 101a.jpg,+
+ - 101b.jpg,+
+ - 101c.jpg,+
+ - 101o.jpg,+
+ - 102.jpg,+
+ - 102a.jpg,+
+ - 102b.jpg,+
+ - 102c.jpg,+
+ - 102o.jpg,+
+ - 103.jpg,+
+ - 103a.jpg,+
+ - 103b.jpg,+
+ - 103c.jpg,+
+ - 103o.jpg,+
+ - 104.jpg,+
+ - 104a.jpg,+
+ - 104b.jpg,+
+ - 104c.jpg,+
+ - 104o.jpg,+
+ - 105.jpg,+
+ - 105a.jpg,+
+ - 105b.jpg,+
+ - 105c.jpg,+
+ - 105o.jpg,+
+ - 106.jpg,+
+ - 106a.jpg,+
+ - 106b.jpg,+
+ - 106c.jpg,+
+ - 106o.jpg,+
+ - 10a.jpg,+
+ - 10b.jpg,+
+ - 10c.jpg,+
+ - 10o.jpg,+
+ - 11.jpg,+
+ - 11a.jpg,+
+ - 11b.jpg,+
+ - 11c.jpg,+
+ - 11o.jpg,+
+ - 12.jpg,+
+ - 12a.jpg,+
+ - 12b.jpg,+
+ - 12c.jpg,+
+ - 12o.jpg,+
+ - 13.jpg,+
+ - 13a.jpg,+
+ - 13b.jpg,+
+ - 13c.jpg,+
+ - 13o.jpg,+
+ - 14.jpg,+
+ - 14a.jpg,+
+ - 14b.jpg,+
+ - 14c.jpg,+
+ - 14o.jpg,+
+ - 15.jpg,+
+ - 15a.jpg,+
+ - 15b.jpg,+
+ - 15c.jpg,+
+ - 15o.jpg,+
+ - 16.jpg,+
+ - 16a.jpg,+
+ - 16b.jpg,+
+ - 16c.jpg,+
+ - 16o.jpg,+
+ - 17.jpg,+
+ - 17a.jpg,+
+ - 17b.jpg,+
+ - 17c.jpg,+
+ - 17o.jpg,+
+ - 18.jpg,+
+ - 18a.jpg,+
+ - 18b.jpg,+
+ - 18c.jpg,+
+ - 18o.jpg,+
+ - 19.jpg,+
+ - 19a.jpg,+
+ - 19b.jpg,+
+ - 19c.jpg,+
+ - 19o.jpg,+
+ - 1a.jpg,+
+ - 1b.jpg,+
+ - 1c.jpg,+
+ - 1o.jpg,+
+ - 2.jpg,+
+ - 20.jpg,+
+ - 20a.jpg,+
+ - 20b.jpg,+
+ - 20c.jpg,+
+ - 20o.jpg,+
+ - 21.jpg,+
+ - 21a.jpg,+
+ - 21b.jpg,+
+ - 21c.jpg,+
+ - 21o.jpg,+
+ - 22.jpg,+
+ - 22a.jpg,+
+ - 22b.jpg,+
+ - 22c.jpg,+
+ - 22o.jpg,+
+ - 23.jpg,+
+ - 23a.jpg,+
+ - 23b.jpg,+
+ - 23c.jpg,+
+ - 23o.jpg,+
+ - 24.jpg,+
+ - 24a.jpg,+
+ - 24b.jpg,+
+ - 24c.jpg,+
+ - 24o.jpg,+
+ - 25.jpg,+
+ - 25a.jpg,+
+ - 25b.jpg,+
+ - 25c.jpg,+
+ - 25o.jpg,+
+ - 26.jpg,+
+ - 26a.jpg,+
+ - 26b.jpg,+
+ - 26c.jpg,+
+ - 26o.jpg,+
+ - 27.jpg,+
+ - 27a.jpg,+
+ - 27b.jpg,+
+ - 27c.jpg,+
+ - 27o.jpg,+
+ - 28.jpg,+
+ - 28a.jpg,+
+ - 28b.jpg,+
+ - 28c.jpg,+
+ - 28o.jpg,+
+ - 29.jpg,+
+ - 29a.jpg,+
+ - 29b.jpg,+
+ - 29c.jpg,+
+ - 29o.jpg,+
+ - 2a.jpg,+
+ - 2b.jpg,+
+ - 2c.jpg,+
+ - 2o.jpg,+
+ - 3.jpg,+
+ - 30.jpg,+
+ - 30a.jpg,+
+ - 30b.jpg,+
+ - 30c.jpg,+
+ - 30o.jpg,+
+ - 31.jpg,+
+ - 31a.jpg,+
+ - 31b.jpg,+
+ - 31c.jpg,+
+ - 31o.jpg,+
+ - 32.jpg,+
+ - 32o.jpg,+
+ - 33.jpg,+
+ - 33a.jpg,+
+ - 33b.jpg,+
+ - 33c.jpg,+
+ - 33o.jpg,+
+ - 34.jpg,+
+ - 34a.jpg,+
+ - 34b.jpg,+
+ - 34c.jpg,+
+ - 34o.jpg,+
+ - 35.jpg,+
+ - 35a.jpg,+
+ - 35b.jpg,+
+ - 35c.jpg,+
+ - 35o.jpg,+
+ - 36.jpg,+
+ - 36o.jpg,+
+ - 37.jpg,+
+ - 37a.jpg,+
+ - 37b.jpg,+
+ - 37c.jpg,+
+ - 37o.jpg,+
+ - 38.jpg,+
+ - 38a.jpg,+
+ - 38b.jpg,+
+ - 38c.jpg,+
+ - 38o.jpg,+
+ - 39.jpg,+
+ - 39a.jpg,+
+ - 39b.jpg,+
+ - 39c.jpg,+
+ - 39o.jpg,+
+ - 3a.jpg,+
+ - 3b.jpg,+
+ - 3c.jpg,+
+ - 3o.jpg,+
+ - 4.jpg,+
+ - 40.jpg,+
+ - 40a.jpg,+
+ - 40b.jpg,+
+ - 40c.jpg,+
+ - 40o.jpg,+
+ - 41.jpg,+
+ - 41a.jpg,+
+ - 41b.jpg,+
+ - 41c.jpg,+
+ - 41o.jpg,+
+ - 42.jpg,+
+ - 42a.jpg,+
+ - 42b.jpg,+
+ - 42c.jpg,+
+ - 42o.jpg,+
+ - 43.jpg,+
+ - 43a.jpg,+
+ - 43b.jpg,+
+ - 43c.jpg,+
+ - 43o.jpg,+
+ - 44.jpg,+
+ - 44a.jpg,+
+ - 44b.jpg,+
+ - 44c.jpg,+
+ - 44o.jpg,+
+ - 45.jpg,+
+ - 45a.jpg,+
+ - 45b.jpg,+
+ - 45c.jpg,+
+ - 45o.jpg,+
+ - 46.jpg,+
+ - 46a.jpg,+
+ - 46b.jpg,+
+ - 46c.jpg,+
+ - 46o.jpg,+
+ - 47.jpg,+
+ - 47a.jpg,+
+ - 47b.jpg,+
+ - 47c.jpg,+
+ - 47o.jpg,+
+ - 48.jpg,+
+ - 48a.jpg,+
+ - 48b.jpg,+
+ - 48c.jpg,+
+ - 48o.jpg,+
+ - 49.jpg,+
+ - 49a.jpg,+
+ - 49b.jpg,+
+ - 49c.jpg,+
+ - 49o.jpg,+
+ - 4a.jpg,+
+ - 4b.jpg,+
+ - 4c.jpg,+
+ - 4o.jpg,+
+ - 5.jpg,+
+ - 50.jpg,+
+ - 50a.jpg,+
+ - 50b.jpg,+
+ - 50c.jpg,+
+ - 50o.jpg,+
+ - 51.jpg,+
+ - 51a.jpg,+
+ - 51b.jpg,+
+ - 51c.jpg,+
+ - 51o.jpg,+
+ - 52.jpg,+
+ - 52a.jpg,+
+ - 52b.jpg,+
+ - 52c.jpg,+
+ - 52o.jpg,+
+ - 53.jpg,+
+ - 53a.jpg,+
+ - 53b.jpg,+
+ - 53c.jpg,+
+ - 53o.jpg,+
+ - 54.jpg,+
+ - 54a.jpg,+
+ - 54b.jpg,+
+ - 54c.jpg,+
+ - 54o.jpg,+
+ - 55.jpg,+
+ - 55a.jpg,+
+ - 55b.jpg,+
+ - 55c.jpg,+
+ - 55o.jpg,+
+ - 56.jpg,+
+ - 56a.jpg,+
+ - 56b.jpg,+
+ - 56c.jpg,+
+ - 56o.jpg,+
+ - 57.jpg,+
+ - 57a.jpg,+
+ - 57b.jpg,+
+ - 57c.jpg,+
+ - 57o.jpg,+
+ - 58.jpg,+
+ - 58a.jpg,+
+ - 58b.jpg,+
+ - 58c.jpg,+
+ - 58o.jpg,+
+ - 59.jpg,+
+ - 59a.jpg,+
+ - 59b.jpg,+
+ - 59c.jpg,+
+ - 59o.jpg,+
+ - 5a.jpg,+
+ - 5b.jpg,+
+ - 5c.jpg,+
+ - 5o.jpg,+
+ - 6.jpg,+
+ - 60.jpg,+
+ - 60a.jpg,+
+ - 60b.jpg,+
+ - 60c.jpg,+
+ - 60o.jpg,+
+ - 61.jpg,+
+ - 61a.jpg,+
+ - 61b.jpg,+
+ - 61c.jpg,+
+ - 61o.jpg,+
+ - 62.jpg,+
+ - 62a.jpg,+
+ - 62b.jpg,+
+ - 62c.jpg,+
+ - 62o.jpg,+
+ - 63.jpg,+
+ - 63a.jpg,+
+ - 63b.jpg,+
+ - 63c.jpg,+
+ - 63o.jpg,+
+ - 64.jpg,+
+ - 64a.jpg,+
+ - 64b.jpg,+
+ - 64c.jpg,+
+ - 64o.jpg,+
+ - 65.jpg,+
+ - 65a.jpg,+
+ - 65b.jpg,+
+ - 65c.jpg,+
+ - 65o.jpg,+
+ - 66.jpg,+
+ - 66a.jpg,+
+ - 66b.jpg,+
+ - 66c.jpg,+
+ - 66o.jpg,+
+ - 67.jpg,+
+ - 67a.jpg,+
+ - 67b.jpg,+
+ - 67c.jpg,+
+ - 67o.jpg,+
+ - 68.jpg,+
+ - 68a.jpg,+
+ - 68b.jpg,+
+ - 68c.jpg,+
+ - 68o.jpg,+
+ - 69.jpg,+
+ - 69a.jpg,+
+ - 69b.jpg,+
+ - 69c.jpg,+
+ - 69o.jpg,+
+ - 6a.jpg,+
+ - 6b.jpg,+
+ - 6c.jpg,+
+ - 6o.jpg,+
+ - 7.jpg,+
+ - 70.jpg,+
+ - 70a.jpg,+
+ - 70b.jpg,+
+ - 70c.jpg,+
+ - 70o.jpg,+
+ - 71.jpg,+
+ - 71a.jpg,+
+ - 71b.jpg,+
+ - 71c.jpg,+
+ - 71o.jpg,+
+ - 72.jpg,+
+ - 72a.jpg,+
+ - 72b.jpg,+
+ - 72c.jpg,+
+ - 72o.jpg,+
+ - 73.jpg,+
+ - 73a.jpg,+
+ - 73b.jpg,+
+ - 73c.jpg,+
+ - 73o.jpg,+
+ - 74.jpg,+
+ - 74a.jpg,+
+ - 74b.jpg,+
+ - 74c.jpg,+
+ - 74o.jpg,+
+ - 75.jpg,+
+ - 75a.jpg,+
+ - 75b.jpg,+
+ - 75c.jpg,+
+ - 75o.jpg,+
+ - 76.jpg,+
+ - 76a.jpg,+
+ - 76b.jpg,+
+ - 76c.jpg,+
+ - 76o.jpg,+
+ - 77.jpg,+
+ - 77a.jpg,+
+ - 77b.jpg,+
+ - 77c.jpg,+
+ - 77o.jpg,+
+ - 78.jpg,+
+ - 78a.jpg,+
+ - 78b.jpg,+
+ - 78c.jpg,+
+ - 78o.jpg,+
+ - 79.jpg,+
+ - 79a.jpg,+
+ - 79b.jpg,+
+ - 79c.jpg,+
+ - 79o.jpg,+
+ - 7a.jpg,+
+ - 7b.jpg,+
+ - 7c.jpg,+
+ - 7o.jpg,+
+ - 8.jpg,+
+ - 80.jpg,+
+ - 80a.jpg,+
+ - 80b.jpg,+
+ - 80c.jpg,+
+ - 80o.jpg,+
+ - 81.jpg,+
+ - 81a.jpg,+
+ - 81b.jpg,+
+ - 81c.jpg,+
+ - 81o.jpg,+
+ - 82.jpg,+
+ - 82a.jpg,+
+ - 82b.jpg,+
+ - 82c.jpg,+
+ - 82o.jpg,+
+ - 83.jpg,+
+ - 83a.jpg,+
+ - 83b.jpg,+
+ - 83c.jpg,+
+ - 83o.jpg,+
+ - 84.jpg,+
+ - 84a.jpg,+
+ - 84b.jpg,+
+ - 84c.jpg,+
+ - 84o.jpg,+
+ - 85.jpg,+
+ - 85a.jpg,+
+ - 85b.jpg,+
+ - 85c.jpg,+
+ - 85o.jpg,+
+ - 86.jpg,+
+ - 86a.jpg,+
+ - 86b.jpg,+
+ - 86c.jpg,+
+ - 86o.jpg,+
+ - 87.jpg,+
+ - 87a.jpg,+
+ - 87b.jpg,+
+ - 87c.jpg,+
+ - 87o.jpg,+
+ - 88.jpg,+
+ - 88a.jpg,+
+ - 88b.jpg,+
+ - 88c.jpg,+
+ - 88o.jpg,+
+ - 89.jpg,+
+ - 89a.jpg,+
+ - 89b.jpg,+
+ - 89c.jpg,+
+ - 89o.jpg,+
+ - 8a.jpg,+
+ - 8b.jpg,+
+ - 8c.jpg,+
+ - 8o.jpg,+
+ - 9.jpg,+
+ - 90.jpg,+
+ - 90a.jpg,+
+ - 90b.jpg,+
+ - 90c.jpg,+
+ - 90o.jpg,+
+ - 91.jpg,+
+ - 91a.jpg,+
+ - 91b.jpg,+
+ - 91c.jpg,+
+ - 91o.jpg,+
+ - 92.jpg,+
+ - 92a.jpg,+
+ - 92b.jpg,+
+ - 92c.jpg,+
+ - 92o.jpg,+
+ - 93.jpg,+
+ - 93a.jpg,+
+ - 93b.jpg,+
+ - 93c.jpg,+
+ - 93o.jpg,+
+ - 94.jpg,+
+ - 94a.jpg,+
+ - 94b.jpg,+
+ - 94c.jpg,+
+ - 94o.jpg,+
+ - 95.jpg,+
+ - 95a.jpg,+
+ - 95b.jpg,+
+ - 95c.jpg,+
+ - 95o.jpg,+
+ - 96.jpg,+
+ - 96a.jpg,+
+ - 96b.jpg,+
+ - 96c.jpg,+
+ - 96o.jpg,+
+ - 97.jpg,+
+ - 97a.jpg,+
+ - 97b.jpg,+
+ - 97c.jpg,+
+ - 97o.jpg,+
+ - 98.jpg,+
+ - 98a.jpg,+
+ - 98b.jpg,+
+ - 98c.jpg,+
+ - 98o.jpg,+
+ - 99.jpg,+
+ - 99a.jpg,+
+ - 99b.jpg,+
+ - 99c.jpg,+
+ - 99o.jpg,+
+ - 9a.jpg,+
+ - 9b.jpg,+
+ - 9c.jpg,+
+ - 9o.jpg,+
