- - 1.jpg,-
- - 10.jpg,-
- - 100.jpg,-
- - 100h.jpg,-
- - 100v.jpg,-
- - 10h.jpg,-
- - 10v.jpg,-
- - 11.jpg,-
- - 11h.jpg,-
- - 11v.jpg,-
- - 12.jpg,-
- - 12h.jpg,-
- - 12v.jpg,-
- - 13.jpg,-
- - 13h.jpg,-
- - 13v.jpg,-
- - 14.jpg,-
- - 14h.jpg,-
- - 14v.jpg,-
- - 15.jpg,-
- - 15h.jpg,-
- - 15v.jpg,-
- - 16.jpg,-
- - 16h.jpg,-
- - 16v.jpg,-
- - 17.jpg,-
- - 17h.jpg,-
- - 17v.jpg,-
- - 18.jpg,-
- - 18h.jpg,-
- - 18v.jpg,-
- - 19.jpg,-
- - 19h.jpg,-
- - 19v.jpg,-
- - 1h.jpg,-
- - 1v.jpg,-
- - 2.jpg,-
- - 20.jpg,-
- - 20h.jpg,-
- - 20v.jpg,-
- - 21.jpg,-
- - 21h.jpg,-
- - 21v.jpg,-
- - 22.jpg,-
- - 22h.jpg,-
- - 22v.jpg,-
- - 23.jpg,-
- - 23h.jpg,-
- - 23v.jpg,-
- - 24.jpg,-
- - 24h.jpg,-
- - 24v.jpg,-
- - 25.jpg,-
- - 25h.jpg,-
- - 25v.jpg,-
- - 26.jpg,-
- - 26h.jpg,-
- - 26v.jpg,-
- - 27.jpg,-
- - 27h.jpg,-
- - 27v.jpg,-
- - 28.jpg,-
- - 28h.jpg,-
- - 28v.jpg,-
- - 29.jpg,-
- - 29h.jpg,-
- - 29v.jpg,-
- - 2h.jpg,-
- - 2v.jpg,-
- - 3.jpg,-
- - 30.jpg,-
- - 30h.jpg,-
- - 30v.jpg,-
- - 31.jpg,-
- - 31h.jpg,-
- - 31v.jpg,-
- - 32.jpg,-
- - 32h.jpg,-
- - 32v.jpg,-
- - 33.jpg,-
- - 33h.jpg,-
- - 33v.jpg,-
- - 34.jpg,-
- - 34h.jpg,-
- - 34v.jpg,-
- - 35.jpg,-
- - 35h.jpg,-
- - 35v.jpg,-
- - 36.jpg,-
- - 36h.jpg,-
- - 36v.jpg,-
- - 37.jpg,-
- - 37h.jpg,-
- - 37v.jpg,-
- - 38.jpg,-
- - 38h.jpg,-
- - 38v.jpg,-
- - 39.jpg,-
- - 39h.jpg,-
- - 39v.jpg,-
- - 3h.jpg,-
- - 3v.jpg,-
- - 4.jpg,-
- - 40.jpg,-
- - 40h.jpg,-
- - 40v.jpg,-
- - 41.jpg,-
- - 41h.jpg,-
- - 41v.jpg,-
- - 42.jpg,-
- - 42h.jpg,-
- - 42v.jpg,-
- - 43.jpg,-
- - 43h.jpg,-
- - 43v.jpg,-
- - 44.jpg,-
- - 44h.jpg,-
- - 44v.jpg,-
- - 45.jpg,-
- - 45h.jpg,-
- - 45v.jpg,-
- - 46.jpg,-
- - 46h.jpg,-
- - 46v.jpg,-
- - 47.jpg,-
- - 47h.jpg,-
- - 47v.jpg,-
- - 48.jpg,-
- - 48h.jpg,-
- - 48v.jpg,-
- - 49.jpg,-
- - 49h.jpg,-
- - 49v.jpg,-
- - 4h.jpg,-
- - 4v.jpg,-
- - 5.jpg,-
- - 50.jpg,-
- - 50h.jpg,-
- - 50v.jpg,-
- - 51.jpg,-
- - 51h.jpg,-
- - 51v.jpg,-
- - 52.jpg,-
- - 52h.jpg,-
- - 52v.jpg,-
- - 53.jpg,-
- - 53h.jpg,-
- - 53v.jpg,-
- - 54.jpg,-
- - 54h.jpg,-
- - 54v.jpg,-
- - 55.jpg,-
- - 55h.jpg,-
- - 55v.jpg,-
- - 56.jpg,-
- - 56h.jpg,-
- - 56v.jpg,-
- - 57.jpg,-
- - 57h.jpg,-
- - 57v.jpg,-
- - 58.jpg,-
- - 58h.jpg,-
- - 58v.jpg,-
- - 59.jpg,-
- - 59h.jpg,-
- - 59v.jpg,-
- - 5h.jpg,-
- - 5v.jpg,-
- - 6.jpg,-
- - 60.jpg,-
- - 60h.jpg,-
- - 60v.jpg,-
- - 61.jpg,-
- - 61h.jpg,-
- - 61v.jpg,-
- - 62.jpg,-
- - 62h.jpg,-
- - 62v.jpg,-
- - 63.jpg,-
- - 63h.jpg,-
- - 63v.jpg,-
- - 64.jpg,-
- - 64h.jpg,-
- - 64v.jpg,-
- - 65.jpg,-
- - 65h.jpg,-
- - 65v.jpg,-
- - 66.jpg,-
- - 66h.jpg,-
- - 66v.jpg,-
- - 67.jpg,-
- - 67h.jpg,-
- - 67v.jpg,-
- - 68.jpg,-
- - 68h.jpg,-
- - 68v.jpg,-
- - 69.jpg,-
- - 69h.jpg,-
- - 69v.jpg,-
- - 6h.jpg,-
- - 6v.jpg,-
- - 7.jpg,-
- - 70.jpg,-
- - 70h.jpg,-
- - 70v.jpg,-
- - 71.jpg,-
- - 71h.jpg,-
- - 71v.jpg,-
- - 72.jpg,-
- - 72h.jpg,-
- - 72v.jpg,-
- - 73.jpg,-
- - 73h.jpg,-
- - 73v.jpg,-
- - 74.jpg,-
- - 74h.jpg,-
- - 74v.jpg,-
- - 75.jpg,-
- - 75h.jpg,-
- - 75v.jpg,-
- - 76.jpg,-
- - 76h.jpg,-
- - 76v.jpg,-
- - 77.jpg,-
- - 77h.jpg,-
- - 77v.jpg,-
- - 78.jpg,-
- - 78h.jpg,-
- - 78v.jpg,-
- - 79.jpg,-
- - 79h.jpg,-
- - 79v.jpg,-
- - 7h.jpg,-
- - 7v.jpg,-
- - 8.jpg,-
- - 80.jpg,-
- - 80h.jpg,-
- - 80v.jpg,-
- - 81.jpg,-
- - 81h.jpg,-
- - 81v.jpg,-
- - 82.jpg,-
- - 82h.jpg,-
- - 82v.jpg,-
- - 83.jpg,-
- - 83h.jpg,-
- - 83v.jpg,-
- - 84.jpg,-
- - 84h.jpg,-
- - 84v.jpg,-
- - 85.jpg,-
- - 85h.jpg,-
- - 85v.jpg,-
- - 86.jpg,-
- - 86h.jpg,-
- - 86v.jpg,-
- - 87.jpg,-
- - 87h.jpg,-
- - 87v.jpg,-
- - 88.jpg,-
- - 88h.jpg,-
- - 88v.jpg,-
- - 89.jpg,-
- - 89h.jpg,-
- - 89v.jpg,-
- - 8h.jpg,-
- - 8v.jpg,-
- - 9.jpg,-
- - 90.jpg,-
- - 90h.jpg,-
- - 90v.jpg,-
- - 91.jpg,-
- - 91h.jpg,-
- - 91v.jpg,-
- - 92.jpg,-
- - 92h.jpg,-
- - 92v.jpg,-
- - 93.jpg,-
- - 93h.jpg,-
- - 93v.jpg,-
- - 94.jpg,-
- - 94h.jpg,-
- - 94v.jpg,-
- - 95.jpg,-
- - 95h.jpg,-
- - 95v.jpg,-
- - 96.jpg,-
- - 96h.jpg,-
- - 96v.jpg,-
- - 97.jpg,-
- - 97h.jpg,-
- - 97v.jpg,-
- - 98.jpg,-
- - 98h.jpg,-
- - 98v.jpg,-
- - 99.jpg,-
- - 99h.jpg,-
- - 99v.jpg,-
- - 9h.jpg,-
- - 9v.jpg,-
