d - 1.jpg,d
d - 10.jpg,d
d - 100.jpg,d
d - 100o.jpg,d
d - 101.jpg,d
d - 101o.jpg,d
d - 102.jpg,d
d - 102o.jpg,d
d - 103.jpg,d
d - 103o.jpg,d
d - 104.jpg,d
d - 104o.jpg,d
d - 105.jpg,d
d - 105o.jpg,d
d - 106.jpg,d
d - 106o.jpg,d
d - 107o.jpg,d
d - 108o.jpg,d
d - 10o.jpg,d
d - 11.jpg,d
d - 11o.jpg,d
d - 12.jpg,d
d - 12o.jpg,d
d - 13.jpg,d
d - 13o.jpg,d
d - 14.jpg,d
d - 14o.jpg,d
d - 15.jpg,d
d - 15o.jpg,d
d - 16.jpg,d
d - 16o.jpg,d
d - 17.jpg,d
d - 17o.jpg,d
d - 18.jpg,d
d - 18o.jpg,d
d - 19.jpg,d
d - 19o.jpg,d
d - 1o.jpg,d
d - 2.jpg,d
d - 20.jpg,d
d - 20o.jpg,d
d - 21.jpg,d
d - 21o.jpg,d
d - 22.jpg,d
d - 22o.jpg,d
d - 23.jpg,d
d - 23o.jpg,d
d - 24.jpg,d
d - 24o.jpg,d
d - 25.jpg,d
d - 25o.jpg,d
d - 26.jpg,d
d - 26o.jpg,d
d - 27.jpg,d
d - 27o.jpg,d
d - 28.jpg,d
d - 28o.jpg,d
d - 29.jpg,d
d - 29o.jpg,d
d - 2o.jpg,d
d - 3.jpg,d
d - 30.jpg,d
d - 30o.jpg,d
d - 31.jpg,d
d - 31o.jpg,d
d - 32.jpg,d
d - 32o.jpg,d
d - 33.jpg,d
d - 33o.jpg,d
d - 34.jpg,d
d - 34o.jpg,d
d - 35.jpg,d
d - 35o.jpg,d
d - 36.jpg,d
d - 36o.jpg,d
d - 37.jpg,d
d - 37o.jpg,d
d - 38.jpg,d
d - 38o.jpg,d
d - 39.jpg,d
d - 39o.jpg,d
d - 3o.jpg,d
d - 4.jpg,d
d - 40.jpg,d
d - 40o.jpg,d
d - 41.jpg,d
d - 41o.jpg,d
d - 42.jpg,d
d - 42o.jpg,d
d - 43.jpg,d
d - 43o.jpg,d
d - 44.jpg,d
d - 44o.jpg,d
d - 45.jpg,d
d - 45o.jpg,d
d - 46.jpg,d
d - 46o.jpg,d
d - 47.jpg,d
d - 47o.jpg,d
d - 48.jpg,d
d - 48o.jpg,d
d - 49.jpg,d
d - 49o.jpg,d
d - 4o.jpg,d
d - 5.jpg,d
d - 50.jpg,d
d - 50o.jpg,d
d - 51.jpg,d
d - 51o.jpg,d
d - 52.jpg,d
d - 52o.jpg,d
d - 53.jpg,d
d - 53o.jpg,d
d - 54.jpg,d
d - 54o.jpg,d
d - 55.jpg,d
d - 55o.jpg,d
d - 56.jpg,d
d - 56o.jpg,d
d - 57.jpg,d
d - 57o.jpg,d
d - 58.jpg,d
d - 58o.jpg,d
d - 59.jpg,d
d - 59o.jpg,d
d - 5o.jpg,d
d - 6.jpg,d
d - 60.jpg,d
d - 60o.jpg,d
d - 61.jpg,d
d - 61o.jpg,d
d - 62.jpg,d
d - 62o.jpg,d
d - 63.jpg,d
d - 63o.jpg,d
d - 64.jpg,d
d - 64o.jpg,d
d - 65.jpg,d
d - 65o.jpg,d
d - 66.jpg,d
d - 66o.jpg,d
d - 67.jpg,d
d - 67o.jpg,d
d - 68.jpg,d
d - 68o.jpg,d
d - 6o.jpg,d
d - 7.jpg,d
d - 70.jpg,d
d - 70o.jpg,d
d - 71.jpg,d
d - 71o.jpg,d
d - 72.jpg,d
d - 72o.jpg,d
d - 73.jpg,d
d - 73o.jpg,d
d - 74.jpg,d
d - 74o.jpg,d
d - 75.jpg,d
d - 75o.jpg,d
d - 76.jpg,d
d - 76o.jpg,d
d - 77.jpg,d
d - 77o.jpg,d
d - 78.jpg,d
d - 78o.jpg,d
d - 79.jpg,d
d - 79o.jpg,d
d - 7o.jpg,d
d - 8.jpg,d
d - 80.jpg,d
d - 80o.jpg,d
d - 81.jpg,d
d - 81o.jpg,d
d - 82.jpg,d
d - 82o.jpg,d
d - 83.jpg,d
d - 83o.jpg,d
d - 84.jpg,d
d - 84o.jpg,d
d - 85.jpg,d
d - 85o.jpg,d
d - 86.jpg,d
d - 86o.jpg,d
d - 87.jpg,d
d - 87o.jpg,d
d - 88.jpg,d
d - 88o.jpg,d
d - 89.jpg,d
d - 89o.jpg,d
d - 8o.jpg,d
d - 9.jpg,d
d - 90.jpg,d
d - 90o.jpg,d
d - 91.jpg,d
d - 91o.jpg,d
d - 92.jpg,d
d - 92o.jpg,d
d - 93.jpg,d
d - 93o.jpg,d
d - 94.jpg,d
d - 94o.jpg,d
d - 95.jpg,d
d - 95o.jpg,d
d - 96.jpg,d
d - 96o.jpg,d
d - 97.jpg,d
d - 97o.jpg,d
d - 98.jpg,d
d - 98o.jpg,d
d - 99.jpg,d
d - 99o.jpg,d
d - 9o.jpg,d
