train-43841.jpg,4,,train-43919.jpg,4,,train-4769.jpg,4,,train-44492.jpg,4,,validation-4440.jpg,4,,train-44280.jpg,4,,validation-4229.jpg,4,,train-44854.jpg,4,,validation-4802.jpg,4,,train-4408.jpg,4,,train-493.jpg,4,,train-44653.jpg,4,,validation-4601.jpg,4,,train-44441.jpg,4,,validation-4390.jpg,4,,train-4643.jpg,4,,validation-4964.jpg,4,,train-43997.jpg,4,,train-4846.jpg,4,,train-4457.jpg,4,,validation-4518.jpg,4,,train-44358.jpg,4,,validation-4306.jpg,4,,train-456.jpg,4,,validation-4880.jpg,4,,train-44157.jpg,4,,validation-4105.jpg,4,,train-44730.jpg,4,,validation-468.jpg,4,,train-44202.jpg,4,,validation-4151.jpg,4,,train-44811.jpg,4,,,,,,,,,,,,,,,,,,,,,
train-43842.jpg,4,,train-4392.jpg,4,,train-477.jpg,4,,train-44493.jpg,4,,validation-4441.jpg,4,,train-44281.jpg,4,,validation-423.jpg,4,,train-44855.jpg,4,,validation-4803.jpg,4,,train-44080.jpg,4,,train-4930.jpg,4,,train-44654.jpg,4,,validation-4602.jpg,4,,train-44442.jpg,4,,validation-4391.jpg,4,,train-4644.jpg,4,,validation-4965.jpg,4,,train-43998.jpg,4,,train-4847.jpg,4,,train-44570.jpg,4,,validation-4519.jpg,4,,train-44359.jpg,4,,validation-4307.jpg,4,,train-4560.jpg,4,,validation-4881.jpg,4,,train-44158.jpg,4,,validation-4106.jpg,4,,train-44731.jpg,4,,validation-4680.jpg,4,,train-44203.jpg,4,,validation-4152.jpg,4,,train-44812.jpg,4,,,,,,,,,,,,,,,,,,,,,
train-43843.jpg,4,,train-43920.jpg,4,,train-4770.jpg,4,,train-44494.jpg,4,,validation-4442.jpg,4,,train-44282.jpg,4,,validation-4230.jpg,4,,train-44856.jpg,4,,validation-4804.jpg,4,,train-44081.jpg,4,,train-4931.jpg,4,,train-44655.jpg,4,,validation-4603.jpg,4,,train-44443.jpg,4,,validation-4392.jpg,4,,train-4645.jpg,4,,validation-4966.jpg,4,,train-43999.jpg,4,,train-4848.jpg,4,,train-44571.jpg,4,,validation-452.jpg,4,,train-4436.jpg,4,,validation-4308.jpg,4,,train-4561.jpg,4,,validation-4882.jpg,4,,train-44159.jpg,4,,validation-4107.jpg,4,,train-44732.jpg,4,,validation-4681.jpg,4,,train-44204.jpg,4,,validation-4153.jpg,4,,train-44813.jpg,4,,,,,,,,,,,,,,,,,,,,,
train-43844.jpg,4,,train-43921.jpg,4,,train-4771.jpg,4,,train-44495.jpg,4,,validation-4443.jpg,4,,train-44283.jpg,4,,validation-4231.jpg,4,,train-44857.jpg,4,,validation-4805.jpg,4,,train-44082.jpg,4,,train-4932.jpg,4,,train-44656.jpg,4,,validation-4604.jpg,4,,train-44444.jpg,4,,validation-4393.jpg,4,,train-4646.jpg,4,,validation-4967.jpg,4,,train-44.jpg,4,,train-4849.jpg,4,,train-44572.jpg,4,,validation-4520.jpg,4,,train-44360.jpg,4,,validation-4309.jpg,4,,train-4562.jpg,4,,validation-4883.jpg,4,,train-4416.jpg,4,,validation-4108.jpg,4,,train-44733.jpg,4,,validation-4682.jpg,4,,train-44205.jpg,4,,validation-4154.jpg,4,,train-44814.jpg,4,,,,,,,,,,,,,,,,,,,,,
train-43845.jpg,4,,train-43922.jpg,4,,train-4772.jpg,4,,train-44496.jpg,4,,validation-4444.jpg,4,,train-44284.jpg,4,,validation-4232.jpg,4,,train-4486.jpg,4,,validation-4806.jpg,4,,train-44083.jpg,4,,train-4933.jpg,4,,train-44657.jpg,4,,validation-4605.jpg,4,,train-44445.jpg,4,,validation-4394.jpg,4,,train-4647.jpg,4,,validation-4968.jpg,4,,train-440.jpg,4,,train-485.jpg,4,,train-44573.jpg,4,,validation-4521.jpg,4,,train-44361.jpg,4,,validation-431.jpg,4,,train-4563.jpg,4,,validation-4884.jpg,4,,train-44160.jpg,4,,validation-4109.jpg,4,,train-44734.jpg,4,,validation-4683.jpg,4,,train-44206.jpg,4,,validation-4155.jpg,4,,train-44815.jpg,4,,,,,,,,,,,,,,,,,,,,,
train-43846.jpg,4,,train-43923.jpg,4,,train-4773.jpg,4,,train-44497.jpg,4,,validation-4445.jpg,4,,train-44285.jpg,4,,validation-4233.jpg,4,,train-4487.jpg,4,,validation-4807.jpg,4,,train-44084.jpg,4,,train-4934.jpg,4,,train-44658.jpg,4,,validation-4606.jpg,4,,train-44446.jpg,4,,validation-4395.jpg,4,,train-4648.jpg,4,,validation-4969.jpg,4,,train-4400.jpg,4,,train-4850.jpg,4,,train-44574.jpg,4,,validation-4522.jpg,4,,train-44362.jpg,4,,validation-4310.jpg,4,,train-4564.jpg,4,,validation-4885.jpg,4,,train-44161.jpg,4,,validation-411.jpg,4,,train-44735.jpg,4,,validation-4684.jpg,4,,train-44207.jpg,4,,validation-4156.jpg,4,,train-44816.jpg,4,,,,,,,,,,,,,,,,,,,,,
train-43847.jpg,4,,train-43924.jpg,4,,train-4774.jpg,4,,train-44498.jpg,4,,validation-4446.jpg,4,,train-44286.jpg,4,,validation-4234.jpg,4,,train-4488.jpg,4,,validation-4808.jpg,4,,train-44085.jpg,4,,train-4935.jpg,4,,train-44659.jpg,4,,validation-4607.jpg,4,,train-44447.jpg,4,,validation-4396.jpg,4,,train-4649.jpg,4,,validation-497.jpg,4,,train-44000.jpg,4,,train-4851.jpg,4,,train-44575.jpg,4,,validation-4523.jpg,4,,train-44363.jpg,4,,validation-4311.jpg,4,,train-4565.jpg,4,,validation-4886.jpg,4,,train-44162.jpg,4,,validation-4110.jpg,4,,train-44736.jpg,4,,validation-4685.jpg,4,,train-44208.jpg,4,,validation-4157.jpg,4,,train-44817.jpg,4,,,,,,,,,,,,,,,,,,,,,
train-43848.jpg,4,,train-43925.jpg,4,,train-4775.jpg,4,,train-44499.jpg,4,,validation-4447.jpg,4,,train-44287.jpg,4,,validation-4235.jpg,4,,train-4489.jpg,4,,validation-4809.jpg,4,,train-44086.jpg,4,,train-4936.jpg,4,,train-4466.jpg,4,,validation-4608.jpg,4,,train-44448.jpg,4,,validation-4397.jpg,4,,train-465.jpg,4,,validation-4970.jpg,4,,train-44001.jpg,4,,train-4852.jpg,4,,train-44576.jpg,4,,validation-4524.jpg,4,,train-44364.jpg,4,,validation-4312.jpg,4,,train-4566.jpg,4,,validation-4887.jpg,4,,train-44163.jpg,4,,validation-4111.jpg,4,,train-44737.jpg,4,,validation-4686.jpg,4,,train-44209.jpg,4,,validation-4158.jpg,4,,train-44818.jpg,4,,,,,,,,,,,,,,,,,,,,,
train-43849.jpg,4,,train-43926.jpg,4,,train-4776.jpg,4,,train-445.jpg,4,,validation-4448.jpg,4,,train-44288.jpg,4,,validation-4236.jpg,4,,train-449.jpg,4,,validation-481.jpg,4,,train-44087.jpg,4,,train-4937.jpg,4,,train-44660.jpg,4,,validation-4609.jpg,4,,train-44449.jpg,4,,validation-4398.jpg,4,,train-4650.jpg,4,,validation-4971.jpg,4,,train-44002.jpg,4,,train-4853.jpg,4,,train-44577.jpg,4,,validation-4525.jpg,4,,train-44365.jpg,4,,validation-4313.jpg,4,,train-4567.jpg,4,,validation-4888.jpg,4,,train-44164.jpg,4,,validation-4112.jpg,4,,train-44738.jpg,4,,validation-4687.jpg,4,,train-4421.jpg,4,,validation-4159.jpg,4,,validation-4760.jpg,4,,,,,,,,,,,,,,,,,,,,,
train-4385.jpg,4,,train-43927.jpg,4,,train-4777.jpg,4,,train-4450.jpg,4,,validation-4449.jpg,4,,train-44289.jpg,4,,validation-4237.jpg,4,,train-4490.jpg,4,,validation-4810.jpg,4,,train-44088.jpg,4,,train-4938.jpg,4,,train-44661.jpg,4,,validation-461.jpg,4,,train-4445.jpg,4,,validation-4399.jpg,4,,train-4651.jpg,4,,validation-4972.jpg,4,,train-44003.jpg,4,,train-4854.jpg,4,,train-44578.jpg,4,,validation-4526.jpg,4,,train-44366.jpg,4,,validation-4314.jpg,4,,train-4568.jpg,4,,validation-4889.jpg,4,,train-44165.jpg,4,,validation-4113.jpg,4,,train-44739.jpg,4,,validation-4688.jpg,4,,train-44210.jpg,4,,validation-416.jpg,4,,validation-4761.jpg,4,,,,,,,,,,,,,,,,,,,,,
train-43850.jpg,4,,train-43928.jpg,4,,train-4778.jpg,4,,train-44500.jpg,4,,validation-445.jpg,4,,train-4429.jpg,4,,validation-4238.jpg,4,,train-4491.jpg,4,,validation-4811.jpg,4,,train-44089.jpg,4,,train-4939.jpg,4,,train-44662.jpg,4,,validation-4610.jpg,4,,train-44450.jpg,4,,validation-44.jpg,4,,train-4652.jpg,4,,validation-4973.jpg,4,,train-44004.jpg,4,,train-4855.jpg,4,,train-44579.jpg,4,,validation-4527.jpg,4,,train-44367.jpg,4,,validation-4315.jpg,4,,train-4569.jpg,4,,validation-489.jpg,4,,train-44166.jpg,4,,validation-4114.jpg,4,,train-4474.jpg,4,,validation-4689.jpg,4,,train-44211.jpg,4,,validation-4160.jpg,4,,validation-4762.jpg,4,,,,,,,,,,,,,,,,,,,,,
train-43851.jpg,4,,train-43929.jpg,4,,train-4779.jpg,4,,train-44501.jpg,4,,validation-4450.jpg,4,,train-44290.jpg,4,,validation-4239.jpg,4,,train-4492.jpg,4,,validation-4812.jpg,4,,train-4409.jpg,4,,train-494.jpg,4,,train-44663.jpg,4,,validation-4611.jpg,4,,train-44451.jpg,4,,validation-440.jpg,4,,train-4653.jpg,4,,validation-4974.jpg,4,,train-44005.jpg,4,,train-4856.jpg,4,,train-4458.jpg,4,,validation-4528.jpg,4,,train-44368.jpg,4,,validation-4316.jpg,4,,train-457.jpg,4,,validation-4890.jpg,4,,train-44167.jpg,4,,validation-4115.jpg,4,,train-44740.jpg,4,,validation-469.jpg,4,,train-44212.jpg,4,,validation-4161.jpg,4,,validation-4763.jpg,4,,,,,,,,,,,,,,,,,,,,,
train-43852.jpg,4,,train-4393.jpg,4,,train-478.jpg,4,,train-44502.jpg,4,,validation-4451.jpg,4,,train-44291.jpg,4,,validation-424.jpg,4,,train-4493.jpg,4,,validation-4813.jpg,4,,train-44090.jpg,4,,train-4940.jpg,4,,train-44664.jpg,4,,validation-4612.jpg,4,,train-44452.jpg,4,,validation-4400.jpg,4,,train-4654.jpg,4,,validation-4975.jpg,4,,train-44006.jpg,4,,train-4857.jpg,4,,train-44580.jpg,4,,validation-4529.jpg,4,,train-44369.jpg,4,,validation-4317.jpg,4,,train-4570.jpg,4,,validation-4891.jpg,4,,train-44168.jpg,4,,validation-4116.jpg,4,,train-44741.jpg,4,,validation-4690.jpg,4,,train-44213.jpg,4,,validation-4162.jpg,4,,validation-4764.jpg,4,,,,,,,,,,,,,,,,,,,,,
train-43853.jpg,4,,train-43930.jpg,4,,train-4780.jpg,4,,train-44503.jpg,4,,validation-4452.jpg,4,,train-44292.jpg,4,,validation-4240.jpg,4,,train-4494.jpg,4,,validation-4814.jpg,4,,train-44091.jpg,4,,train-4941.jpg,4,,train-44665.jpg,4,,validation-4613.jpg,4,,train-44453.jpg,4,,validation-4401.jpg,4,,train-4655.jpg,4,,validation-4976.jpg,4,,train-44007.jpg,4,,train-4858.jpg,4,,train-44581.jpg,4,,validation-453.jpg,4,,train-4437.jpg,4,,validation-4318.jpg,4,,train-4571.jpg,4,,validation-4892.jpg,4,,train-44169.jpg,4,,validation-4117.jpg,4,,train-44742.jpg,4,,validation-4691.jpg,4,,train-44214.jpg,4,,validation-4163.jpg,4,,validation-4765.jpg,4,,,,,,,,,,,,,,,,,,,,,
train-43854.jpg,4,,train-43931.jpg,4,,train-4781.jpg,4,,train-44504.jpg,4,,validation-4453.jpg,4,,train-44293.jpg,4,,validation-4241.jpg,4,,train-4495.jpg,4,,validation-4815.jpg,4,,train-44092.jpg,4,,train-4942.jpg,4,,train-44666.jpg,4,,validation-4614.jpg,4,,train-44454.jpg,4,,validation-4402.jpg,4,,train-4656.jpg,4,,validation-4977.jpg,4,,train-44008.jpg,4,,train-4859.jpg,4,,train-44582.jpg,4,,validation-4530.jpg,4,,train-44370.jpg,4,,validation-4319.jpg,4,,train-4572.jpg,4,,validation-4893.jpg,4,,train-4417.jpg,4,,validation-4118.jpg,4,,train-44743.jpg,4,,validation-4692.jpg,4,,train-44215.jpg,4,,validation-4164.jpg,4,,validation-4766.jpg,4,,,,,,,,,,,,,,,,,,,,,
train-43855.jpg,4,,train-43932.jpg,4,,train-4782.jpg,4,,train-44505.jpg,4,,validation-4454.jpg,4,,train-44294.jpg,4,,validation-4242.jpg,4,,train-4496.jpg,4,,validation-4816.jpg,4,,train-44093.jpg,4,,train-4943.jpg,4,,train-44667.jpg,4,,validation-4615.jpg,4,,train-44455.jpg,4,,validation-4403.jpg,4,,train-4657.jpg,4,,validation-4978.jpg,4,,train-44009.jpg,4,,train-486.jpg,4,,train-44583.jpg,4,,validation-4531.jpg,4,,train-44371.jpg,4,,validation-432.jpg,4,,train-4573.jpg,4,,validation-4894.jpg,4,,train-44170.jpg,4,,validation-4119.jpg,4,,train-44744.jpg,4,,validation-4693.jpg,4,,train-44216.jpg,4,,validation-4165.jpg,4,,validation-4767.jpg,4,,,,,,,,,,,,,,,,,,,,,
train-43856.jpg,4,,train-43933.jpg,4,,train-4783.jpg,4,,train-44506.jpg,4,,validation-4455.jpg,4,,train-44295.jpg,4,,validation-4243.jpg,4,,train-4497.jpg,4,,validation-4817.jpg,4,,train-44094.jpg,4,,train-4944.jpg,4,,train-44668.jpg,4,,validation-4616.jpg,4,,train-44456.jpg,4,,validation-4404.jpg,4,,train-4658.jpg,4,,validation-4979.jpg,4,,train-4401.jpg,4,,train-4860.jpg,4,,train-44584.jpg,4,,validation-4532.jpg,4,,train-44372.jpg,4,,validation-4320.jpg,4,,train-4574.jpg,4,,validation-4895.jpg,4,,train-44171.jpg,4,,validation-412.jpg,4,,train-44745.jpg,4,,validation-4694.jpg,4,,train-44217.jpg,4,,validation-4166.jpg,4,,,,,,,,,,,,,,,,,,,,,,,,
train-43857.jpg,4,,train-43934.jpg,4,,train-4784.jpg,4,,train-44507.jpg,4,,validation-4456.jpg,4,,train-44296.jpg,4,,validation-4244.jpg,4,,train-4498.jpg,4,,validation-4818.jpg,4,,train-44095.jpg,4,,train-4945.jpg,4,,train-44669.jpg,4,,validation-4617.jpg,4,,train-44457.jpg,4,,validation-4405.jpg,4,,train-4659.jpg,4,,validation-498.jpg,4,,train-44010.jpg,4,,train-4861.jpg,4,,train-44585.jpg,4,,validation-4533.jpg,4,,train-44373.jpg,4,,validation-4321.jpg,4,,train-4575.jpg,4,,validation-4896.jpg,4,,train-44172.jpg,4,,validation-4120.jpg,4,,train-44746.jpg,4,,validation-4695.jpg,4,,train-44218.jpg,4,,validation-4167.jpg,4,,,,,,,,,,,,,,,,,,,,,,,,
train-43858.jpg,4,,train-43935.jpg,4,,train-4785.jpg,4,,train-44508.jpg,4,,validation-4457.jpg,4,,train-44297.jpg,4,,validation-4245.jpg,4,,train-4499.jpg,4,,validation-4819.jpg,4,,train-44096.jpg,4,,train-4946.jpg,4,,train-4467.jpg,4,,validation-4618.jpg,4,,train-44458.jpg,4,,validation-4406.jpg,4,,train-466.jpg,4,,validation-4980.jpg,4,,train-44011.jpg,4,,train-4862.jpg,4,,train-44586.jpg,4,,validation-4534.jpg,4,,train-44374.jpg,4,,validation-4322.jpg,4,,train-4576.jpg,4,,validation-4897.jpg,4,,train-44173.jpg,4,,validation-4121.jpg,4,,train-44747.jpg,4,,validation-4696.jpg,4,,train-44219.jpg,4,,validation-4168.jpg,4,,,,,,,,,,,,,,,,,,,,,,,,
train-43859.jpg,4,,train-43936.jpg,4,,train-4786.jpg,4,,train-44509.jpg,4,,validation-4458.jpg,4,,train-44298.jpg,4,,validation-4246.jpg,4,,train-45.jpg,4,,validation-482.jpg,4,,train-44097.jpg,4,,train-4947.jpg,4,,train-44670.jpg,4,,validation-4619.jpg,4,,train-44459.jpg,4,,validation-4407.jpg,4,,train-4660.jpg,4,,validation-4981.jpg,4,,train-44012.jpg,4,,train-4863.jpg,4,,train-44587.jpg,4,,validation-4535.jpg,4,,train-44375.jpg,4,,validation-4323.jpg,4,,train-4577.jpg,4,,validation-4898.jpg,4,,train-44174.jpg,4,,validation-4122.jpg,4,,train-44748.jpg,4,,validation-4697.jpg,4,,train-4422.jpg,4,,validation-4169.jpg,4,,,,,,,,,,,,,,,,,,,,,,,,
train-4386.jpg,4,,train-43937.jpg,4,,train-4787.jpg,4,,train-4451.jpg,4,,validation-4459.jpg,4,,train-44299.jpg,4,,validation-4247.jpg,4,,train-450.jpg,4,,validation-4820.jpg,4,,train-44098.jpg,4,,train-4948.jpg,4,,train-44671.jpg,4,,validation-462.jpg,4,,train-4446.jpg,4,,validation-4408.jpg,4,,train-4661.jpg,4,,validation-499.jpg,4,,train-44013.jpg,4,,train-4864.jpg,4,,train-44588.jpg,4,,validation-4536.jpg,4,,train-44376.jpg,4,,validation-4324.jpg,4,,train-4578.jpg,4,,validation-4899.jpg,4,,train-44175.jpg,4,,validation-4123.jpg,4,,train-44749.jpg,4,,validation-4698.jpg,4,,train-44220.jpg,4,,validation-417.jpg,4,,,,,,,,,,,,,,,,,,,,,,,,
train-43860.jpg,4,,train-43938.jpg,4,,train-4788.jpg,4,,train-44510.jpg,4,,validation-446.jpg,4,,train-443.jpg,4,,validation-4248.jpg,4,,train-4500.jpg,4,,validation-4821.jpg,4,,train-44099.jpg,4,,train-4949.jpg,4,,train-44672.jpg,4,,validation-4620.jpg,4,,train-44460.jpg,4,,validation-4409.jpg,4,,train-4662.jpg,4,,train-4710.jpg,4,,train-44014.jpg,4,,train-4865.jpg,4,,train-44589.jpg,4,,validation-4537.jpg,4,,train-44377.jpg,4,,validation-4325.jpg,4,,train-4579.jpg,4,,validation-49.jpg,4,,train-44176.jpg,4,,validation-4124.jpg,4,,train-4475.jpg,4,,validation-4699.jpg,4,,train-44221.jpg,4,,validation-4170.jpg,4,,,,,,,,,,,,,,,,,,,,,,,,
train-43861.jpg,4,,train-43939.jpg,4,,train-4789.jpg,4,,train-44511.jpg,4,,validation-4460.jpg,4,,train-4430.jpg,4,,validation-4249.jpg,4,,train-4501.jpg,4,,validation-4822.jpg,4,,train-441.jpg,4,,train-495.jpg,4,,train-44673.jpg,4,,validation-4621.jpg,4,,train-44461.jpg,4,,validation-441.jpg,4,,train-4663.jpg,4,,train-4711.jpg,4,,train-44015.jpg,4,,train-4866.jpg,4,,train-4459.jpg,4,,validation-4538.jpg,4,,train-44378.jpg,4,,validation-4326.jpg,4,,train-458.jpg,4,,validation-490.jpg,4,,train-44177.jpg,4,,validation-4125.jpg,4,,train-44750.jpg,4,,validation-47.jpg,4,,train-44222.jpg,4,,validation-4171.jpg,4,,,,,,,,,,,,,,,,,,,,,,,,
train-43862.jpg,4,,train-4394.jpg,4,,train-479.jpg,4,,train-44512.jpg,4,,validation-4461.jpg,4,,train-44300.jpg,4,,validation-425.jpg,4,,train-4502.jpg,4,,validation-4823.jpg,4,,train-4410.jpg,4,,train-4950.jpg,4,,train-44674.jpg,4,,validation-4622.jpg,4,,train-44462.jpg,4,,validation-4410.jpg,4,,train-4664.jpg,4,,train-4712.jpg,4,,train-44016.jpg,4,,train-4867.jpg,4,,train-44590.jpg,4,,validation-4539.jpg,4,,train-44379.jpg,4,,validation-4327.jpg,4,,train-4580.jpg,4,,validation-4900.jpg,4,,train-44178.jpg,4,,validation-4126.jpg,4,,train-44751.jpg,4,,validation-470.jpg,4,,train-44223.jpg,4,,validation-4172.jpg,4,,,,,,,,,,,,,,,,,,,,,,,,
train-43863.jpg,4,,train-43940.jpg,4,,train-4790.jpg,4,,train-44513.jpg,4,,validation-4462.jpg,4,,train-44301.jpg,4,,validation-4250.jpg,4,,train-4503.jpg,4,,validation-4824.jpg,4,,train-44100.jpg,4,,train-4951.jpg,4,,train-44675.jpg,4,,validation-4623.jpg,4,,train-44463.jpg,4,,validation-4411.jpg,4,,train-4665.jpg,4,,train-4713.jpg,4,,train-44017.jpg,4,,train-4868.jpg,4,,train-44591.jpg,4,,validation-454.jpg,4,,train-4438.jpg,4,,validation-4328.jpg,4,,train-4581.jpg,4,,validation-4901.jpg,4,,train-44179.jpg,4,,validation-4127.jpg,4,,train-44752.jpg,4,,validation-4700.jpg,4,,train-44224.jpg,4,,validation-4173.jpg,4,,,,,,,,,,,,,,,,,,,,,,,,
train-43864.jpg,4,,train-43941.jpg,4,,train-4791.jpg,4,,train-44514.jpg,4,,validation-4463.jpg,4,,train-44302.jpg,4,,validation-4251.jpg,4,,train-4504.jpg,4,,validation-4825.jpg,4,,train-44101.jpg,4,,train-4952.jpg,4,,train-44676.jpg,4,,validation-4624.jpg,4,,train-44464.jpg,4,,validation-4412.jpg,4,,train-4666.jpg,4,,train-4714.jpg,4,,train-44018.jpg,4,,train-4869.jpg,4,,train-44592.jpg,4,,validation-4540.jpg,4,,train-44380.jpg,4,,validation-4329.jpg,4,,train-4582.jpg,4,,validation-4902.jpg,4,,train-4418.jpg,4,,validation-4128.jpg,4,,train-44753.jpg,4,,validation-4701.jpg,4,,train-44225.jpg,4,,validation-4174.jpg,4,,,,,,,,,,,,,,,,,,,,,,,,
train-43865.jpg,4,,train-43942.jpg,4,,train-4792.jpg,4,,train-44515.jpg,4,,validation-4464.jpg,4,,train-44303.jpg,4,,validation-4252.jpg,4,,train-4505.jpg,4,,validation-4826.jpg,4,,train-44102.jpg,4,,train-4953.jpg,4,,train-44677.jpg,4,,validation-4625.jpg,4,,train-44465.jpg,4,,validation-4413.jpg,4,,train-4667.jpg,4,,train-4715.jpg,4,,train-44019.jpg,4,,train-487.jpg,4,,train-44593.jpg,4,,validation-4541.jpg,4,,train-44381.jpg,4,,validation-433.jpg,4,,train-4583.jpg,4,,validation-4903.jpg,4,,train-44180.jpg,4,,validation-4129.jpg,4,,train-44754.jpg,4,,validation-4702.jpg,4,,train-44226.jpg,4,,validation-4175.jpg,4,,,,,,,,,,,,,,,,,,,,,,,,
train-43866.jpg,4,,train-43943.jpg,4,,train-4793.jpg,4,,train-44516.jpg,4,,validation-4465.jpg,4,,train-44304.jpg,4,,validation-4253.jpg,4,,train-4506.jpg,4,,validation-4827.jpg,4,,train-44103.jpg,4,,train-4954.jpg,4,,train-44678.jpg,4,,validation-4626.jpg,4,,train-44466.jpg,4,,validation-4414.jpg,4,,train-4668.jpg,4,,train-4716.jpg,4,,train-4402.jpg,4,,train-4870.jpg,4,,train-44594.jpg,4,,validation-4542.jpg,4,,train-44382.jpg,4,,validation-4330.jpg,4,,train-4584.jpg,4,,validation-4904.jpg,4,,train-44181.jpg,4,,validation-413.jpg,4,,train-44755.jpg,4,,validation-4703.jpg,4,,train-44227.jpg,4,,validation-4176.jpg,4,,,,,,,,,,,,,,,,,,,,,,,,
train-43867.jpg,4,,train-43944.jpg,4,,train-4794.jpg,4,,train-44517.jpg,4,,validation-4466.jpg,4,,train-44305.jpg,4,,validation-4254.jpg,4,,train-4507.jpg,4,,validation-4828.jpg,4,,train-44104.jpg,4,,train-4955.jpg,4,,train-44679.jpg,4,,validation-4627.jpg,4,,train-44467.jpg,4,,validation-4415.jpg,4,,train-4669.jpg,4,,train-4717.jpg,4,,train-44020.jpg,4,,train-4871.jpg,4,,train-44595.jpg,4,,validation-4543.jpg,4,,train-44383.jpg,4,,validation-4331.jpg,4,,train-4585.jpg,4,,validation-4905.jpg,4,,train-44182.jpg,4,,validation-4130.jpg,4,,train-44756.jpg,4,,validation-4704.jpg,4,,train-44228.jpg,4,,validation-4177.jpg,4,,,,,,,,,,,,,,,,,,,,,,,,
train-43868.jpg,4,,train-43945.jpg,4,,train-4795.jpg,4,,train-44518.jpg,4,,validation-4467.jpg,4,,train-44306.jpg,4,,validation-4255.jpg,4,,train-4508.jpg,4,,validation-4829.jpg,4,,train-44105.jpg,4,,train-4956.jpg,4,,train-4468.jpg,4,,validation-4628.jpg,4,,train-44468.jpg,4,,validation-4416.jpg,4,,train-467.jpg,4,,train-4718.jpg,4,,train-44021.jpg,4,,train-4872.jpg,4,,train-44596.jpg,4,,validation-4544.jpg,4,,train-44384.jpg,4,,validation-4332.jpg,4,,train-4586.jpg,4,,validation-4906.jpg,4,,train-44183.jpg,4,,validation-4131.jpg,4,,train-44757.jpg,4,,validation-4705.jpg,4,,train-44229.jpg,4,,validation-4178.jpg,4,,,,,,,,,,,,,,,,,,,,,,,,
train-43869.jpg,4,,train-43946.jpg,4,,train-4796.jpg,4,,train-44519.jpg,4,,validation-4468.jpg,4,,train-44307.jpg,4,,validation-4256.jpg,4,,train-4509.jpg,4,,validation-483.jpg,4,,train-44106.jpg,4,,train-4957.jpg,4,,train-44680.jpg,4,,validation-4629.jpg,4,,train-44469.jpg,4,,validation-4417.jpg,4,,train-4670.jpg,4,,train-4719.jpg,4,,train-44022.jpg,4,,train-4873.jpg,4,,train-44597.jpg,4,,validation-4545.jpg,4,,train-44385.jpg,4,,validation-4333.jpg,4,,train-4587.jpg,4,,validation-4907.jpg,4,,train-44184.jpg,4,,validation-4132.jpg,4,,train-44758.jpg,4,,validation-4706.jpg,4,,train-4423.jpg,4,,validation-4179.jpg,4,,,,,,,,,,,,,,,,,,,,,,,,
train-4387.jpg,4,,train-43947.jpg,4,,train-4797.jpg,4,,train-4452.jpg,4,,validation-4469.jpg,4,,train-44308.jpg,4,,validation-4257.jpg,4,,train-451.jpg,4,,validation-4830.jpg,4,,train-44107.jpg,4,,train-4958.jpg,4,,train-44681.jpg,4,,validation-463.jpg,4,,train-4447.jpg,4,,validation-4418.jpg,4,,train-4671.jpg,4,,train-472.jpg,4,,train-44023.jpg,4,,train-4874.jpg,4,,train-44598.jpg,4,,validation-4546.jpg,4,,train-44386.jpg,4,,validation-4334.jpg,4,,train-4588.jpg,4,,validation-4908.jpg,4,,train-44185.jpg,4,,validation-4133.jpg,4,,train-44759.jpg,4,,validation-4707.jpg,4,,train-44230.jpg,4,,validation-418.jpg,4,,,,,,,,,,,,,,,,,,,,,,,,
train-43870.jpg,4,,train-43948.jpg,4,,train-4798.jpg,4,,train-44520.jpg,4,,validation-447.jpg,4,,train-44309.jpg,4,,validation-4258.jpg,4,,train-4510.jpg,4,,validation-4831.jpg,4,,train-44108.jpg,4,,train-4959.jpg,4,,train-44682.jpg,4,,validation-4630.jpg,4,,train-44470.jpg,4,,validation-4419.jpg,4,,train-4672.jpg,4,,train-4720.jpg,4,,train-44024.jpg,4,,train-4875.jpg,4,,train-44599.jpg,4,,validation-4547.jpg,4,,train-44387.jpg,4,,validation-4335.jpg,4,,train-4589.jpg,4,,validation-4909.jpg,4,,train-44186.jpg,4,,validation-4134.jpg,4,,train-4476.jpg,4,,validation-4708.jpg,4,,train-44231.jpg,4,,validation-4180.jpg,4,,,,,,,,,,,,,,,,,,,,,,,,
train-43871.jpg,4,,train-43949.jpg,4,,train-4799.jpg,4,,train-44521.jpg,4,,validation-4470.jpg,4,,train-4431.jpg,4,,validation-4259.jpg,4,,train-4511.jpg,4,,validation-4832.jpg,4,,train-44109.jpg,4,,train-496.jpg,4,,train-44683.jpg,4,,validation-4631.jpg,4,,train-44471.jpg,4,,validation-442.jpg,4,,train-4673.jpg,4,,train-4721.jpg,4,,train-44025.jpg,4,,train-4876.jpg,4,,train-446.jpg,4,,validation-4548.jpg,4,,train-44388.jpg,4,,validation-4336.jpg,4,,train-459.jpg,4,,validation-491.jpg,4,,train-44258.jpg,4,,validation-4206.jpg,4,,train-44831.jpg,4,,validation-4780.jpg,4,,train-44232.jpg,4,,validation-4181.jpg,4,,,,,,,,,,,,,,,,,,,,,,,,
train-43872.jpg,4,,train-4395.jpg,4,,train-48.jpg,4,,train-44522.jpg,4,,validation-4471.jpg,4,,train-44310.jpg,4,,validation-426.jpg,4,,train-4512.jpg,4,,validation-4833.jpg,4,,train-4411.jpg,4,,train-4960.jpg,4,,train-44684.jpg,4,,validation-4632.jpg,4,,train-44472.jpg,4,,validation-4420.jpg,4,,train-4674.jpg,4,,train-4722.jpg,4,,train-44026.jpg,4,,train-4877.jpg,4,,train-4460.jpg,4,,validation-4549.jpg,4,,train-44389.jpg,4,,validation-4337.jpg,4,,train-4590.jpg,4,,validation-4910.jpg,4,,train-44259.jpg,4,,validation-4207.jpg,4,,train-44832.jpg,4,,validation-4781.jpg,4,,train-44233.jpg,4,,validation-4182.jpg,4,,,,,,,,,,,,,,,,,,,,,,,,
train-43873.jpg,4,,train-43950.jpg,4,,train-480.jpg,4,,train-44523.jpg,4,,validation-4472.jpg,4,,train-44311.jpg,4,,validation-4260.jpg,4,,train-4513.jpg,4,,validation-4834.jpg,4,,train-44110.jpg,4,,train-4961.jpg,4,,train-44685.jpg,4,,validation-4633.jpg,4,,train-44473.jpg,4,,validation-4421.jpg,4,,train-4675.jpg,4,,train-4723.jpg,4,,train-44027.jpg,4,,train-4878.jpg,4,,train-44600.jpg,4,,validation-455.jpg,4,,train-4439.jpg,4,,validation-4338.jpg,4,,train-4591.jpg,4,,validation-4911.jpg,4,,train-4426.jpg,4,,validation-4208.jpg,4,,train-44833.jpg,4,,validation-4782.jpg,4,,train-44234.jpg,4,,validation-4183.jpg,4,,,,,,,,,,,,,,,,,,,,,,,,
train-43874.jpg,4,,train-43951.jpg,4,,train-4800.jpg,4,,train-44524.jpg,4,,validation-4473.jpg,4,,train-44312.jpg,4,,validation-4261.jpg,4,,train-4514.jpg,4,,validation-4835.jpg,4,,train-44111.jpg,4,,train-4962.jpg,4,,train-44686.jpg,4,,validation-4634.jpg,4,,train-44474.jpg,4,,validation-4422.jpg,4,,train-4676.jpg,4,,train-4724.jpg,4,,train-44028.jpg,4,,train-4879.jpg,4,,train-44601.jpg,4,,validation-4550.jpg,4,,train-44390.jpg,4,,validation-4339.jpg,4,,train-4592.jpg,4,,validation-4912.jpg,4,,train-44260.jpg,4,,validation-4209.jpg,4,,train-44834.jpg,4,,validation-4783.jpg,4,,train-44235.jpg,4,,validation-4184.jpg,4,,,,,,,,,,,,,,,,,,,,,,,,
train-43875.jpg,4,,train-43952.jpg,4,,train-4801.jpg,4,,train-44525.jpg,4,,validation-4474.jpg,4,,train-44313.jpg,4,,validation-4262.jpg,4,,train-4515.jpg,4,,validation-4836.jpg,4,,train-44112.jpg,4,,train-4963.jpg,4,,train-44687.jpg,4,,validation-4635.jpg,4,,train-44475.jpg,4,,validation-4423.jpg,4,,train-4677.jpg,4,,train-4725.jpg,4,,train-44029.jpg,4,,train-488.jpg,4,,train-44602.jpg,4,,validation-4551.jpg,4,,train-44391.jpg,4,,validation-434.jpg,4,,train-4593.jpg,4,,validation-4913.jpg,4,,train-44261.jpg,4,,validation-421.jpg,4,,train-44835.jpg,4,,validation-4784.jpg,4,,train-44236.jpg,4,,validation-4185.jpg,4,,,,,,,,,,,,,,,,,,,,,,,,
train-43876.jpg,4,,train-43953.jpg,4,,train-4802.jpg,4,,train-44526.jpg,4,,validation-4475.jpg,4,,train-44314.jpg,4,,validation-4263.jpg,4,,train-4516.jpg,4,,validation-4837.jpg,4,,train-44113.jpg,4,,train-4964.jpg,4,,train-44688.jpg,4,,validation-4636.jpg,4,,train-44476.jpg,4,,validation-4424.jpg,4,,train-4678.jpg,4,,train-4726.jpg,4,,train-4403.jpg,4,,train-4880.jpg,4,,train-44603.jpg,4,,validation-4552.jpg,4,,train-44392.jpg,4,,validation-4340.jpg,4,,train-4594.jpg,4,,validation-4914.jpg,4,,train-44262.jpg,4,,validation-4210.jpg,4,,train-44836.jpg,4,,validation-4785.jpg,4,,train-44237.jpg,4,,validation-4186.jpg,4,,,,,,,,,,,,,,,,,,,,,,,,
train-43877.jpg,4,,train-43954.jpg,4,,train-4803.jpg,4,,train-44527.jpg,4,,validation-4476.jpg,4,,train-44315.jpg,4,,validation-4264.jpg,4,,train-4517.jpg,4,,validation-4838.jpg,4,,train-44114.jpg,4,,train-4965.jpg,4,,train-44689.jpg,4,,validation-4637.jpg,4,,train-44477.jpg,4,,validation-4425.jpg,4,,train-4679.jpg,4,,train-4727.jpg,4,,train-44030.jpg,4,,train-4881.jpg,4,,train-44604.jpg,4,,validation-4553.jpg,4,,train-44393.jpg,4,,validation-4341.jpg,4,,train-4595.jpg,4,,validation-4915.jpg,4,,train-44263.jpg,4,,validation-4211.jpg,4,,train-44837.jpg,4,,validation-4786.jpg,4,,train-44238.jpg,4,,validation-4187.jpg,4,,,,,,,,,,,,,,,,,,,,,,,,
train-43878.jpg,4,,train-43955.jpg,4,,train-4804.jpg,4,,train-44528.jpg,4,,validation-4477.jpg,4,,train-44316.jpg,4,,validation-4265.jpg,4,,train-4518.jpg,4,,validation-4839.jpg,4,,train-44115.jpg,4,,train-4966.jpg,4,,train-4469.jpg,4,,validation-4638.jpg,4,,train-44478.jpg,4,,validation-4426.jpg,4,,train-468.jpg,4,,train-4728.jpg,4,,train-44031.jpg,4,,train-4882.jpg,4,,train-44605.jpg,4,,validation-4554.jpg,4,,train-44394.jpg,4,,validation-4342.jpg,4,,train-4596.jpg,4,,validation-4916.jpg,4,,train-44264.jpg,4,,validation-4212.jpg,4,,train-44838.jpg,4,,validation-4787.jpg,4,,train-44239.jpg,4,,validation-4188.jpg,4,,,,,,,,,,,,,,,,,,,,,,,,
train-43879.jpg,4,,train-43956.jpg,4,,train-4805.jpg,4,,train-44529.jpg,4,,validation-4478.jpg,4,,train-44317.jpg,4,,validation-4266.jpg,4,,train-4519.jpg,4,,validation-484.jpg,4,,train-44116.jpg,4,,train-4967.jpg,4,,train-44690.jpg,4,,validation-4639.jpg,4,,train-44479.jpg,4,,validation-4427.jpg,4,,train-4680.jpg,4,,train-4729.jpg,4,,train-44032.jpg,4,,train-4883.jpg,4,,train-44606.jpg,4,,validation-4555.jpg,4,,train-44395.jpg,4,,validation-4343.jpg,4,,train-4597.jpg,4,,validation-4917.jpg,4,,train-44265.jpg,4,,validation-4213.jpg,4,,train-44839.jpg,4,,validation-4788.jpg,4,,train-4424.jpg,4,,validation-4189.jpg,4,,,,,,,,,,,,,,,,,,,,,,,,
train-4388.jpg,4,,train-43957.jpg,4,,train-4806.jpg,4,,train-4453.jpg,4,,validation-4479.jpg,4,,train-44318.jpg,4,,validation-4267.jpg,4,,train-452.jpg,4,,validation-4840.jpg,4,,train-44117.jpg,4,,train-4968.jpg,4,,train-44691.jpg,4,,validation-464.jpg,4,,train-4448.jpg,4,,validation-4428.jpg,4,,train-4681.jpg,4,,train-473.jpg,4,,train-44033.jpg,4,,train-4884.jpg,4,,train-44607.jpg,4,,validation-4556.jpg,4,,train-44396.jpg,4,,validation-4344.jpg,4,,train-4598.jpg,4,,validation-4918.jpg,4,,train-44266.jpg,4,,validation-4214.jpg,4,,train-4484.jpg,4,,validation-4789.jpg,4,,train-44240.jpg,4,,validation-419.jpg,4,,,,,,,,,,,,,,,,,,,,,,,,
train-43880.jpg,4,,train-43958.jpg,4,,train-4807.jpg,4,,train-44530.jpg,4,,validation-448.jpg,4,,train-44319.jpg,4,,validation-4268.jpg,4,,train-4520.jpg,4,,validation-4841.jpg,4,,train-44118.jpg,4,,train-4969.jpg,4,,train-44692.jpg,4,,validation-4640.jpg,4,,train-44480.jpg,4,,validation-4429.jpg,4,,train-4682.jpg,4,,train-4730.jpg,4,,train-44034.jpg,4,,train-4885.jpg,4,,train-44608.jpg,4,,validation-4557.jpg,4,,train-44397.jpg,4,,validation-4345.jpg,4,,train-4599.jpg,4,,validation-4919.jpg,4,,train-44267.jpg,4,,validation-4215.jpg,4,,train-44840.jpg,4,,validation-479.jpg,4,,train-44241.jpg,4,,validation-4190.jpg,4,,,,,,,,,,,,,,,,,,,,,,,,
train-43881.jpg,4,,train-43959.jpg,4,,train-4808.jpg,4,,train-44531.jpg,4,,validation-4480.jpg,4,,train-4432.jpg,4,,validation-4269.jpg,4,,train-4521.jpg,4,,validation-4842.jpg,4,,train-44119.jpg,4,,train-497.jpg,4,,train-44693.jpg,4,,validation-4641.jpg,4,,train-44481.jpg,4,,validation-443.jpg,4,,train-4683.jpg,4,,train-4731.jpg,4,,train-44035.jpg,4,,train-4886.jpg,4,,train-44609.jpg,4,,validation-4558.jpg,4,,train-44398.jpg,4,,validation-4346.jpg,4,,train-46.jpg,4,,validation-492.jpg,4,,train-44268.jpg,4,,validation-4216.jpg,4,,train-44841.jpg,4,,validation-4790.jpg,4,,train-44242.jpg,4,,validation-4191.jpg,4,,,,,,,,,,,,,,,,,,,,,,,,
train-43882.jpg,4,,train-4396.jpg,4,,train-4809.jpg,4,,train-44532.jpg,4,,validation-4481.jpg,4,,train-44320.jpg,4,,validation-427.jpg,4,,train-4522.jpg,4,,validation-4843.jpg,4,,train-4412.jpg,4,,train-4970.jpg,4,,train-44694.jpg,4,,validation-4642.jpg,4,,train-44482.jpg,4,,validation-4430.jpg,4,,train-4684.jpg,4,,train-4732.jpg,4,,train-44036.jpg,4,,train-4887.jpg,4,,train-4461.jpg,4,,validation-4559.jpg,4,,train-44399.jpg,4,,validation-4347.jpg,4,,train-460.jpg,4,,validation-4920.jpg,4,,train-44269.jpg,4,,validation-4217.jpg,4,,train-44842.jpg,4,,validation-4791.jpg,4,,train-44243.jpg,4,,validation-4192.jpg,4,,,,,,,,,,,,,,,,,,,,,,,,
train-43883.jpg,4,,train-43960.jpg,4,,train-481.jpg,4,,train-44533.jpg,4,,validation-4482.jpg,4,,train-44321.jpg,4,,validation-4270.jpg,4,,train-4523.jpg,4,,validation-4844.jpg,4,,train-44120.jpg,4,,train-4971.jpg,4,,train-44695.jpg,4,,validation-4643.jpg,4,,train-44483.jpg,4,,validation-4431.jpg,4,,train-4685.jpg,4,,train-4733.jpg,4,,train-44037.jpg,4,,train-4888.jpg,4,,train-44610.jpg,4,,validation-456.jpg,4,,train-444.jpg,4,,validation-4348.jpg,4,,train-4600.jpg,4,,validation-4921.jpg,4,,train-4427.jpg,4,,validation-4218.jpg,4,,train-44843.jpg,4,,validation-4792.jpg,4,,train-44244.jpg,4,,validation-4193.jpg,4,,,,,,,,,,,,,,,,,,,,,,,,
train-43884.jpg,4,,train-43961.jpg,4,,train-4810.jpg,4,,train-44534.jpg,4,,validation-4483.jpg,4,,train-44322.jpg,4,,validation-4271.jpg,4,,train-4524.jpg,4,,validation-4845.jpg,4,,train-44121.jpg,4,,train-4972.jpg,4,,train-44696.jpg,4,,validation-4644.jpg,4,,train-44484.jpg,4,,validation-4432.jpg,4,,train-4686.jpg,4,,train-4734.jpg,4,,train-44038.jpg,4,,train-4889.jpg,4,,train-44611.jpg,4,,validation-4560.jpg,4,,train-4440.jpg,4,,validation-4349.jpg,4,,train-4601.jpg,4,,validation-4922.jpg,4,,train-44270.jpg,4,,validation-4219.jpg,4,,train-44844.jpg,4,,validation-4793.jpg,4,,train-44777.jpg,4,,validation-4725.jpg,4,,,,,,,,,,,,,,,,,,,,,,,,
train-43885.jpg,4,,train-43962.jpg,4,,train-4811.jpg,4,,train-44535.jpg,4,,validation-4484.jpg,4,,train-44323.jpg,4,,validation-4272.jpg,4,,train-4525.jpg,4,,validation-4846.jpg,4,,train-44122.jpg,4,,train-4973.jpg,4,,train-44697.jpg,4,,validation-4645.jpg,4,,train-44485.jpg,4,,validation-4433.jpg,4,,train-4687.jpg,4,,train-4735.jpg,4,,train-44039.jpg,4,,train-489.jpg,4,,train-44612.jpg,4,,validation-4561.jpg,4,,train-44400.jpg,4,,validation-435.jpg,4,,train-4602.jpg,4,,validation-4923.jpg,4,,train-44271.jpg,4,,validation-422.jpg,4,,train-44845.jpg,4,,validation-4794.jpg,4,,train-44778.jpg,4,,validation-4726.jpg,4,,,,,,,,,,,,,,,,,,,,,,,,
train-43886.jpg,4,,train-43963.jpg,4,,train-4812.jpg,4,,train-44536.jpg,4,,validation-4485.jpg,4,,train-44324.jpg,4,,validation-4273.jpg,4,,train-4526.jpg,4,,validation-4847.jpg,4,,train-44123.jpg,4,,train-4974.jpg,4,,train-44698.jpg,4,,validation-4646.jpg,4,,train-44486.jpg,4,,validation-4434.jpg,4,,train-4688.jpg,4,,train-4736.jpg,4,,train-4404.jpg,4,,train-4890.jpg,4,,train-44613.jpg,4,,validation-4562.jpg,4,,train-44401.jpg,4,,validation-4350.jpg,4,,train-4603.jpg,4,,validation-4924.jpg,4,,train-44272.jpg,4,,validation-4220.jpg,4,,train-44846.jpg,4,,validation-4795.jpg,4,,train-44779.jpg,4,,validation-4727.jpg,4,,,,,,,,,,,,,,,,,,,,,,,,
train-43887.jpg,4,,train-43964.jpg,4,,train-4813.jpg,4,,train-44537.jpg,4,,validation-4486.jpg,4,,train-44325.jpg,4,,validation-4274.jpg,4,,train-4527.jpg,4,,validation-4848.jpg,4,,train-44124.jpg,4,,train-4975.jpg,4,,train-44699.jpg,4,,validation-4647.jpg,4,,train-44487.jpg,4,,validation-4435.jpg,4,,train-4689.jpg,4,,train-4737.jpg,4,,train-44040.jpg,4,,train-4891.jpg,4,,train-44614.jpg,4,,validation-4563.jpg,4,,train-44402.jpg,4,,validation-4351.jpg,4,,train-4604.jpg,4,,validation-4925.jpg,4,,train-44273.jpg,4,,validation-4221.jpg,4,,train-44847.jpg,4,,validation-4796.jpg,4,,train-4478.jpg,4,,validation-4728.jpg,4,,,,,,,,,,,,,,,,,,,,,,,,
train-43888.jpg,4,,train-43965.jpg,4,,train-4814.jpg,4,,train-44538.jpg,4,,validation-4487.jpg,4,,train-44326.jpg,4,,validation-4275.jpg,4,,train-4528.jpg,4,,validation-4849.jpg,4,,train-44125.jpg,4,,train-4976.jpg,4,,train-447.jpg,4,,validation-4648.jpg,4,,train-44488.jpg,4,,validation-4436.jpg,4,,train-469.jpg,4,,train-4738.jpg,4,,train-44041.jpg,4,,train-4892.jpg,4,,train-44615.jpg,4,,validation-4564.jpg,4,,train-44403.jpg,4,,validation-4352.jpg,4,,train-4605.jpg,4,,validation-4926.jpg,4,,train-44274.jpg,4,,validation-4222.jpg,4,,train-44848.jpg,4,,validation-4797.jpg,4,,train-44780.jpg,4,,validation-4729.jpg,4,,,,,,,,,,,,,,,,,,,,,,,,
train-43889.jpg,4,,train-43966.jpg,4,,train-4815.jpg,4,,train-44539.jpg,4,,validation-4488.jpg,4,,train-44327.jpg,4,,validation-4276.jpg,4,,train-4529.jpg,4,,validation-485.jpg,4,,train-44126.jpg,4,,train-4977.jpg,4,,train-4470.jpg,4,,validation-4649.jpg,4,,train-44489.jpg,4,,validation-4437.jpg,4,,train-4690.jpg,4,,train-4739.jpg,4,,train-44042.jpg,4,,train-4893.jpg,4,,train-44616.jpg,4,,validation-4565.jpg,4,,train-44404.jpg,4,,validation-4353.jpg,4,,train-4606.jpg,4,,validation-4927.jpg,4,,train-44275.jpg,4,,validation-4223.jpg,4,,train-44849.jpg,4,,validation-4798.jpg,4,,train-44781.jpg,4,,validation-473.jpg,4,,,,,,,,,,,,,,,,,,,,,,,,
train-4389.jpg,4,,train-43967.jpg,4,,train-4816.jpg,4,,train-4454.jpg,4,,validation-4489.jpg,4,,train-44328.jpg,4,,validation-4277.jpg,4,,train-453.jpg,4,,validation-4850.jpg,4,,train-44127.jpg,4,,train-4978.jpg,4,,train-44700.jpg,4,,validation-465.jpg,4,,train-4449.jpg,4,,validation-4438.jpg,4,,train-4691.jpg,4,,train-474.jpg,4,,train-44043.jpg,4,,train-4894.jpg,4,,train-44617.jpg,4,,validation-4566.jpg,4,,train-44405.jpg,4,,validation-4354.jpg,4,,train-4607.jpg,4,,validation-4928.jpg,4,,train-44276.jpg,4,,validation-4224.jpg,4,,train-4485.jpg,4,,validation-4799.jpg,4,,train-44782.jpg,4,,validation-4730.jpg,4,,,,,,,,,,,,,,,,,,,,,,,,
train-43890.jpg,4,,train-43968.jpg,4,,train-4817.jpg,4,,train-44540.jpg,4,,validation-449.jpg,4,,train-44329.jpg,4,,validation-4278.jpg,4,,train-4530.jpg,4,,validation-4851.jpg,4,,train-44128.jpg,4,,train-4979.jpg,4,,train-44701.jpg,4,,validation-4650.jpg,4,,train-44490.jpg,4,,validation-4439.jpg,4,,train-4692.jpg,4,,train-4740.jpg,4,,train-44044.jpg,4,,train-4895.jpg,4,,train-44618.jpg,4,,validation-4567.jpg,4,,train-44406.jpg,4,,validation-4355.jpg,4,,train-4608.jpg,4,,validation-4929.jpg,4,,train-44277.jpg,4,,validation-4225.jpg,4,,train-44850.jpg,4,,validation-48.jpg,4,,train-44783.jpg,4,,validation-4731.jpg,4,,,,,,,,,,,,,,,,,,,,,,,,
train-43891.jpg,4,,train-43969.jpg,4,,train-4818.jpg,4,,train-44541.jpg,4,,validation-4490.jpg,4,,train-4433.jpg,4,,validation-4279.jpg,4,,train-4531.jpg,4,,validation-4852.jpg,4,,train-44129.jpg,4,,train-498.jpg,4,,train-44702.jpg,4,,validation-4651.jpg,4,,train-44491.jpg,4,,validation-444.jpg,4,,train-4693.jpg,4,,train-4741.jpg,4,,train-44045.jpg,4,,train-4896.jpg,4,,train-44619.jpg,4,,validation-4568.jpg,4,,train-44407.jpg,4,,validation-4356.jpg,4,,train-4609.jpg,4,,validation-493.jpg,4,,train-44278.jpg,4,,validation-4226.jpg,4,,train-44851.jpg,4,,validation-480.jpg,4,,train-44784.jpg,4,,validation-4732.jpg,4,,,,,,,,,,,,,,,,,,,,,,,,
train-43892.jpg,4,,train-4397.jpg,4,,train-4819.jpg,4,,train-44542.jpg,4,,validation-4491.jpg,4,,train-44330.jpg,4,,validation-428.jpg,4,,train-4532.jpg,4,,validation-4853.jpg,4,,train-4413.jpg,4,,train-4980.jpg,4,,train-44703.jpg,4,,validation-4652.jpg,4,,train-4704.jpg,4,,train-4753.jpg,4,,train-4694.jpg,4,,train-4742.jpg,4,,train-44046.jpg,4,,train-4897.jpg,4,,train-4462.jpg,4,,validation-4569.jpg,4,,train-44408.jpg,4,,validation-4357.jpg,4,,train-461.jpg,4,,validation-4930.jpg,4,,train-44279.jpg,4,,validation-4227.jpg,4,,train-44852.jpg,4,,validation-4800.jpg,4,,train-44785.jpg,4,,validation-4733.jpg,4,,,,,,,,,,,,,,,,,,,,,,,,
train-43893.jpg,4,,train-43970.jpg,4,,train-482.jpg,4,,train-44543.jpg,4,,validation-4492.jpg,4,,train-44331.jpg,4,,validation-4280.jpg,4,,train-4533.jpg,4,,validation-4854.jpg,4,,train-44130.jpg,4,,train-4981.jpg,4,,train-44704.jpg,4,,validation-4653.jpg,4,,train-4705.jpg,4,,train-4754.jpg,4,,train-4695.jpg,4,,train-4743.jpg,4,,train-44047.jpg,4,,train-4898.jpg,4,,train-44620.jpg,4,,validation-457.jpg,4,,train-44409.jpg,4,,validation-4358.jpg,4,,train-4610.jpg,4,,validation-4931.jpg,4,,train-4428.jpg,4,,validation-4228.jpg,4,,train-44853.jpg,4,,validation-4801.jpg,4,,train-44786.jpg,4,,validation-4734.jpg,4,,,,,,,,,,,,,,,,,,,,,,,,
train-43894.jpg,4,,train-43971.jpg,4,,train-4820.jpg,4,,train-44544.jpg,4,,validation-4493.jpg,4,,train-44332.jpg,4,,validation-4281.jpg,4,,train-4534.jpg,4,,validation-4855.jpg,4,,train-44131.jpg,4,,train-4982.jpg,4,,train-44705.jpg,4,,validation-4654.jpg,4,,train-4706.jpg,4,,train-4755.jpg,4,,train-4696.jpg,4,,train-4744.jpg,4,,train-44048.jpg,4,,train-4899.jpg,4,,train-44621.jpg,4,,validation-4570.jpg,4,,train-4441.jpg,4,,validation-4359.jpg,4,,train-4611.jpg,4,,validation-4932.jpg,4,,train-44256.jpg,4,,validation-4204.jpg,4,,train-4483.jpg,4,,validation-4779.jpg,4,,train-44787.jpg,4,,validation-4735.jpg,4,,,,,,,,,,,,,,,,,,,,,,,,
train-43895.jpg,4,,train-43972.jpg,4,,train-4821.jpg,4,,train-44545.jpg,4,,validation-4494.jpg,4,,train-44333.jpg,4,,validation-4282.jpg,4,,train-4535.jpg,4,,validation-4856.jpg,4,,train-44132.jpg,4,,train-4983.jpg,4,,train-44706.jpg,4,,validation-4655.jpg,4,,train-4707.jpg,4,,train-4756.jpg,4,,train-4697.jpg,4,,train-4745.jpg,4,,train-44049.jpg,4,,train-49.jpg,4,,train-44622.jpg,4,,validation-4571.jpg,4,,train-44410.jpg,4,,validation-436.jpg,4,,train-4612.jpg,4,,validation-4933.jpg,4,,train-44073.jpg,4,,train-4923.jpg,4,,train-44647.jpg,4,,validation-4596.jpg,4,,train-44788.jpg,4,,validation-4736.jpg,4,,,,,,,,,,,,,,,,,,,,,,,,
train-43896.jpg,4,,train-43973.jpg,4,,train-4822.jpg,4,,train-44546.jpg,4,,validation-4495.jpg,4,,train-44334.jpg,4,,validation-4283.jpg,4,,train-4536.jpg,4,,validation-4857.jpg,4,,train-44133.jpg,4,,train-4984.jpg,4,,train-44707.jpg,4,,validation-4656.jpg,4,,train-4708.jpg,4,,train-4757.jpg,4,,train-4698.jpg,4,,train-4746.jpg,4,,train-4405.jpg,4,,train-490.jpg,4,,train-44623.jpg,4,,validation-4572.jpg,4,,train-44411.jpg,4,,validation-4360.jpg,4,,train-4613.jpg,4,,validation-4934.jpg,4,,train-44074.jpg,4,,train-4924.jpg,4,,train-44648.jpg,4,,validation-4597.jpg,4,,train-44789.jpg,4,,validation-4737.jpg,4,,,,,,,,,,,,,,,,,,,,,,,,
train-43897.jpg,4,,train-43974.jpg,4,,train-4823.jpg,4,,train-44547.jpg,4,,validation-4496.jpg,4,,train-44335.jpg,4,,validation-4284.jpg,4,,train-4537.jpg,4,,validation-4858.jpg,4,,train-44134.jpg,4,,train-4985.jpg,4,,train-44708.jpg,4,,validation-4657.jpg,4,,train-4709.jpg,4,,train-4758.jpg,4,,train-4699.jpg,4,,train-4747.jpg,4,,train-44050.jpg,4,,train-4900.jpg,4,,train-44624.jpg,4,,validation-4573.jpg,4,,train-44412.jpg,4,,validation-4361.jpg,4,,train-4614.jpg,4,,validation-4935.jpg,4,,train-44075.jpg,4,,train-4925.jpg,4,,train-44649.jpg,4,,validation-4598.jpg,4,,train-4479.jpg,4,,validation-4738.jpg,4,,,,,,,,,,,,,,,,,,,,,,,,
train-43898.jpg,4,,train-43975.jpg,4,,train-4824.jpg,4,,train-44548.jpg,4,,validation-4497.jpg,4,,train-44336.jpg,4,,validation-4285.jpg,4,,train-4538.jpg,4,,validation-4859.jpg,4,,train-44135.jpg,4,,train-4986.jpg,4,,train-44709.jpg,4,,validation-4658.jpg,4,,train-471.jpg,4,,train-4759.jpg,4,,train-47.jpg,4,,train-4748.jpg,4,,train-44051.jpg,4,,train-4901.jpg,4,,train-44625.jpg,4,,validation-4574.jpg,4,,train-44413.jpg,4,,validation-4362.jpg,4,,train-4615.jpg,4,,validation-4936.jpg,4,,train-44076.jpg,4,,train-4926.jpg,4,,train-4465.jpg,4,,validation-4599.jpg,4,,train-44790.jpg,4,,validation-4739.jpg,4,,,,,,,,,,,,,,,,,,,,,,,,
train-43899.jpg,4,,train-43976.jpg,4,,train-4825.jpg,4,,train-44549.jpg,4,,validation-4498.jpg,4,,train-44337.jpg,4,,validation-4286.jpg,4,,train-4539.jpg,4,,validation-486.jpg,4,,train-44136.jpg,4,,train-4987.jpg,4,,train-4471.jpg,4,,validation-4659.jpg,4,,train-4765.jpg,4,,train-476.jpg,4,,train-470.jpg,4,,train-4749.jpg,4,,train-44052.jpg,4,,train-4902.jpg,4,,train-44626.jpg,4,,validation-4575.jpg,4,,train-44414.jpg,4,,validation-4363.jpg,4,,train-4616.jpg,4,,validation-4937.jpg,4,,train-44077.jpg,4,,train-4927.jpg,4,,train-44650.jpg,4,,validation-46.jpg,4,,train-44791.jpg,4,,validation-474.jpg,4,,,,,,,,,,,,,,,,,,,,,,,,
train-439.jpg,4,,train-43977.jpg,4,,train-4826.jpg,4,,train-4455.jpg,4,,validation-4499.jpg,4,,train-44338.jpg,4,,validation-4287.jpg,4,,train-454.jpg,4,,validation-4860.jpg,4,,train-44137.jpg,4,,train-4988.jpg,4,,train-44710.jpg,4,,validation-466.jpg,4,,train-4766.jpg,4,,train-4760.jpg,4,,train-4700.jpg,4,,train-475.jpg,4,,train-44053.jpg,4,,train-4903.jpg,4,,train-44627.jpg,4,,validation-4576.jpg,4,,train-44415.jpg,4,,validation-4364.jpg,4,,train-4617.jpg,4,,validation-4938.jpg,4,,train-44078.jpg,4,,train-4928.jpg,4,,train-44651.jpg,4,,validation-460.jpg,4,,train-44792.jpg,4,,validation-4740.jpg,4,,,,,,,,,,,,,,,,,,,,,,,,
train-4390.jpg,4,,train-43978.jpg,4,,train-4827.jpg,4,,train-44550.jpg,4,,validation-45.jpg,4,,train-44339.jpg,4,,validation-4288.jpg,4,,train-4540.jpg,4,,validation-4861.jpg,4,,train-44138.jpg,4,,train-4989.jpg,4,,train-44711.jpg,4,,validation-4660.jpg,4,,train-4767.jpg,4,,train-4761.jpg,4,,train-4701.jpg,4,,train-4750.jpg,4,,train-44054.jpg,4,,train-4904.jpg,4,,train-44628.jpg,4,,validation-4577.jpg,4,,train-44416.jpg,4,,validation-4365.jpg,4,,train-4618.jpg,4,,validation-4939.jpg,4,,train-44079.jpg,4,,train-4929.jpg,4,,train-44652.jpg,4,,validation-4600.jpg,4,,train-44793.jpg,4,,validation-4741.jpg,4,,,,,,,,,,,,,,,,,,,,,,,,
train-43900.jpg,4,,train-43979.jpg,4,,train-4828.jpg,4,,train-44551.jpg,4,,validation-450.jpg,4,,train-4434.jpg,4,,validation-4289.jpg,4,,train-4541.jpg,4,,validation-4862.jpg,4,,train-44139.jpg,4,,train-499.jpg,4,,train-44712.jpg,4,,validation-4661.jpg,4,,train-4768.jpg,4,,train-4762.jpg,4,,train-4702.jpg,4,,train-4751.jpg,4,,train-44055.jpg,4,,train-4905.jpg,4,,train-44629.jpg,4,,validation-4578.jpg,4,,train-44417.jpg,4,,validation-4366.jpg,4,,train-4619.jpg,4,,validation-494.jpg,4,,train-44257.jpg,4,,validation-4205.jpg,4,,train-44830.jpg,4,,validation-478.jpg,4,,train-44794.jpg,4,,validation-4742.jpg,4,,,,,,,,,,,,,,,,,,,,,,,,
train-43901.jpg,4,,train-4398.jpg,4,,train-4829.jpg,4,,train-44552.jpg,4,,validation-4500.jpg,4,,train-44340.jpg,4,,validation-429.jpg,4,,train-4542.jpg,4,,validation-4863.jpg,4,,train-4414.jpg,4,,train-4990.jpg,4,,train-44713.jpg,4,,validation-4662.jpg,4,,train-4764.jpg,4,,train-4763.jpg,4,,train-4703.jpg,4,,train-4752.jpg,4,,train-44056.jpg,4,,train-4906.jpg,4,,train-4463.jpg,4,,validation-4579.jpg,4,,train-44418.jpg,4,,validation-4367.jpg,4,,train-462.jpg,4,,validation-4940.jpg,4,,train-44248.jpg,4,,validation-4197.jpg,4,,train-44821.jpg,4,,validation-4770.jpg,4,,train-44795.jpg,4,,validation-4743.jpg,4,,,,,,,,,,,,,,,,,,,,,,,,
train-43902.jpg,4,,train-43980.jpg,4,,train-483.jpg,4,,train-44553.jpg,4,,validation-4501.jpg,4,,train-44341.jpg,4,,validation-4290.jpg,4,,train-4543.jpg,4,,validation-4864.jpg,4,,train-44140.jpg,4,,train-4991.jpg,4,,train-44714.jpg,4,,validation-4663.jpg,4,,train-44187.jpg,4,,validation-4135.jpg,4,,train-44760.jpg,4,,validation-4709.jpg,4,,train-44057.jpg,4,,train-4907.jpg,4,,train-44630.jpg,4,,validation-458.jpg,4,,train-44419.jpg,4,,validation-4368.jpg,4,,train-4620.jpg,4,,validation-4941.jpg,4,,train-44249.jpg,4,,validation-4198.jpg,4,,train-44822.jpg,4,,validation-4771.jpg,4,,train-44796.jpg,4,,validation-4744.jpg,4,,,,,,,,,,,,,,,,,,,,,,,,
train-43903.jpg,4,,train-43981.jpg,4,,train-4830.jpg,4,,train-44554.jpg,4,,validation-4502.jpg,4,,train-44342.jpg,4,,validation-4291.jpg,4,,train-4544.jpg,4,,validation-4865.jpg,4,,train-44141.jpg,4,,train-4992.jpg,4,,train-44715.jpg,4,,validation-4664.jpg,4,,train-44188.jpg,4,,validation-4136.jpg,4,,train-44761.jpg,4,,validation-471.jpg,4,,train-44058.jpg,4,,train-4908.jpg,4,,train-44631.jpg,4,,validation-4580.jpg,4,,train-4442.jpg,4,,validation-4369.jpg,4,,train-4621.jpg,4,,validation-4942.jpg,4,,train-4425.jpg,4,,validation-4199.jpg,4,,train-44823.jpg,4,,validation-4772.jpg,4,,train-44797.jpg,4,,validation-4745.jpg,4,,,,,,,,,,,,,,,,,,,,,,,,
train-43904.jpg,4,,train-43982.jpg,4,,train-4831.jpg,4,,train-44555.jpg,4,,validation-4503.jpg,4,,train-44343.jpg,4,,validation-4292.jpg,4,,train-4545.jpg,4,,validation-4866.jpg,4,,train-44142.jpg,4,,train-4993.jpg,4,,train-44716.jpg,4,,validation-4665.jpg,4,,train-44189.jpg,4,,validation-4137.jpg,4,,train-44762.jpg,4,,validation-4710.jpg,4,,train-44059.jpg,4,,train-4909.jpg,4,,train-44632.jpg,4,,validation-4581.jpg,4,,train-44420.jpg,4,,validation-437.jpg,4,,train-4622.jpg,4,,validation-4943.jpg,4,,train-44250.jpg,4,,validation-42.jpg,4,,train-44824.jpg,4,,validation-4773.jpg,4,,train-44798.jpg,4,,validation-4746.jpg,4,,,,,,,,,,,,,,,,,,,,,,,,
train-43905.jpg,4,,train-43983.jpg,4,,train-4832.jpg,4,,train-44556.jpg,4,,validation-4504.jpg,4,,train-44344.jpg,4,,validation-4293.jpg,4,,train-4546.jpg,4,,validation-4867.jpg,4,,train-44143.jpg,4,,train-4994.jpg,4,,train-44717.jpg,4,,validation-4666.jpg,4,,train-4419.jpg,4,,validation-4138.jpg,4,,train-44763.jpg,4,,validation-4711.jpg,4,,train-4406.jpg,4,,train-491.jpg,4,,train-44633.jpg,4,,validation-4582.jpg,4,,train-44421.jpg,4,,validation-4370.jpg,4,,train-4623.jpg,4,,validation-4944.jpg,4,,train-44251.jpg,4,,validation-420.jpg,4,,train-44825.jpg,4,,validation-4774.jpg,4,,train-44799.jpg,4,,validation-4747.jpg,4,,,,,,,,,,,,,,,,,,,,,,,,
train-43906.jpg,4,,train-43984.jpg,4,,train-4833.jpg,4,,train-44557.jpg,4,,validation-4505.jpg,4,,train-44345.jpg,4,,validation-4294.jpg,4,,train-4547.jpg,4,,validation-4868.jpg,4,,train-44144.jpg,4,,train-4995.jpg,4,,train-44718.jpg,4,,validation-4667.jpg,4,,train-44190.jpg,4,,validation-4139.jpg,4,,train-44764.jpg,4,,validation-4712.jpg,4,,train-44060.jpg,4,,train-4910.jpg,4,,train-44634.jpg,4,,validation-4583.jpg,4,,train-44422.jpg,4,,validation-4371.jpg,4,,train-4624.jpg,4,,validation-4945.jpg,4,,train-44252.jpg,4,,validation-4200.jpg,4,,train-44826.jpg,4,,validation-4775.jpg,4,,train-448.jpg,4,,validation-4748.jpg,4,,,,,,,,,,,,,,,,,,,,,,,,
train-43907.jpg,4,,train-43985.jpg,4,,train-4834.jpg,4,,train-44558.jpg,4,,validation-4506.jpg,4,,train-44346.jpg,4,,validation-4295.jpg,4,,train-4548.jpg,4,,validation-4869.jpg,4,,train-44145.jpg,4,,train-4996.jpg,4,,train-44719.jpg,4,,validation-4668.jpg,4,,train-44191.jpg,4,,validation-414.jpg,4,,train-44765.jpg,4,,validation-4713.jpg,4,,train-44061.jpg,4,,train-4911.jpg,4,,train-44635.jpg,4,,validation-4584.jpg,4,,train-44423.jpg,4,,validation-4372.jpg,4,,train-4625.jpg,4,,validation-4946.jpg,4,,train-44253.jpg,4,,validation-4201.jpg,4,,train-44827.jpg,4,,validation-4776.jpg,4,,train-4480.jpg,4,,validation-4749.jpg,4,,,,,,,,,,,,,,,,,,,,,,,,
train-43908.jpg,4,,train-43986.jpg,4,,train-4835.jpg,4,,train-44559.jpg,4,,validation-4507.jpg,4,,train-44347.jpg,4,,validation-4296.jpg,4,,train-4549.jpg,4,,validation-487.jpg,4,,train-44146.jpg,4,,train-4997.jpg,4,,train-4472.jpg,4,,validation-4669.jpg,4,,train-44192.jpg,4,,validation-4140.jpg,4,,train-44766.jpg,4,,validation-4714.jpg,4,,train-44062.jpg,4,,train-4912.jpg,4,,train-44636.jpg,4,,validation-4585.jpg,4,,train-44424.jpg,4,,validation-4373.jpg,4,,train-4626.jpg,4,,validation-4947.jpg,4,,train-44254.jpg,4,,validation-4202.jpg,4,,train-44828.jpg,4,,validation-4777.jpg,4,,train-44800.jpg,4,,validation-475.jpg,4,,,,,,,,,,,,,,,,,,,,,,,,
train-43909.jpg,4,,train-43987.jpg,4,,train-4836.jpg,4,,train-4456.jpg,4,,validation-4508.jpg,4,,train-44348.jpg,4,,validation-4297.jpg,4,,train-455.jpg,4,,validation-4870.jpg,4,,train-44147.jpg,4,,train-4998.jpg,4,,train-44720.jpg,4,,validation-467.jpg,4,,train-44193.jpg,4,,validation-4141.jpg,4,,train-44767.jpg,4,,validation-4715.jpg,4,,train-44063.jpg,4,,train-4913.jpg,4,,train-44637.jpg,4,,validation-4586.jpg,4,,train-44425.jpg,4,,validation-4374.jpg,4,,train-4627.jpg,4,,validation-4948.jpg,4,,train-44255.jpg,4,,validation-4203.jpg,4,,train-44829.jpg,4,,validation-4778.jpg,4,,train-44801.jpg,4,,validation-4750.jpg,4,,,,,,,,,,,,,,,,,,,,,,,,
train-4391.jpg,4,,train-43988.jpg,4,,train-4837.jpg,4,,train-44560.jpg,4,,validation-4509.jpg,4,,train-44349.jpg,4,,validation-4298.jpg,4,,train-4550.jpg,4,,validation-4871.jpg,4,,train-44148.jpg,4,,train-4999.jpg,4,,train-44721.jpg,4,,validation-4670.jpg,4,,train-44194.jpg,4,,validation-4142.jpg,4,,train-44768.jpg,4,,validation-4716.jpg,4,,train-44064.jpg,4,,train-4914.jpg,4,,train-44638.jpg,4,,validation-4587.jpg,4,,train-44426.jpg,4,,validation-4375.jpg,4,,train-4628.jpg,4,,validation-4949.jpg,4,,train-44435.jpg,4,,validation-4384.jpg,4,,train-4637.jpg,4,,validation-4958.jpg,4,,train-44802.jpg,4,,validation-4751.jpg,4,,,,,,,,,,,,,,,,,,,,,,,,
train-43910.jpg,4,,train-43989.jpg,4,,train-4838.jpg,4,,train-44561.jpg,4,,validation-451.jpg,4,,train-4435.jpg,4,,validation-4299.jpg,4,,train-4551.jpg,4,,validation-4872.jpg,4,,train-44149.jpg,4,,validation-4.jpg,4,,train-44722.jpg,4,,validation-4671.jpg,4,,train-44195.jpg,4,,validation-4143.jpg,4,,train-44769.jpg,4,,validation-4717.jpg,4,,train-44065.jpg,4,,train-4915.jpg,4,,train-44639.jpg,4,,validation-4588.jpg,4,,train-44427.jpg,4,,validation-4376.jpg,4,,train-4629.jpg,4,,validation-495.jpg,4,,train-44436.jpg,4,,validation-4385.jpg,4,,train-4638.jpg,4,,validation-4959.jpg,4,,train-44803.jpg,4,,validation-4752.jpg,4,,,,,,,,,,,,,,,,,,,,,,,,
train-43911.jpg,4,,train-4399.jpg,4,,train-4839.jpg,4,,train-44562.jpg,4,,validation-4510.jpg,4,,train-44350.jpg,4,,validation-43.jpg,4,,train-4552.jpg,4,,validation-4873.jpg,4,,train-4415.jpg,4,,validation-40.jpg,4,,train-44723.jpg,4,,validation-4672.jpg,4,,train-44196.jpg,4,,validation-4144.jpg,4,,train-4477.jpg,4,,validation-4718.jpg,4,,train-44066.jpg,4,,train-4916.jpg,4,,train-4464.jpg,4,,validation-4589.jpg,4,,train-44428.jpg,4,,validation-4377.jpg,4,,train-463.jpg,4,,validation-4950.jpg,4,,train-44437.jpg,4,,validation-4386.jpg,4,,train-4639.jpg,4,,validation-496.jpg,4,,train-44804.jpg,4,,validation-4753.jpg,4,,,,,,,,,,,,,,,,,,,,,,,,
train-43912.jpg,4,,train-43990.jpg,4,,train-484.jpg,4,,train-44563.jpg,4,,validation-4511.jpg,4,,train-44351.jpg,4,,validation-430.jpg,4,,train-4553.jpg,4,,validation-4874.jpg,4,,train-44150.jpg,4,,validation-41.jpg,4,,train-44724.jpg,4,,validation-4673.jpg,4,,train-44197.jpg,4,,validation-4145.jpg,4,,train-44770.jpg,4,,validation-4719.jpg,4,,train-44067.jpg,4,,train-4917.jpg,4,,train-44640.jpg,4,,validation-459.jpg,4,,train-44429.jpg,4,,validation-4378.jpg,4,,train-4630.jpg,4,,validation-4951.jpg,4,,train-44438.jpg,4,,validation-4387.jpg,4,,train-464.jpg,4,,validation-4960.jpg,4,,train-44805.jpg,4,,validation-4754.jpg,4,,,,,,,,,,,,,,,,,,,,,,,,
train-43913.jpg,4,,train-43991.jpg,4,,train-4840.jpg,4,,train-44564.jpg,4,,validation-4512.jpg,4,,train-44352.jpg,4,,validation-4300.jpg,4,,train-4554.jpg,4,,validation-4875.jpg,4,,train-44151.jpg,4,,validation-410.jpg,4,,train-44725.jpg,4,,validation-4674.jpg,4,,train-44198.jpg,4,,validation-4146.jpg,4,,train-44771.jpg,4,,validation-472.jpg,4,,train-44068.jpg,4,,train-4918.jpg,4,,train-44641.jpg,4,,validation-4590.jpg,4,,train-4443.jpg,4,,validation-4379.jpg,4,,train-4631.jpg,4,,validation-4952.jpg,4,,train-44439.jpg,4,,validation-4388.jpg,4,,train-4640.jpg,4,,validation-4961.jpg,4,,train-44806.jpg,4,,validation-4755.jpg,4,,,,,,,,,,,,,,,,,,,,,,,,
train-43914.jpg,4,,train-43992.jpg,4,,train-4841.jpg,4,,train-44565.jpg,4,,validation-4513.jpg,4,,train-44353.jpg,4,,validation-4301.jpg,4,,train-4555.jpg,4,,validation-4876.jpg,4,,train-44152.jpg,4,,validation-4100.jpg,4,,train-44726.jpg,4,,validation-4675.jpg,4,,train-44199.jpg,4,,validation-4147.jpg,4,,train-44772.jpg,4,,validation-4720.jpg,4,,train-44069.jpg,4,,train-4919.jpg,4,,train-44642.jpg,4,,validation-4591.jpg,4,,train-44430.jpg,4,,validation-438.jpg,4,,train-4632.jpg,4,,validation-4953.jpg,4,,train-4444.jpg,4,,validation-4389.jpg,4,,train-4641.jpg,4,,validation-4962.jpg,4,,train-44807.jpg,4,,validation-4756.jpg,4,,,,,,,,,,,,,,,,,,,,,,,,
train-43915.jpg,4,,train-43993.jpg,4,,train-4842.jpg,4,,train-44566.jpg,4,,validation-4514.jpg,4,,train-44354.jpg,4,,validation-4302.jpg,4,,train-4556.jpg,4,,validation-4877.jpg,4,,train-44153.jpg,4,,validation-4101.jpg,4,,train-44727.jpg,4,,validation-4676.jpg,4,,train-442.jpg,4,,validation-4148.jpg,4,,train-44773.jpg,4,,validation-4721.jpg,4,,train-4407.jpg,4,,train-492.jpg,4,,train-44643.jpg,4,,validation-4592.jpg,4,,train-44431.jpg,4,,validation-4380.jpg,4,,train-4633.jpg,4,,validation-4954.jpg,4,,train-44440.jpg,4,,validation-439.jpg,4,,train-4642.jpg,4,,validation-4963.jpg,4,,train-44808.jpg,4,,validation-4757.jpg,4,,,,,,,,,,,,,,,,,,,,,,,,
train-43916.jpg,4,,train-43994.jpg,4,,train-4843.jpg,4,,train-44567.jpg,4,,validation-4515.jpg,4,,train-44355.jpg,4,,validation-4303.jpg,4,,train-4557.jpg,4,,validation-4878.jpg,4,,train-44154.jpg,4,,validation-4102.jpg,4,,train-44728.jpg,4,,validation-4677.jpg,4,,train-4420.jpg,4,,validation-4149.jpg,4,,train-44774.jpg,4,,validation-4722.jpg,4,,train-44070.jpg,4,,train-4920.jpg,4,,train-44644.jpg,4,,validation-4593.jpg,4,,train-44432.jpg,4,,validation-4381.jpg,4,,train-4634.jpg,4,,validation-4955.jpg,4,,train-44245.jpg,4,,validation-4194.jpg,4,,train-44819.jpg,4,,validation-4768.jpg,4,,train-44809.jpg,4,,validation-4758.jpg,4,,,,,,,,,,,,,,,,,,,,,,,,
train-43917.jpg,4,,train-43995.jpg,4,,train-4844.jpg,4,,train-44568.jpg,4,,validation-4516.jpg,4,,train-44356.jpg,4,,validation-4304.jpg,4,,train-4558.jpg,4,,validation-4879.jpg,4,,train-44155.jpg,4,,validation-4103.jpg,4,,train-44729.jpg,4,,validation-4678.jpg,4,,train-44200.jpg,4,,validation-415.jpg,4,,train-44775.jpg,4,,validation-4723.jpg,4,,train-44071.jpg,4,,train-4921.jpg,4,,train-44645.jpg,4,,validation-4594.jpg,4,,train-44433.jpg,4,,validation-4382.jpg,4,,train-4635.jpg,4,,validation-4956.jpg,4,,train-44246.jpg,4,,validation-4195.jpg,4,,train-4482.jpg,4,,validation-4769.jpg,4,,train-4481.jpg,4,,validation-4759.jpg,4,,,,,,,,,,,,,,,,,,,,,,,,
train-43918.jpg,4,,train-43996.jpg,4,,train-4845.jpg,4,,train-44569.jpg,4,,validation-4517.jpg,4,,train-44357.jpg,4,,validation-4305.jpg,4,,train-4559.jpg,4,,validation-488.jpg,4,,train-44156.jpg,4,,validation-4104.jpg,4,,train-4473.jpg,4,,validation-4679.jpg,4,,train-44201.jpg,4,,validation-4150.jpg,4,,train-44776.jpg,4,,validation-4724.jpg,4,,train-44072.jpg,4,,train-4922.jpg,4,,train-44646.jpg,4,,validation-4595.jpg,4,,train-44434.jpg,4,,validation-4383.jpg,4,,train-4636.jpg,4,,validation-4957.jpg,4,,train-44247.jpg,4,,validation-4196.jpg,4,,train-44820.jpg,4,,validation-477.jpg,4,,train-44810.jpg,4,,validation-476.jpg,4,,,,,,,,,,,,,,,,,,,,,,,,