7d0,,,,,,,7d1,,,,,,,7d2,,,,,,,7d3,,,,,,,7d4,,,,,,,7d5,,,,,,,7d6,,,,,,,7d7,,,,,,,7d8,,,,,,,7d9,,,,,
train-72401.jpg,7,d - 1.jpg,d,train-0922.jpg,0,,train-7248.jpg,7,d - 41o.jpg,d,train-15599.jpg,1,,train-72557.jpg,7,d - 81o.jpg,d,train-24728.jpg,2,,train-72888.jpg,7,d - 55.jpg,d,validation-3948.jpg,3,,train-72717.jpg,7,d - 65o.jpg,d,train-44730.jpg,4,,train-73047.jpg,7,d - 3o.jpg,d,train-5463.jpg,5,,train-72634.jpg,7,d - 23o.jpg,d,train-64875.jpg,6,,train-72965.jpg,7,d - 95.jpg,d,train-74799.jpg,7,,train-72795.jpg,7,d - 105.jpg,d,train-84727.jpg,8,,train-73124.jpg,7,d - 7o.jpg,d,train-94730.jpg,9
train-72402.jpg,7,d - 10.jpg,d,train-0923.jpg,0,,train-72480.jpg,7,d - 42.jpg,d,train-156.jpg,1,,train-72558.jpg,7,d - 82.jpg,d,train-24729.jpg,2,,train-72889.jpg,7,d - 55o.jpg,d,validation-3949.jpg,3,,train-72718.jpg,7,d - 66.jpg,d,train-44731.jpg,4,,train-73048.jpg,7,d - 4.jpg,d,train-5464.jpg,5,,train-72635.jpg,7,d - 24.jpg,d,train-64876.jpg,6,,train-72966.jpg,7,d - 95o.jpg,d,train-748.jpg,7,,train-72796.jpg,7,d - 105o.jpg,d,train-84728.jpg,8,,train-73125.jpg,7,d - 8.jpg,d,train-94731.jpg,9
train-72403.jpg,7,d - 100.jpg,d,train-0924.jpg,0,,train-72481.jpg,7,d - 42o.jpg,d,train-1560.jpg,1,,train-72559.jpg,7,d - 82o.jpg,d,train-2473.jpg,2,,train-7289.jpg,7,d - 56.jpg,d,validation-395.jpg,3,,train-72719.jpg,7,d - 66o.jpg,d,train-44732.jpg,4,,train-73049.jpg,7,d - 40.jpg,d,train-5465.jpg,5,,train-72636.jpg,7,d - 24o.jpg,d,train-64877.jpg,6,,train-72967.jpg,7,d - 96.jpg,d,train-7480.jpg,7,,train-72797.jpg,7,d - 106.jpg,d,train-84729.jpg,8,,train-73126.jpg,7,d - 80.jpg,d,train-94732.jpg,9
train-72404.jpg,7,d - 100o.jpg,d,train-0925.jpg,0,,train-72482.jpg,7,d - 43.jpg,d,train-15600.jpg,1,,train-7256.jpg,7,d - 83.jpg,d,train-24730.jpg,2,,train-72890.jpg,7,d - 56o.jpg,d,validation-3950.jpg,3,,train-7272.jpg,7,d - 67.jpg,d,train-44733.jpg,4,,train-7305.jpg,7,d - 40o.jpg,d,train-5466.jpg,5,,train-72637.jpg,7,d - 25.jpg,d,train-64878.jpg,6,,train-72968.jpg,7,d - 96o.jpg,d,train-74800.jpg,7,,train-72798.jpg,7,d - 106o.jpg,d,train-8473.jpg,8,,train-73127.jpg,7,d - 80o.jpg,d,train-94733.jpg,9
train-72405.jpg,7,d - 101.jpg,d,train-0926.jpg,0,,train-72483.jpg,7,d - 43o.jpg,d,train-15601.jpg,1,,train-72560.jpg,7,d - 83o.jpg,d,train-24731.jpg,2,,train-72891.jpg,7,d - 57.jpg,d,validation-3951.jpg,3,,train-72720.jpg,7,d - 67o.jpg,d,train-44734.jpg,4,,train-73050.jpg,7,d - 41.jpg,d,train-5467.jpg,5,,train-72638.jpg,7,d - 25o.jpg,d,train-64879.jpg,6,,train-72969.jpg,7,d - 97.jpg,d,train-74801.jpg,7,,train-72799.jpg,7,d - 107o.jpg,d,train-84730.jpg,8,,train-73128.jpg,7,d - 81.jpg,d,train-94734.jpg,9
train-72406.jpg,7,d - 101o.jpg,d,train-0927.jpg,0,,train-72484.jpg,7,d - 44.jpg,d,train-15602.jpg,1,,train-72561.jpg,7,d - 84.jpg,d,train-24732.jpg,2,,train-72892.jpg,7,d - 57o.jpg,d,validation-3952.jpg,3,,train-72721.jpg,7,d - 68.jpg,d,train-44735.jpg,4,,train-73051.jpg,7,d - 41o.jpg,d,train-5468.jpg,5,,train-72639.jpg,7,d - 26.jpg,d,train-6488.jpg,6,,train-7297.jpg,7,d - 97o.jpg,d,train-74802.jpg,7,,train-728.jpg,7,d - 108o.jpg,d,train-84731.jpg,8,,train-73129.jpg,7,d - 81o.jpg,d,train-94735.jpg,9
train-72407.jpg,7,d - 102.jpg,d,train-0928.jpg,0,,train-72485.jpg,7,d - 44o.jpg,d,train-15603.jpg,1,,train-72562.jpg,7,d - 84o.jpg,d,train-24733.jpg,2,,train-72893.jpg,7,d - 58.jpg,d,validation-3953.jpg,3,,train-72722.jpg,7,d - 68o.jpg,d,train-44736.jpg,4,,train-73052.jpg,7,d - 42.jpg,d,train-5469.jpg,5,,train-7264.jpg,7,d - 26o.jpg,d,train-64880.jpg,6,,train-72970.jpg,7,d - 98.jpg,d,train-74803.jpg,7,,train-7280.jpg,7,d - 10o.jpg,d,train-84732.jpg,8,,train-7313.jpg,7,d - 82.jpg,d,train-94736.jpg,9
train-72408.jpg,7,d - 102o.jpg,d,train-0929.jpg,0,,train-72486.jpg,7,d - 45.jpg,d,train-15604.jpg,1,,train-72563.jpg,7,d - 85.jpg,d,train-24734.jpg,2,,train-72894.jpg,7,d - 58o.jpg,d,validation-3954.jpg,3,,train-72723.jpg,7,d - 6o.jpg,d,train-44737.jpg,4,,train-73053.jpg,7,d - 42o.jpg,d,train-547.jpg,5,,train-72640.jpg,7,d - 27.jpg,d,train-64881.jpg,6,,train-72971.jpg,7,d - 98o.jpg,d,train-74804.jpg,7,,train-72800.jpg,7,d - 11.jpg,d,train-84733.jpg,8,,train-73130.jpg,7,d - 82o.jpg,d,train-94737.jpg,9
train-72409.jpg,7,d - 103.jpg,d,train-093.jpg,0,,train-72487.jpg,7,d - 45o.jpg,d,train-15605.jpg,1,,train-72564.jpg,7,d - 85o.jpg,d,train-24735.jpg,2,,train-72895.jpg,7,d - 59.jpg,d,validation-3955.jpg,3,,train-72724.jpg,7,d - 7.jpg,d,train-44738.jpg,4,,train-73054.jpg,7,d - 43.jpg,d,train-5470.jpg,5,,train-72641.jpg,7,d - 27o.jpg,d,train-64882.jpg,6,,train-72972.jpg,7,d - 99.jpg,d,train-74805.jpg,7,,train-72801.jpg,7,d - 11o.jpg,d,train-84734.jpg,8,,train-73131.jpg,7,d - 83.jpg,d,train-94738.jpg,9
train-7241.jpg,7,d - 103o.jpg,d,train-0930.jpg,0,,train-72488.jpg,7,d - 46.jpg,d,train-15606.jpg,1,,train-72565.jpg,7,d - 86.jpg,d,train-24736.jpg,2,,train-72896.jpg,7,d - 59o.jpg,d,validation-3956.jpg,3,,train-72725.jpg,7,d - 70.jpg,d,train-44739.jpg,4,,train-73055.jpg,7,d - 43o.jpg,d,train-5471.jpg,5,,train-72642.jpg,7,d - 28.jpg,d,train-64883.jpg,6,,train-72973.jpg,7,d - 99o.jpg,d,train-74806.jpg,7,,train-72802.jpg,7,d - 12.jpg,d,train-84735.jpg,8,,train-73132.jpg,7,d - 83o.jpg,d,train-94739.jpg,9
train-72410.jpg,7,d - 104.jpg,d,train-0931.jpg,0,,train-72489.jpg,7,d - 46o.jpg,d,train-15607.jpg,1,,train-72566.jpg,7,d - 86o.jpg,d,train-24737.jpg,2,,train-72897.jpg,7,d - 5o.jpg,d,validation-3957.jpg,3,,train-72726.jpg,7,d - 70o.jpg,d,train-4474.jpg,4,,train-73056.jpg,7,d - 44.jpg,d,train-5472.jpg,5,,train-72643.jpg,7,d - 28o.jpg,d,train-64884.jpg,6,,train-72974.jpg,7,d - 9o.jpg,d,train-74807.jpg,7,,train-72803.jpg,7,d - 12o.jpg,d,train-84736.jpg,8,,train-73133.jpg,7,d - 84.jpg,d,train-9474.jpg,9
train-72411.jpg,7,d - 104o.jpg,d,train-0932.jpg,0,,train-7249.jpg,7,d - 47.jpg,d,train-15608.jpg,1,,train-72567.jpg,7,d - 87.jpg,d,train-24738.jpg,2,,train-72898.jpg,7,d - 6.jpg,d,validation-3958.jpg,3,,train-72727.jpg,7,d - 71.jpg,d,train-44740.jpg,4,,train-73057.jpg,7,d - 44o.jpg,d,train-5473.jpg,5,,train-72644.jpg,7,d - 29.jpg,d,train-64885.jpg,6,,train-72975.jpg,7,d - 1.jpg,d,train-74808.jpg,7,,train-72804.jpg,7,d - 13.jpg,d,train-84737.jpg,8,,train-73134.jpg,7,d - 84o.jpg,d,train-94740.jpg,9
train-72412.jpg,7,d - 105.jpg,d,train-0933.jpg,0,,train-72490.jpg,7,d - 47o.jpg,d,train-15609.jpg,1,,train-72568.jpg,7,d - 87o.jpg,d,train-24739.jpg,2,,train-72899.jpg,7,d - 60.jpg,d,validation-3959.jpg,3,,train-72728.jpg,7,d - 71o.jpg,d,train-44741.jpg,4,,train-73058.jpg,7,d - 45.jpg,d,train-5474.jpg,5,,train-72645.jpg,7,d - 29o.jpg,d,train-64886.jpg,6,,train-72976.jpg,7,d - 10.jpg,d,train-74809.jpg,7,,train-72805.jpg,7,d - 13o.jpg,d,train-84738.jpg,8,,train-73135.jpg,7,d - 85.jpg,d,train-94741.jpg,9
train-72413.jpg,7,d - 105o.jpg,d,train-0934.jpg,0,,train-72491.jpg,7,d - 48.jpg,d,train-1561.jpg,1,,train-72569.jpg,7,d - 88.jpg,d,train-2474.jpg,2,,train-729.jpg,7,d - 60o.jpg,d,validation-396.jpg,3,,train-72729.jpg,7,d - 72.jpg,d,train-44742.jpg,4,,train-73059.jpg,7,d - 45o.jpg,d,train-5475.jpg,5,,train-72646.jpg,7,d - 2o.jpg,d,train-64887.jpg,6,,train-72977.jpg,7,d - 100.jpg,d,train-7481.jpg,7,,train-72806.jpg,7,d - 14.jpg,d,train-84739.jpg,8,,train-73136.jpg,7,d - 85o.jpg,d,train-94742.jpg,9
train-72414.jpg,7,d - 106.jpg,d,train-0935.jpg,0,,train-72492.jpg,7,d - 48o.jpg,d,train-15610.jpg,1,,train-7257.jpg,7,d - 88o.jpg,d,train-24740.jpg,2,,train-7290.jpg,7,d - 61.jpg,d,validation-3960.jpg,3,,train-7273.jpg,7,d - 72o.jpg,d,train-44743.jpg,4,,train-7306.jpg,7,d - 46.jpg,d,train-5476.jpg,5,,train-72647.jpg,7,d - 3.jpg,d,train-64888.jpg,6,,train-72978.jpg,7,d - 100o.jpg,d,train-74810.jpg,7,,train-72807.jpg,7,d - 14o.jpg,d,train-8474.jpg,8,,train-73137.jpg,7,d - 86.jpg,d,train-94743.jpg,9
train-72415.jpg,7,d - 106o.jpg,d,train-0936.jpg,0,,train-72493.jpg,7,d - 49.jpg,d,train-15611.jpg,1,,train-72570.jpg,7,d - 89.jpg,d,train-24741.jpg,2,,train-72900.jpg,7,d - 61o.jpg,d,validation-3961.jpg,3,,train-72730.jpg,7,d - 73.jpg,d,train-44744.jpg,4,,train-73060.jpg,7,d - 46o.jpg,d,train-5477.jpg,5,,train-72648.jpg,7,d - 30.jpg,d,train-64889.jpg,6,,train-72979.jpg,7,d - 101.jpg,d,train-74811.jpg,7,,train-72808.jpg,7,d - 15.jpg,d,train-84740.jpg,8,,train-73138.jpg,7,d - 86o.jpg,d,train-94744.jpg,9
train-72416.jpg,7,d - 107o.jpg,d,train-0937.jpg,0,,train-72494.jpg,7,d - 49o.jpg,d,train-15612.jpg,1,,train-72571.jpg,7,d - 89o.jpg,d,train-24742.jpg,2,,train-72901.jpg,7,d - 62.jpg,d,validation-3962.jpg,3,,train-72731.jpg,7,d - 73o.jpg,d,train-44745.jpg,4,,train-73061.jpg,7,d - 47.jpg,d,train-5478.jpg,5,,train-72649.jpg,7,d - 30o.jpg,d,train-6489.jpg,6,,train-7298.jpg,7,d - 101o.jpg,d,train-74812.jpg,7,,train-72809.jpg,7,d - 15o.jpg,d,train-84741.jpg,8,,train-73139.jpg,7,d - 87.jpg,d,train-94745.jpg,9
train-72417.jpg,7,d - 108o.jpg,d,train-0938.jpg,0,,train-72495.jpg,7,d - 4o.jpg,d,train-15613.jpg,1,,train-72572.jpg,7,d - 8o.jpg,d,train-24743.jpg,2,,train-72902.jpg,7,d - 62o.jpg,d,validation-3963.jpg,3,,train-72732.jpg,7,d - 74.jpg,d,train-44746.jpg,4,,train-73062.jpg,7,d - 47o.jpg,d,train-5479.jpg,5,,train-7265.jpg,7,d - 31.jpg,d,train-64890.jpg,6,,train-72980.jpg,7,d - 102.jpg,d,train-74813.jpg,7,,train-7281.jpg,7,d - 16.jpg,d,train-84742.jpg,8,,train-7314.jpg,7,d - 87o.jpg,d,train-94746.jpg,9
train-72418.jpg,7,d - 10o.jpg,d,train-0939.jpg,0,,train-72496.jpg,7,d - 5.jpg,d,train-15614.jpg,1,,train-72573.jpg,7,d - 9.jpg,d,train-24744.jpg,2,,train-72903.jpg,7,d - 63.jpg,d,validation-3964.jpg,3,,train-72733.jpg,7,d - 74o.jpg,d,train-44747.jpg,4,,train-73063.jpg,7,d - 48.jpg,d,train-548.jpg,5,,train-72650.jpg,7,d - 31o.jpg,d,train-64891.jpg,6,,train-72981.jpg,7,d - 102o.jpg,d,train-74814.jpg,7,,train-72810.jpg,7,d - 16o.jpg,d,train-84743.jpg,8,,train-73140.jpg,7,d - 88.jpg,d,train-94747.jpg,9
train-72419.jpg,7,d - 11.jpg,d,train-094.jpg,0,,train-72497.jpg,7,d - 50.jpg,d,train-15615.jpg,1,,train-72574.jpg,7,d - 90.jpg,d,train-24745.jpg,2,,train-72904.jpg,7,d - 63o.jpg,d,validation-3965.jpg,3,,train-72734.jpg,7,d - 75.jpg,d,train-44748.jpg,4,,train-73064.jpg,7,d - 48o.jpg,d,train-5480.jpg,5,,train-72651.jpg,7,d - 32.jpg,d,train-64892.jpg,6,,train-72982.jpg,7,d - 103.jpg,d,train-74815.jpg,7,,train-72811.jpg,7,d - 17.jpg,d,train-84744.jpg,8,,train-73141.jpg,7,d - 88o.jpg,d,train-94748.jpg,9
train-7242.jpg,7,d - 11o.jpg,d,train-04623.jpg,0,,train-72498.jpg,7,d - 50o.jpg,d,train-15616.jpg,1,,train-72575.jpg,7,d - 90o.jpg,d,train-24746.jpg,2,,train-72905.jpg,7,d - 64.jpg,d,validation-3966.jpg,3,,train-72735.jpg,7,d - 75o.jpg,d,train-44749.jpg,4,,train-73065.jpg,7,d - 49.jpg,d,train-5481.jpg,5,,train-72652.jpg,7,d - 32o.jpg,d,train-64893.jpg,6,,train-72983.jpg,7,d - 103o.jpg,d,train-74816.jpg,7,,train-72812.jpg,7,d - 17o.jpg,d,train-84745.jpg,8,,train-73142.jpg,7,d - 89.jpg,d,train-94749.jpg,9
train-72420.jpg,7,d - 12.jpg,d,train-04624.jpg,0,,train-72499.jpg,7,d - 51.jpg,d,train-15617.jpg,1,,train-72576.jpg,7,d - 91.jpg,d,train-24747.jpg,2,,train-72906.jpg,7,d - 64o.jpg,d,validation-3967.jpg,3,,train-72736.jpg,7,d - 76.jpg,d,train-4475.jpg,4,,train-73066.jpg,7,d - 49o.jpg,d,train-5482.jpg,5,,train-72653.jpg,7,d - 33.jpg,d,train-64894.jpg,6,,train-72984.jpg,7,d - 104.jpg,d,train-74817.jpg,7,,train-72813.jpg,7,d - 18.jpg,d,train-84746.jpg,8,,train-73143.jpg,7,d - 89o.jpg,d,train-9475.jpg,9
train-72421.jpg,7,d - 12o.jpg,d,train-04625.jpg,0,,train-725.jpg,7,d - 51o.jpg,d,train-15618.jpg,1,,train-72577.jpg,7,d - 91o.jpg,d,train-24748.jpg,2,,train-72907.jpg,7,d - 65.jpg,d,validation-3968.jpg,3,,train-72737.jpg,7,d - 76o.jpg,d,train-44750.jpg,4,,train-73067.jpg,7,d - 4o.jpg,d,train-5483.jpg,5,,train-72654.jpg,7,d - 33o.jpg,d,train-64895.jpg,6,,train-72985.jpg,7,d - 104o.jpg,d,train-74818.jpg,7,,train-72814.jpg,7,d - 18o.jpg,d,train-84747.jpg,8,,train-73144.jpg,7,d - 8o.jpg,d,train-94750.jpg,9
train-72422.jpg,7,d - 13.jpg,d,train-04626.jpg,0,,train-7250.jpg,7,d - 52.jpg,d,train-15619.jpg,1,,train-72578.jpg,7,d - 92.jpg,d,train-24749.jpg,2,,train-72908.jpg,7,d - 65o.jpg,d,validation-3969.jpg,3,,train-72738.jpg,7,d - 77.jpg,d,train-44751.jpg,4,,train-73068.jpg,7,d - 5.jpg,d,train-5484.jpg,5,,train-72655.jpg,7,d - 34.jpg,d,train-64896.jpg,6,,train-72986.jpg,7,d - 105.jpg,d,train-74819.jpg,7,,train-72815.jpg,7,d - 19.jpg,d,train-84748.jpg,8,,train-73145.jpg,7,d - 9.jpg,d,train-94751.jpg,9
train-72423.jpg,7,d - 13o.jpg,d,train-04627.jpg,0,,train-72500.jpg,7,d - 52o.jpg,d,train-1562.jpg,1,,train-72579.jpg,7,d - 92o.jpg,d,train-2475.jpg,2,,train-72909.jpg,7,d - 66.jpg,d,validation-397.jpg,3,,train-72739.jpg,7,d - 77o.jpg,d,train-44752.jpg,4,,train-73069.jpg,7,d - 50.jpg,d,train-5485.jpg,5,,train-72656.jpg,7,d - 34o.jpg,d,train-64897.jpg,6,,train-72987.jpg,7,d - 105o.jpg,d,train-7482.jpg,7,,train-72816.jpg,7,d - 19o.jpg,d,train-84749.jpg,8,,train-73146.jpg,7,d - 90.jpg,d,train-94752.jpg,9
train-72424.jpg,7,d - 14.jpg,d,train-04628.jpg,0,,train-72501.jpg,7,d - 53.jpg,d,train-15620.jpg,1,,train-7258.jpg,7,d - 93.jpg,d,train-24750.jpg,2,,train-7291.jpg,7,d - 66o.jpg,d,validation-3970.jpg,3,,train-7274.jpg,7,d - 78.jpg,d,train-44753.jpg,4,,train-7307.jpg,7,d - 50o.jpg,d,train-5486.jpg,5,,train-72657.jpg,7,d - 35.jpg,d,train-64898.jpg,6,,train-72988.jpg,7,d - 106.jpg,d,train-74820.jpg,7,,train-72817.jpg,7,d - 1o.jpg,d,train-8475.jpg,8,,train-73147.jpg,7,d - 90o.jpg,d,train-94753.jpg,9
train-72425.jpg,7,d - 14o.jpg,d,train-04629.jpg,0,,train-72502.jpg,7,d - 53o.jpg,d,train-15621.jpg,1,,train-72580.jpg,7,d - 93o.jpg,d,train-24751.jpg,2,,train-72910.jpg,7,d - 67.jpg,d,validation-3971.jpg,3,,train-72740.jpg,7,d - 78o.jpg,d,train-44754.jpg,4,,train-73070.jpg,7,d - 51.jpg,d,train-5487.jpg,5,,train-72658.jpg,7,d - 35o.jpg,d,train-64899.jpg,6,,train-72989.jpg,7,d - 106o.jpg,d,train-74821.jpg,7,,train-72818.jpg,7,d - 2.jpg,d,train-84750.jpg,8,,train-73148.jpg,7,d - 91.jpg,d,train-94754.jpg,9
train-72426.jpg,7,d - 15.jpg,d,train-0463.jpg,0,,train-72503.jpg,7,d - 54.jpg,d,train-15622.jpg,1,,train-72581.jpg,7,d - 94.jpg,d,train-24752.jpg,2,,train-72911.jpg,7,d - 67o.jpg,d,validation-3972.jpg,3,,train-72741.jpg,7,d - 79.jpg,d,train-44755.jpg,4,,train-73071.jpg,7,d - 51o.jpg,d,train-5488.jpg,5,,train-72659.jpg,7,d - 36.jpg,d,train-649.jpg,6,,train-7299.jpg,7,d - 107o.jpg,d,train-74822.jpg,7,,train-72819.jpg,7,d - 20.jpg,d,train-84751.jpg,8,,train-73149.jpg,7,d - 91o.jpg,d,train-94755.jpg,9
train-72427.jpg,7,d - 15o.jpg,d,train-04630.jpg,0,,train-72504.jpg,7,d - 54o.jpg,d,train-15623.jpg,1,,train-72582.jpg,7,d - 94o.jpg,d,train-24753.jpg,2,,train-72912.jpg,7,d - 68.jpg,d,validation-3973.jpg,3,,train-72742.jpg,7,d - 79o.jpg,d,train-44756.jpg,4,,train-73072.jpg,7,d - 52.jpg,d,train-5489.jpg,5,,train-7266.jpg,7,d - 36o.jpg,d,train-6490.jpg,6,,train-72990.jpg,7,d - 108o.jpg,d,train-74823.jpg,7,,train-7282.jpg,7,d - 20o.jpg,d,train-84752.jpg,8,,train-7315.jpg,7,d - 92.jpg,d,train-94756.jpg,9
train-72428.jpg,7,d - 16.jpg,d,train-04631.jpg,0,,train-72505.jpg,7,d - 55.jpg,d,train-15624.jpg,1,,train-72583.jpg,7,d - 95.jpg,d,train-24754.jpg,2,,train-72913.jpg,7,d - 68o.jpg,d,validation-3974.jpg,3,,train-72743.jpg,7,d - 7o.jpg,d,train-44757.jpg,4,,train-73073.jpg,7,d - 52o.jpg,d,train-549.jpg,5,,train-72660.jpg,7,d - 37.jpg,d,train-64900.jpg,6,,train-72991.jpg,7,d - 10o.jpg,d,train-74824.jpg,7,,train-72820.jpg,7,d - 21.jpg,d,train-84753.jpg,8,,train-73150.jpg,7,d - 92o.jpg,d,train-94757.jpg,9
train-72429.jpg,7,d - 16o.jpg,d,train-04632.jpg,0,,train-72506.jpg,7,d - 55o.jpg,d,train-15625.jpg,1,,train-72584.jpg,7,d - 95o.jpg,d,train-24755.jpg,2,,train-72914.jpg,7,d - 6o.jpg,d,validation-3975.jpg,3,,train-72744.jpg,7,d - 8.jpg,d,train-44758.jpg,4,,train-73074.jpg,7,d - 53.jpg,d,train-5490.jpg,5,,train-72661.jpg,7,d - 37o.jpg,d,train-64901.jpg,6,,train-72992.jpg,7,d - 11.jpg,d,train-74825.jpg,7,,train-72821.jpg,7,d - 21o.jpg,d,train-84754.jpg,8,,train-73151.jpg,7,d - 93.jpg,d,train-94758.jpg,9
train-7243.jpg,7,d - 17.jpg,d,train-04633.jpg,0,,train-72507.jpg,7,d - 56.jpg,d,train-15626.jpg,1,,train-72585.jpg,7,d - 96.jpg,d,train-24756.jpg,2,,train-72915.jpg,7,d - 7.jpg,d,validation-3976.jpg,3,,train-72745.jpg,7,d - 80.jpg,d,train-44759.jpg,4,,train-73075.jpg,7,d - 53o.jpg,d,train-5491.jpg,5,,train-72662.jpg,7,d - 38.jpg,d,train-64902.jpg,6,,train-72993.jpg,7,d - 11o.jpg,d,train-74826.jpg,7,,train-72822.jpg,7,d - 22.jpg,d,train-84755.jpg,8,,train-73152.jpg,7,d - 93o.jpg,d,train-94759.jpg,9
train-72430.jpg,7,d - 17o.jpg,d,train-04634.jpg,0,,train-72508.jpg,7,d - 56o.jpg,d,train-15627.jpg,1,,train-72586.jpg,7,d - 96o.jpg,d,train-24757.jpg,2,,train-72916.jpg,7,d - 70.jpg,d,validation-3977.jpg,3,,train-72746.jpg,7,d - 80o.jpg,d,train-4476.jpg,4,,train-73076.jpg,7,d - 54.jpg,d,train-5492.jpg,5,,train-72663.jpg,7,d - 38o.jpg,d,train-64903.jpg,6,,train-72994.jpg,7,d - 12.jpg,d,train-74827.jpg,7,,train-72823.jpg,7,d - 22o.jpg,d,train-84756.jpg,8,,train-73153.jpg,7,d - 94.jpg,d,train-9476.jpg,9
train-72431.jpg,7,d - 18.jpg,d,train-04635.jpg,0,,train-72509.jpg,7,d - 57.jpg,d,train-15628.jpg,1,,train-72587.jpg,7,d - 97.jpg,d,train-24758.jpg,2,,train-72917.jpg,7,d - 70o.jpg,d,validation-3978.jpg,3,,train-72747.jpg,7,d - 81.jpg,d,train-44831.jpg,4,,train-73077.jpg,7,d - 54o.jpg,d,train-5493.jpg,5,,train-72664.jpg,7,d - 39.jpg,d,train-64904.jpg,6,,train-72995.jpg,7,d - 12o.jpg,d,train-74828.jpg,7,,train-72824.jpg,7,d - 23.jpg,d,train-84757.jpg,8,,train-73154.jpg,7,d - 94o.jpg,d,train-94760.jpg,9
train-72432.jpg,7,d - 18o.jpg,d,train-04636.jpg,0,,train-7251.jpg,7,d - 57o.jpg,d,train-15629.jpg,1,,train-72588.jpg,7,d - 97o.jpg,d,train-24759.jpg,2,,train-72918.jpg,7,d - 71.jpg,d,validation-3979.jpg,3,,train-72748.jpg,7,d - 81o.jpg,d,train-44832.jpg,4,,train-73078.jpg,7,d - 55.jpg,d,train-5494.jpg,5,,train-72665.jpg,7,d - 39o.jpg,d,train-64905.jpg,6,,train-72996.jpg,7,d - 13.jpg,d,train-74829.jpg,7,,train-72825.jpg,7,d - 23o.jpg,d,train-84758.jpg,8,,train-73155.jpg,7,d - 95.jpg,d,train-94761.jpg,9
train-72433.jpg,7,d - 19.jpg,d,train-04637.jpg,0,,train-72510.jpg,7,d - 58.jpg,d,train-1563.jpg,1,,train-72589.jpg,7,d - 98.jpg,d,train-2476.jpg,2,,train-72919.jpg,7,d - 71o.jpg,d,validation-398.jpg,3,,train-72749.jpg,7,d - 82.jpg,d,train-44833.jpg,4,,train-73079.jpg,7,d - 55o.jpg,d,train-5495.jpg,5,,train-72666.jpg,7,d - 3o.jpg,d,train-64906.jpg,6,,train-72997.jpg,7,d - 13o.jpg,d,train-7483.jpg,7,,train-72826.jpg,7,d - 24.jpg,d,train-84759.jpg,8,,train-73156.jpg,7,d - 95o.jpg,d,train-94762.jpg,9
train-72434.jpg,7,d - 19o.jpg,d,train-04638.jpg,0,,train-72511.jpg,7,d - 58o.jpg,d,train-15630.jpg,1,,train-7259.jpg,7,d - 98o.jpg,d,train-24760.jpg,2,,train-7292.jpg,7,d - 72.jpg,d,validation-3980.jpg,3,,train-7275.jpg,7,d - 82o.jpg,d,train-44834.jpg,4,,train-7308.jpg,7,d - 56.jpg,d,train-5496.jpg,5,,train-72667.jpg,7,d - 4.jpg,d,train-64907.jpg,6,,train-72998.jpg,7,d - 14.jpg,d,train-74830.jpg,7,,train-72827.jpg,7,d - 24o.jpg,d,train-8476.jpg,8,,train-73157.jpg,7,d - 96.jpg,d,train-94763.jpg,9
train-72435.jpg,7,d - 1o.jpg,d,train-04639.jpg,0,,train-72512.jpg,7,d - 59.jpg,d,train-15631.jpg,1,,train-72590.jpg,7,d - 99.jpg,d,train-24761.jpg,2,,train-72920.jpg,7,d - 72o.jpg,d,validation-3981.jpg,3,,train-72750.jpg,7,d - 83.jpg,d,train-44835.jpg,4,,train-73080.jpg,7,d - 56o.jpg,d,train-5497.jpg,5,,train-72668.jpg,7,d - 40.jpg,d,train-64908.jpg,6,,train-72999.jpg,7,d - 14o.jpg,d,train-74831.jpg,7,,train-72828.jpg,7,d - 25.jpg,d,train-84760.jpg,8,,train-73158.jpg,7,d - 96o.jpg,d,train-94764.jpg,9
train-72436.jpg,7,d - 2.jpg,d,train-0464.jpg,0,,train-72513.jpg,7,d - 59o.jpg,d,train-15632.jpg,1,,train-72591.jpg,7,d - 99o.jpg,d,train-24762.jpg,2,,train-72921.jpg,7,d - 73.jpg,d,validation-3982.jpg,3,,train-72751.jpg,7,d - 83o.jpg,d,train-44836.jpg,4,,train-73081.jpg,7,d - 57.jpg,d,train-5498.jpg,5,,train-72669.jpg,7,d - 40o.jpg,d,train-64909.jpg,6,,train-73.jpg,7,d - 15.jpg,d,train-74832.jpg,7,,train-72829.jpg,7,d - 25o.jpg,d,train-84761.jpg,8,,train-73159.jpg,7,d - 97.jpg,d,train-94765.jpg,9
train-72437.jpg,7,d - 20.jpg,d,train-04640.jpg,0,,train-72514.jpg,7,d - 5o.jpg,d,train-15633.jpg,1,,train-72592.jpg,7,d - 9o.jpg,d,train-24763.jpg,2,,train-72922.jpg,7,d - 73o.jpg,d,validation-3983.jpg,3,,train-72752.jpg,7,d - 84.jpg,d,train-44837.jpg,4,,train-73082.jpg,7,d - 57o.jpg,d,train-5499.jpg,5,,train-7267.jpg,7,d - 41.jpg,d,train-6491.jpg,6,,train-730.jpg,7,d - 15o.jpg,d,train-74833.jpg,7,,train-7283.jpg,7,d - 26.jpg,d,train-84762.jpg,8,,train-7316.jpg,7,d - 97o.jpg,d,train-94766.jpg,9
train-72438.jpg,7,d - 20o.jpg,d,validation-0857.jpg,0,,train-72515.jpg,7,d - 6.jpg,d,train-15634.jpg,1,,train-72593.jpg,7,d - 1.jpg,d,train-24764.jpg,2,,train-72923.jpg,7,d - 74.jpg,d,validation-3984.jpg,3,,train-72753.jpg,7,d - 84o.jpg,d,train-44838.jpg,4,,train-73083.jpg,7,d - 58.jpg,d,train-55.jpg,5,,train-72670.jpg,7,d - 41o.jpg,d,train-64910.jpg,6,,train-7300.jpg,7,d - 16.jpg,d,train-74834.jpg,7,,train-72830.jpg,7,d - 26o.jpg,d,train-84763.jpg,8,,train-73160.jpg,7,d - 98.jpg,d,train-94767.jpg,9
train-72439.jpg,7,d - 21.jpg,d,validation-0858.jpg,0,,train-72516.jpg,7,d - 60.jpg,d,train-15635.jpg,1,,train-72594.jpg,7,d - 10.jpg,d,train-24765.jpg,2,,train-72924.jpg,7,d - 74o.jpg,d,validation-3985.jpg,3,,train-72754.jpg,7,d - 85.jpg,d,train-44839.jpg,4,,train-73084.jpg,7,d - 58o.jpg,d,train-550.jpg,5,,train-72671.jpg,7,d - 42.jpg,d,train-64911.jpg,6,,train-73000.jpg,7,d - 16o.jpg,d,train-74835.jpg,7,,train-72831.jpg,7,d - 27.jpg,d,train-84764.jpg,8,,train-73161.jpg,7,d - 98o.jpg,d,train-94768.jpg,9
train-7244.jpg,7,d - 21o.jpg,d,validation-0859.jpg,0,,train-72517.jpg,7,d - 60o.jpg,d,train-15636.jpg,1,,train-72595.jpg,7,d - 100.jpg,d,train-24426.jpg,2,,train-72925.jpg,7,d - 75.jpg,d,validation-3986.jpg,3,,train-72755.jpg,7,d - 85o.jpg,d,train-4484.jpg,4,,train-73085.jpg,7,d - 59.jpg,d,train-5500.jpg,5,,train-72672.jpg,7,d - 42o.jpg,d,train-64912.jpg,6,,train-73001.jpg,7,d - 17.jpg,d,train-74836.jpg,7,,train-72832.jpg,7,d - 27o.jpg,d,train-84765.jpg,8,,train-73162.jpg,7,d - 99.jpg,d,train-94769.jpg,9
train-72440.jpg,7,d - 22.jpg,d,validation-086.jpg,0,,train-72518.jpg,7,d - 61.jpg,d,train-15637.jpg,1,,train-72596.jpg,7,d - 100o.jpg,d,train-24427.jpg,2,,train-72926.jpg,7,d - 75o.jpg,d,validation-3987.jpg,3,,train-72756.jpg,7,d - 86.jpg,d,train-44840.jpg,4,,train-73086.jpg,7,d - 59o.jpg,d,train-5501.jpg,5,,train-72673.jpg,7,d - 43.jpg,d,train-64913.jpg,6,,train-73002.jpg,7,d - 17o.jpg,d,train-74837.jpg,7,,train-72833.jpg,7,d - 28.jpg,d,train-84766.jpg,8,,train-73163.jpg,7,d - 99o.jpg,d,train-9477.jpg,9
train-72441.jpg,7,d - 22o.jpg,d,validation-0860.jpg,0,,train-72519.jpg,7,d - 61o.jpg,d,train-15638.jpg,1,,train-72597.jpg,7,d - 101.jpg,d,train-24428.jpg,2,,train-72927.jpg,7,d - 76.jpg,d,validation-3988.jpg,3,,train-72757.jpg,7,d - 86o.jpg,d,train-44841.jpg,4,,train-73087.jpg,7,d - 5o.jpg,d,train-5502.jpg,5,,train-72674.jpg,7,d - 43o.jpg,d,train-64914.jpg,6,,train-73003.jpg,7,d - 18.jpg,d,train-74838.jpg,7,,train-72834.jpg,7,d - 28o.jpg,d,train-84767.jpg,8,,train-73164.jpg,7,d - 9o.jpg,d,train-94770.jpg,9
train-72442.jpg,7,d - 23.jpg,d,validation-0861.jpg,0,,train-7252.jpg,7,d - 62.jpg,d,train-15639.jpg,1,,train-72598.jpg,7,d - 101o.jpg,d,train-24429.jpg,2,,train-72928.jpg,7,d - 76o.jpg,d,validation-3989.jpg,3,,train-72758.jpg,7,d - 87.jpg,d,train-44842.jpg,4,,train-73088.jpg,7,d - 6.jpg,d,train-5503.jpg,5,,train-72675.jpg,7,d - 44.jpg,d,train-64915.jpg,6,,train-73004.jpg,7,d - 18o.jpg,d,train-74839.jpg,7,,train-72835.jpg,7,d - 29.jpg,d,train-84768.jpg,8,,train-73165.jpg,7,d - 1.jpg,d,train-94771.jpg,9
train-72443.jpg,7,d - 23o.jpg,d,validation-0862.jpg,0,,train-72520.jpg,7,d - 62o.jpg,d,train-1564.jpg,1,,train-72599.jpg,7,d - 102.jpg,d,train-2443.jpg,2,,train-72929.jpg,7,d - 77.jpg,d,validation-399.jpg,3,,train-72759.jpg,7,d - 87o.jpg,d,train-44843.jpg,4,,train-73089.jpg,7,d - 60.jpg,d,train-5504.jpg,5,,train-72676.jpg,7,d - 44o.jpg,d,train-64916.jpg,6,,train-73005.jpg,7,d - 19.jpg,d,train-7484.jpg,7,,train-72836.jpg,7,d - 29o.jpg,d,train-84769.jpg,8,,train-73166.jpg,7,d - 10.jpg,d,train-94772.jpg,9
train-72444.jpg,7,d - 24.jpg,d,validation-0863.jpg,0,,train-72521.jpg,7,d - 63.jpg,d,train-15640.jpg,1,,train-726.jpg,7,d - 102o.jpg,d,train-24430.jpg,2,,train-7293.jpg,7,d - 77o.jpg,d,validation-3990.jpg,3,,train-7276.jpg,7,d - 88.jpg,d,train-44844.jpg,4,,train-7309.jpg,7,d - 60o.jpg,d,train-5505.jpg,5,,train-72677.jpg,7,d - 45.jpg,d,train-64917.jpg,6,,train-73006.jpg,7,d - 19o.jpg,d,train-74840.jpg,7,,train-72837.jpg,7,d - 2o.jpg,d,train-8477.jpg,8,,train-73167.jpg,7,d - 100.jpg,d,train-94773.jpg,9
train-72445.jpg,7,d - 24o.jpg,d,validation-0864.jpg,0,,train-72522.jpg,7,d - 63o.jpg,d,train-15641.jpg,1,,train-7260.jpg,7,d - 103.jpg,d,train-24431.jpg,2,,train-72930.jpg,7,d - 78.jpg,d,validation-3991.jpg,3,,train-72760.jpg,7,d - 88o.jpg,d,train-44845.jpg,4,,train-73090.jpg,7,d - 61.jpg,d,train-5506.jpg,5,,train-72678.jpg,7,d - 45o.jpg,d,train-64918.jpg,6,,train-73007.jpg,7,d - 1o.jpg,d,train-74841.jpg,7,,train-72838.jpg,7,d - 3.jpg,d,train-84770.jpg,8,,train-73168.jpg,7,d - 100o.jpg,d,train-94774.jpg,9
train-72446.jpg,7,d - 25.jpg,d,validation-0865.jpg,0,,train-72523.jpg,7,d - 64.jpg,d,train-15642.jpg,1,,train-72600.jpg,7,d - 103o.jpg,d,train-24432.jpg,2,,train-72931.jpg,7,d - 78o.jpg,d,validation-3992.jpg,3,,train-72761.jpg,7,d - 89.jpg,d,train-44846.jpg,4,,train-73091.jpg,7,d - 61o.jpg,d,train-5507.jpg,5,,train-72679.jpg,7,d - 46.jpg,d,train-64919.jpg,6,,train-73008.jpg,7,d - 2.jpg,d,train-74842.jpg,7,,train-72839.jpg,7,d - 30.jpg,d,train-84771.jpg,8,,train-73169.jpg,7,d - 101.jpg,d,train-94775.jpg,9
train-72447.jpg,7,d - 25o.jpg,d,validation-0866.jpg,0,,train-72524.jpg,7,d - 64o.jpg,d,train-15643.jpg,1,,train-72601.jpg,7,d - 104.jpg,d,train-24433.jpg,2,,train-72932.jpg,7,d - 79.jpg,d,validation-3993.jpg,3,,train-72762.jpg,7,d - 89o.jpg,d,train-44847.jpg,4,,train-73092.jpg,7,d - 62.jpg,d,train-5508.jpg,5,,train-7268.jpg,7,d - 46o.jpg,d,train-6492.jpg,6,,train-73009.jpg,7,d - 20.jpg,d,train-74843.jpg,7,,train-7284.jpg,7,d - 30o.jpg,d,train-84772.jpg,8,,train-7317.jpg,7,d - 101o.jpg,d,train-94776.jpg,9
train-72448.jpg,7,d - 26.jpg,d,validation-0867.jpg,0,,train-72525.jpg,7,d - 65.jpg,d,train-15644.jpg,1,,train-72602.jpg,7,d - 104o.jpg,d,train-24434.jpg,2,,train-72933.jpg,7,d - 79o.jpg,d,validation-3994.jpg,3,,train-72763.jpg,7,d - 8o.jpg,d,train-44848.jpg,4,,train-73093.jpg,7,d - 62o.jpg,d,train-5509.jpg,5,,train-72680.jpg,7,d - 47.jpg,d,train-64920.jpg,6,,train-7301.jpg,7,d - 20o.jpg,d,train-74844.jpg,7,,train-72840.jpg,7,d - 31.jpg,d,train-84773.jpg,8,,train-73170.jpg,7,d - 102.jpg,d,train-94777.jpg,9
train-72449.jpg,7,d - 26o.jpg,d,validation-0868.jpg,0,,train-72526.jpg,7,d - 65o.jpg,d,train-15645.jpg,1,,train-72603.jpg,7,d - 105.jpg,d,train-24435.jpg,2,,train-72934.jpg,7,d - 7o.jpg,d,validation-3995.jpg,3,,train-72764.jpg,7,d - 9.jpg,d,train-44849.jpg,4,,train-73094.jpg,7,d - 63.jpg,d,train-551.jpg,5,,train-72681.jpg,7,d - 47o.jpg,d,train-64921.jpg,6,,train-73010.jpg,7,d - 21.jpg,d,train-74845.jpg,7,,train-72841.jpg,7,d - 31o.jpg,d,train-84774.jpg,8,,train-73171.jpg,7,d - 102o.jpg,d,train-94778.jpg,9
train-7245.jpg,7,d - 27.jpg,d,validation-0869.jpg,0,,train-72527.jpg,7,d - 66.jpg,d,train-15646.jpg,1,,train-72604.jpg,7,d - 105o.jpg,d,train-24436.jpg,2,,train-72935.jpg,7,d - 8.jpg,d,validation-3996.jpg,3,,train-72765.jpg,7,d - 90.jpg,d,train-4485.jpg,4,,train-73095.jpg,7,d - 63o.jpg,d,train-5510.jpg,5,,train-72682.jpg,7,d - 48.jpg,d,train-64922.jpg,6,,train-73011.jpg,7,d - 21o.jpg,d,train-74846.jpg,7,,train-72842.jpg,7,d - 32.jpg,d,train-84775.jpg,8,,train-73172.jpg,7,d - 103.jpg,d,train-94779.jpg,9
train-72450.jpg,7,d - 27o.jpg,d,validation-087.jpg,0,,train-72528.jpg,7,d - 66o.jpg,d,train-15647.jpg,1,,train-72605.jpg,7,d - 106.jpg,d,train-24437.jpg,2,,train-72936.jpg,7,d - 80.jpg,d,validation-3997.jpg,3,,train-72766.jpg,7,d - 90o.jpg,d,train-44850.jpg,4,,train-73096.jpg,7,d - 64.jpg,d,train-5511.jpg,5,,train-72683.jpg,7,d - 48o.jpg,d,train-64923.jpg,6,,train-73012.jpg,7,d - 22.jpg,d,train-74847.jpg,7,,train-72843.jpg,7,d - 32o.jpg,d,train-84776.jpg,8,,train-73173.jpg,7,d - 103o.jpg,d,train-9478.jpg,9
train-72451.jpg,7,d - 28.jpg,d,validation-0870.jpg,0,,train-72529.jpg,7,d - 67.jpg,d,train-15648.jpg,1,,train-72606.jpg,7,d - 106o.jpg,d,train-24438.jpg,2,,train-72937.jpg,7,d - 80o.jpg,d,validation-3998.jpg,3,,train-72767.jpg,7,d - 91.jpg,d,train-44851.jpg,4,,train-73097.jpg,7,d - 64o.jpg,d,train-5512.jpg,5,,train-72684.jpg,7,d - 49.jpg,d,train-64924.jpg,6,,train-73013.jpg,7,d - 22o.jpg,d,train-74848.jpg,7,,train-72844.jpg,7,d - 33.jpg,d,train-84777.jpg,8,,train-73174.jpg,7,d - 104.jpg,d,train-94780.jpg,9
train-72452.jpg,7,d - 28o.jpg,d,validation-0871.jpg,0,,train-7253.jpg,7,d - 67o.jpg,d,train-15649.jpg,1,,train-72607.jpg,7,d - 107o.jpg,d,train-24439.jpg,2,,train-72938.jpg,7,d - 81.jpg,d,validation-3999.jpg,3,,train-72768.jpg,7,d - 91o.jpg,d,train-44852.jpg,4,,train-73098.jpg,7,d - 65.jpg,d,train-5513.jpg,5,,train-72685.jpg,7,d - 49o.jpg,d,train-64925.jpg,6,,train-73014.jpg,7,d - 23.jpg,d,train-74849.jpg,7,,train-72845.jpg,7,d - 33o.jpg,d,train-84830.jpg,8,,train-73175.jpg,7,d - 104o.jpg,d,train-94781.jpg,9
train-72453.jpg,7,d - 29.jpg,d,validation-0872.jpg,0,,train-72530.jpg,7,d - 68.jpg,d,train-1565.jpg,1,,train-72608.jpg,7,d - 108o.jpg,d,train-2444.jpg,2,,train-72939.jpg,7,d - 81o.jpg,d,validation-374.jpg,3,,train-72769.jpg,7,d - 92.jpg,d,train-44853.jpg,4,,train-73099.jpg,7,d - 65o.jpg,d,train-5514.jpg,5,,train-72686.jpg,7,d - 4o.jpg,d,train-64926.jpg,6,,train-73015.jpg,7,d - 23o.jpg,d,train-7485.jpg,7,,train-72846.jpg,7,d - 34.jpg,d,train-84831.jpg,8,,train-73176.jpg,7,d - 105.jpg,d,train-94782.jpg,9
train-72454.jpg,7,d - 29o.jpg,d,validation-0873.jpg,0,,train-72531.jpg,7,d - 68o.jpg,d,train-15650.jpg,1,,train-72609.jpg,7,d - 10o.jpg,d,train-24440.jpg,2,,train-7294.jpg,7,d - 82.jpg,d,validation-3740.jpg,3,,train-7277.jpg,7,d - 92o.jpg,d,train-4483.jpg,4,,train-731.jpg,7,d - 66.jpg,d,train-5515.jpg,5,,train-72687.jpg,7,d - 5.jpg,d,train-64927.jpg,6,,train-73016.jpg,7,d - 24.jpg,d,train-74850.jpg,7,,train-72847.jpg,7,d - 34o.jpg,d,train-84832.jpg,8,,train-73177.jpg,7,d - 105o.jpg,d,train-94783.jpg,9
train-72455.jpg,7,d - 2o.jpg,d,validation-0837.jpg,0,,train-72532.jpg,7,d - 6o.jpg,d,train-15651.jpg,1,,train-7261.jpg,7,d - 11.jpg,d,train-24441.jpg,2,,train-72940.jpg,7,d - 82o.jpg,d,validation-3741.jpg,3,,train-72770.jpg,7,d - 93.jpg,d,train-44647.jpg,4,,train-7310.jpg,7,d - 66o.jpg,d,train-5516.jpg,5,,train-72688.jpg,7,d - 50.jpg,d,train-64928.jpg,6,,train-73017.jpg,7,d - 24o.jpg,d,train-74851.jpg,7,,train-72848.jpg,7,d - 35.jpg,d,train-84833.jpg,8,,train-73178.jpg,7,d - 106.jpg,d,train-94784.jpg,9
train-72456.jpg,7,d - 3.jpg,d,validation-0838.jpg,0,,train-72533.jpg,7,d - 7.jpg,d,train-15652.jpg,1,,train-72610.jpg,7,d - 11o.jpg,d,train-24442.jpg,2,,train-72941.jpg,7,d - 83.jpg,d,validation-3742.jpg,3,,train-72771.jpg,7,d - 93o.jpg,d,train-44648.jpg,4,,train-73100.jpg,7,d - 67.jpg,d,train-5517.jpg,5,,train-72689.jpg,7,d - 50o.jpg,d,train-64929.jpg,6,,train-73018.jpg,7,d - 25.jpg,d,train-74852.jpg,7,,train-72849.jpg,7,d - 35o.jpg,d,train-84834.jpg,8,,train-72865.jpg,7,d - 43o.jpg,d,train-94785.jpg,9
train-72457.jpg,7,d - 30.jpg,d,validation-0839.jpg,0,,train-72534.jpg,7,d - 70.jpg,d,train-15653.jpg,1,,train-72611.jpg,7,d - 12.jpg,d,train-24443.jpg,2,,train-72942.jpg,7,d - 83o.jpg,d,validation-3743.jpg,3,,train-72772.jpg,7,d - 94.jpg,d,train-44649.jpg,4,,train-73101.jpg,7,d - 67o.jpg,d,train-5518.jpg,5,,train-7269.jpg,7,d - 51.jpg,d,train-6493.jpg,6,,train-73019.jpg,7,d - 25o.jpg,d,train-74853.jpg,7,,train-7285.jpg,7,d - 36.jpg,d,train-84835.jpg,8,,train-72866.jpg,7,d - 44.jpg,d,train-94786.jpg,9
train-72458.jpg,7,d - 30o.jpg,d,validation-084.jpg,0,,train-72535.jpg,7,d - 70o.jpg,d,train-15654.jpg,1,,train-72612.jpg,7,d - 12o.jpg,d,train-24444.jpg,2,,train-72943.jpg,7,d - 84.jpg,d,validation-3744.jpg,3,,train-72773.jpg,7,d - 94o.jpg,d,train-4465.jpg,4,,train-73102.jpg,7,d - 68.jpg,d,train-5519.jpg,5,,train-72690.jpg,7,d - 51o.jpg,d,train-64930.jpg,6,,train-7302.jpg,7,d - 26.jpg,d,train-74854.jpg,7,,train-72850.jpg,7,d - 36o.jpg,d,train-84836.jpg,8,,train-72867.jpg,7,d - 44o.jpg,d,train-94787.jpg,9
train-72459.jpg,7,d - 31.jpg,d,validation-0840.jpg,0,,train-72536.jpg,7,d - 71.jpg,d,train-15655.jpg,1,,train-72613.jpg,7,d - 13.jpg,d,train-24445.jpg,2,,train-72944.jpg,7,d - 84o.jpg,d,validation-3745.jpg,3,,train-72774.jpg,7,d - 95.jpg,d,train-44650.jpg,4,,train-73103.jpg,7,d - 68o.jpg,d,train-552.jpg,5,,train-72691.jpg,7,d - 52.jpg,d,train-64931.jpg,6,,train-73020.jpg,7,d - 26o.jpg,d,train-74855.jpg,7,,train-72851.jpg,7,d - 37.jpg,d,train-84837.jpg,8,,train-72868.jpg,7,d - 45.jpg,d,train-94788.jpg,9
train-7246.jpg,7,d - 31o.jpg,d,validation-0841.jpg,0,,train-72537.jpg,7,d - 71o.jpg,d,train-15656.jpg,1,,train-72614.jpg,7,d - 13o.jpg,d,train-24446.jpg,2,,train-72945.jpg,7,d - 85.jpg,d,validation-3746.jpg,3,,train-72775.jpg,7,d - 95o.jpg,d,train-44651.jpg,4,,train-73104.jpg,7,d - 6o.jpg,d,train-5520.jpg,5,,train-72692.jpg,7,d - 52o.jpg,d,train-64932.jpg,6,,train-73021.jpg,7,d - 27.jpg,d,train-74856.jpg,7,,train-72852.jpg,7,d - 37o.jpg,d,train-84838.jpg,8,,train-72869.jpg,7,d - 45o.jpg,d,train-94789.jpg,9
train-72460.jpg,7,d - 32.jpg,d,validation-0842.jpg,0,,train-72538.jpg,7,d - 72.jpg,d,train-15657.jpg,1,,train-72615.jpg,7,d - 14.jpg,d,train-24447.jpg,2,,train-72946.jpg,7,d - 85o.jpg,d,validation-3747.jpg,3,,train-72776.jpg,7,d - 96.jpg,d,train-44652.jpg,4,,train-73105.jpg,7,d - 7.jpg,d,train-5521.jpg,5,,train-72693.jpg,7,d - 53.jpg,d,train-6530.jpg,6,,train-73022.jpg,7,d - 27o.jpg,d,train-74857.jpg,7,,train-72853.jpg,7,d - 38.jpg,d,train-84839.jpg,8,,train-7287.jpg,7,d - 46.jpg,d,train-9479.jpg,9
train-72461.jpg,7,d - 32o.jpg,d,validation-0843.jpg,0,,train-72539.jpg,7,d - 72o.jpg,d,train-15658.jpg,1,,train-72616.jpg,7,d - 14o.jpg,d,train-24448.jpg,2,,train-72947.jpg,7,d - 86.jpg,d,validation-3748.jpg,3,,train-72777.jpg,7,d - 96o.jpg,d,train-44830.jpg,4,,train-73106.jpg,7,d - 70.jpg,d,train-5522.jpg,5,,train-72694.jpg,7,d - 53o.jpg,d,train-6531.jpg,6,,train-73023.jpg,7,d - 28.jpg,d,train-74858.jpg,7,,train-72854.jpg,7,d - 38o.jpg,d,train-8484.jpg,8,,train-72870.jpg,7,d - 46o.jpg,d,train-94790.jpg,9
train-72462.jpg,7,d - 33.jpg,d,validation-0844.jpg,0,,train-7254.jpg,7,d - 73.jpg,d,train-15659.jpg,1,,train-72617.jpg,7,d - 15.jpg,d,train-24449.jpg,2,,train-72948.jpg,7,d - 86o.jpg,d,validation-3749.jpg,3,,train-72778.jpg,7,d - 97.jpg,d,train-44821.jpg,4,,train-73107.jpg,7,d - 70o.jpg,d,train-5523.jpg,5,,train-72695.jpg,7,d - 54.jpg,d,train-6532.jpg,6,,train-73024.jpg,7,d - 28o.jpg,d,train-74859.jpg,7,,train-72855.jpg,7,d - 39.jpg,d,train-84840.jpg,8,,train-72871.jpg,7,d - 47.jpg,d,train-94791.jpg,9
train-72463.jpg,7,d - 33o.jpg,d,validation-0845.jpg,0,,train-72540.jpg,7,d - 73o.jpg,d,train-1566.jpg,1,,train-72618.jpg,7,d - 15o.jpg,d,train-2445.jpg,2,,train-72949.jpg,7,d - 87.jpg,d,validation-375.jpg,3,,train-72779.jpg,7,d - 97o.jpg,d,train-44822.jpg,4,,train-73108.jpg,7,d - 71.jpg,d,train-5524.jpg,5,,train-72696.jpg,7,d - 54o.jpg,d,train-6533.jpg,6,,train-73025.jpg,7,d - 29.jpg,d,train-7486.jpg,7,,train-72856.jpg,7,d - 39o.jpg,d,train-8485.jpg,8,,train-72872.jpg,7,d - 47o.jpg,d,train-94792.jpg,9
train-72464.jpg,7,d - 34.jpg,d,validation-0846.jpg,0,,train-72541.jpg,7,d - 74.jpg,d,train-15660.jpg,1,,train-72619.jpg,7,d - 16.jpg,d,train-24450.jpg,2,,train-7295.jpg,7,d - 87o.jpg,d,validation-3750.jpg,3,,train-7278.jpg,7,d - 98.jpg,d,train-44823.jpg,4,,train-73109.jpg,7,d - 71o.jpg,d,train-5525.jpg,5,,train-72697.jpg,7,d - 55.jpg,d,train-6534.jpg,6,,train-73026.jpg,7,d - 29o.jpg,d,train-74860.jpg,7,,train-72857.jpg,7,d - 3o.jpg,d,train-8486.jpg,8,,train-72873.jpg,7,d - 48.jpg,d,train-94793.jpg,9
train-72465.jpg,7,d - 34o.jpg,d,validation-0847.jpg,0,,train-72542.jpg,7,d - 74o.jpg,d,train-15661.jpg,1,,train-7262.jpg,7,d - 16o.jpg,d,train-24451.jpg,2,,train-72950.jpg,7,d - 88.jpg,d,validation-3751.jpg,3,,train-72780.jpg,7,d - 98o.jpg,d,train-44824.jpg,4,,train-7311.jpg,7,d - 72.jpg,d,train-5526.jpg,5,,train-72698.jpg,7,d - 55o.jpg,d,train-6535.jpg,6,,train-73027.jpg,7,d - 2o.jpg,d,train-74861.jpg,7,,train-72858.jpg,7,d - 4.jpg,d,train-8487.jpg,8,,train-72874.jpg,7,d - 48o.jpg,d,train-94794.jpg,9
train-72466.jpg,7,d - 35.jpg,d,validation-0848.jpg,0,,train-72543.jpg,7,d - 75.jpg,d,train-15662.jpg,1,,train-72620.jpg,7,d - 17.jpg,d,train-24452.jpg,2,,train-72951.jpg,7,d - 88o.jpg,d,validation-3752.jpg,3,,train-72781.jpg,7,d - 99.jpg,d,train-44825.jpg,4,,train-73110.jpg,7,d - 72o.jpg,d,train-5527.jpg,5,,train-72699.jpg,7,d - 56.jpg,d,train-6536.jpg,6,,train-73028.jpg,7,d - 3.jpg,d,train-74862.jpg,7,,train-72859.jpg,7,d - 40.jpg,d,train-8488.jpg,8,,train-72875.jpg,7,d - 49.jpg,d,train-94795.jpg,9
train-72467.jpg,7,d - 35o.jpg,d,validation-0849.jpg,0,,train-72544.jpg,7,d - 75o.jpg,d,train-15663.jpg,1,,train-72621.jpg,7,d - 17o.jpg,d,train-24453.jpg,2,,train-72952.jpg,7,d - 89.jpg,d,validation-3753.jpg,3,,train-72782.jpg,7,d - 99o.jpg,d,train-44826.jpg,4,,train-73111.jpg,7,d - 73.jpg,d,train-5528.jpg,5,,train-727.jpg,7,d - 56o.jpg,d,train-6517.jpg,6,,train-73029.jpg,7,d - 30.jpg,d,train-74863.jpg,7,,train-7286.jpg,7,d - 40o.jpg,d,train-8489.jpg,8,,train-72876.jpg,7,d - 49o.jpg,d,train-94796.jpg,9
train-72468.jpg,7,d - 36.jpg,d,validation-085.jpg,0,,train-72545.jpg,7,d - 76.jpg,d,train-15664.jpg,1,,train-72622.jpg,7,d - 18.jpg,d,train-24454.jpg,2,,train-72953.jpg,7,d - 89o.jpg,d,validation-3754.jpg,3,,train-72783.jpg,7,d - 9o.jpg,d,train-44827.jpg,4,,train-73112.jpg,7,d - 73o.jpg,d,train-5529.jpg,5,,train-7270.jpg,7,d - 57.jpg,d,train-6518.jpg,6,,train-7303.jpg,7,d - 30o.jpg,d,train-74864.jpg,7,,train-72860.jpg,7,d - 41.jpg,d,train-849.jpg,8,,train-72877.jpg,7,d - 4o.jpg,d,train-94797.jpg,9
train-72469.jpg,7,d - 36o.jpg,d,validation-0850.jpg,0,,train-72546.jpg,7,d - 76o.jpg,d,train-15665.jpg,1,,train-72623.jpg,7,d - 18o.jpg,d,train-24455.jpg,2,,train-72954.jpg,7,d - 8o.jpg,d,validation-3755.jpg,3,,train-72784.jpg,7,d - 1.jpg,d,train-44828.jpg,4,,train-73113.jpg,7,d - 74.jpg,d,train-553.jpg,5,,train-72700.jpg,7,d - 57o.jpg,d,train-6519.jpg,6,,train-73030.jpg,7,d - 31.jpg,d,train-74865.jpg,7,,train-72861.jpg,7,d - 41o.jpg,d,train-8490.jpg,8,,train-72878.jpg,7,d - 5.jpg,d,train-94798.jpg,9
train-7247.jpg,7,d - 37.jpg,d,validation-0851.jpg,0,,train-72547.jpg,7,d - 77.jpg,d,train-15666.jpg,1,,train-72624.jpg,7,d - 19.jpg,d,train-24456.jpg,2,,train-72955.jpg,7,d - 9.jpg,d,validation-3756.jpg,3,,train-72785.jpg,7,d - 10.jpg,d,train-44829.jpg,4,,train-73114.jpg,7,d - 74o.jpg,d,train-5530.jpg,5,,train-72701.jpg,7,d - 58.jpg,d,train-652.jpg,6,,train-73031.jpg,7,d - 31o.jpg,d,train-74866.jpg,7,,train-72862.jpg,7,d - 42.jpg,d,train-8491.jpg,8,,train-72879.jpg,7,d - 50.jpg,d,train-94799.jpg,9
train-72470.jpg,7,d - 37o.jpg,d,validation-0852.jpg,0,,train-72548.jpg,7,d - 77o.jpg,d,train-15667.jpg,1,,train-72625.jpg,7,d - 19o.jpg,d,train-24457.jpg,2,,train-72956.jpg,7,d - 90.jpg,d,validation-3757.jpg,3,,train-72786.jpg,7,d - 100.jpg,d,train-4637.jpg,4,,train-73115.jpg,7,d - 75.jpg,d,train-5531.jpg,5,,train-72702.jpg,7,d - 58o.jpg,d,train-6520.jpg,6,,train-73032.jpg,7,d - 32.jpg,d,train-74867.jpg,7,,train-72863.jpg,7,d - 42o.jpg,d,validation-8980.jpg,8,,train-7288.jpg,7,d - 50o.jpg,d,train-948.jpg,9
train-72471.jpg,7,d - 38.jpg,d,train-04072.jpg,0,,train-72549.jpg,7,d - 78.jpg,d,train-15668.jpg,1,,train-72626.jpg,7,d - 1o.jpg,d,train-24458.jpg,2,,train-72957.jpg,7,d - 90o.jpg,d,validation-3758.jpg,3,,train-72787.jpg,7,d - 100o.jpg,d,train-4638.jpg,4,,train-73116.jpg,7,d - 75o.jpg,d,train-5532.jpg,5,,train-72703.jpg,7,d - 59.jpg,d,train-6521.jpg,6,,train-73033.jpg,7,d - 32o.jpg,d,train-74868.jpg,7,,train-72864.jpg,7,d - 43.jpg,d,validation-8981.jpg,8,,train-72880.jpg,7,d - 51.jpg,d,train-9480.jpg,9
train-72472.jpg,7,d - 38o.jpg,d,validation-0193.jpg,0,,train-7255.jpg,7,d - 78o.jpg,d,train-15669.jpg,1,,train-72627.jpg,7,d - 2.jpg,d,train-24459.jpg,2,,train-72958.jpg,7,d - 91.jpg,d,validation-394.jpg,3,,train-72788.jpg,7,d - 101.jpg,d,train-4639.jpg,4,,train-73117.jpg,7,d - 76.jpg,d,train-5533.jpg,5,,train-72704.jpg,7,d - 59o.jpg,d,train-6522.jpg,6,,train-73034.jpg,7,d - 33.jpg,d,train-74869.jpg,7,,train-72884.jpg,7,d - 53.jpg,d,validation-8982.jpg,8,,train-72881.jpg,7,d - 51o.jpg,d,train-94800.jpg,9
train-72473.jpg,7,d - 39.jpg,d,validation-0194.jpg,0,,train-72550.jpg,7,d - 79.jpg,d,train-1567.jpg,1,,train-72628.jpg,7,d - 20.jpg,d,train-2446.jpg,2,,train-72959.jpg,7,d - 91o.jpg,d,validation-3940.jpg,3,,train-72789.jpg,7,d - 101o.jpg,d,train-464.jpg,4,,train-73118.jpg,7,d - 76o.jpg,d,train-5534.jpg,5,,train-72705.jpg,7,d - 5o.jpg,d,train-6523.jpg,6,,train-73035.jpg,7,d - 33o.jpg,d,train-7487.jpg,7,,train-72885.jpg,7,d - 53o.jpg,d,validation-8983.jpg,8,,train-72882.jpg,7,d - 52.jpg,d,train-94801.jpg,9
train-72474.jpg,7,d - 39o.jpg,d,validation-0195.jpg,0,,train-72551.jpg,7,d - 79o.jpg,d,train-15670.jpg,1,,train-72629.jpg,7,d - 20o.jpg,d,train-24460.jpg,2,,train-7296.jpg,7,d - 92.jpg,d,validation-3941.jpg,3,,train-7279.jpg,7,d - 102.jpg,d,train-4640.jpg,4,,train-73119.jpg,7,d - 77.jpg,d,train-5535.jpg,5,,train-72706.jpg,7,d - 6.jpg,d,train-6524.jpg,6,,train-73036.jpg,7,d - 34.jpg,d,train-74870.jpg,7,,train-72886.jpg,7,d - 54.jpg,d,validation-8984.jpg,8,,train-72883.jpg,7,d - 52o.jpg,d,train-94802.jpg,9
train-72475.jpg,7,d - 3o.jpg,d,validation-0196.jpg,0,,train-72552.jpg,7,d - 7o.jpg,d,train-15671.jpg,1,,train-7263.jpg,7,d - 21.jpg,d,train-24461.jpg,2,,train-72960.jpg,7,d - 92o.jpg,d,validation-3942.jpg,3,,train-72790.jpg,7,d - 102o.jpg,d,train-4641.jpg,4,,train-7312.jpg,7,d - 77o.jpg,d,train-5536.jpg,5,,train-72707.jpg,7,d - 60.jpg,d,train-6525.jpg,6,,train-73037.jpg,7,d - 34o.jpg,d,train-74871.jpg,7,,train-72713.jpg,7,d - 63o.jpg,d,validation-8985.jpg,8,,train-73043.jpg,7,d - 38.jpg,d,train-94803.jpg,9
train-72476.jpg,7,d - 4.jpg,d,validation-0197.jpg,0,,train-72553.jpg,7,d - 8.jpg,d,train-15672.jpg,1,,train-72630.jpg,7,d - 21o.jpg,d,train-24462.jpg,2,,train-72961.jpg,7,d - 93.jpg,d,validation-3943.jpg,3,,train-72791.jpg,7,d - 103.jpg,d,train-4642.jpg,4,,train-73120.jpg,7,d - 78.jpg,d,train-5537.jpg,5,,train-72708.jpg,7,d - 60o.jpg,d,train-6526.jpg,6,,train-73038.jpg,7,d - 35.jpg,d,train-74872.jpg,7,,train-72714.jpg,7,d - 64.jpg,d,validation-8986.jpg,8,,train-73044.jpg,7,d - 38o.jpg,d,train-94804.jpg,9
train-72477.jpg,7,d - 40.jpg,d,validation-0198.jpg,0,,train-72554.jpg,7,d - 80.jpg,d,train-15673.jpg,1,,train-72631.jpg,7,d - 22.jpg,d,train-24463.jpg,2,,train-72962.jpg,7,d - 93o.jpg,d,validation-3944.jpg,3,,train-72792.jpg,7,d - 103o.jpg,d,train-44819.jpg,4,,train-73121.jpg,7,d - 78o.jpg,d,train-5538.jpg,5,,train-72709.jpg,7,d - 61.jpg,d,train-6527.jpg,6,,train-73039.jpg,7,d - 35o.jpg,d,train-74873.jpg,7,,train-72715.jpg,7,d - 64o.jpg,d,validation-8987.jpg,8,,train-73045.jpg,7,d - 39.jpg,d,train-94805.jpg,9
train-72478.jpg,7,d - 40o.jpg,d,validation-0199.jpg,0,,train-72555.jpg,7,d - 80o.jpg,d,train-15674.jpg,1,,train-72632.jpg,7,d - 22o.jpg,d,train-24464.jpg,2,,train-72963.jpg,7,d - 94.jpg,d,validation-3945.jpg,3,,train-72793.jpg,7,d - 104.jpg,d,train-4482.jpg,4,,train-73122.jpg,7,d - 79.jpg,d,train-5539.jpg,5,,train-7271.jpg,7,d - 61o.jpg,d,train-6528.jpg,6,,train-7304.jpg,7,d - 36.jpg,d,train-74874.jpg,7,,train-72716.jpg,7,d - 65.jpg,d,validation-8988.jpg,8,,train-73046.jpg,7,d - 39o.jpg,d,validation-9856.jpg,9
train-72479.jpg,7,d - 41.jpg,d,train-0813.jpg,0,,train-72556.jpg,7,d - 81.jpg,d,train-15675.jpg,1,,train-72633.jpg,7,d - 23.jpg,d,train-24465.jpg,2,,train-72964.jpg,7,d - 94o.jpg,d,validation-3946.jpg,3,,train-72794.jpg,7,d - 104o.jpg,d,train-44820.jpg,4,,train-73123.jpg,7,d - 79o.jpg,d,train-554.jpg,5,,train-72710.jpg,7,d - 62.jpg,d,train-6529.jpg,6,,train-73040.jpg,7,d - 36o.jpg,d,train-74875.jpg,7,,train-72711.jpg,7,d - 62o.jpg,d,train-84778.jpg,8,,train-73041.jpg,7,d - 37.jpg,d,validation-9857.jpg,9