x - 1.jpg,x
x - 10.jpg,x
x - 100.jpg,x
x - 1000.jpg,x
x - 100a.jpg,x
x - 100b.jpg,x
x - 101.jpg,x
x - 1010.jpg,x
x - 101a.jpg,x
x - 101b.jpg,x
x - 102.jpg,x
x - 1020.jpg,x
x - 102a.jpg,x
x - 102b.jpg,x
x - 103.jpg,x
x - 1030.jpg,x
x - 103a.jpg,x
x - 103b.jpg,x
x - 104.jpg,x
x - 1040.jpg,x
x - 104a.jpg,x
x - 104b.jpg,x
x - 105.jpg,x
x - 1050.jpg,x
x - 105a.jpg,x
x - 105b.jpg,x
x - 106.jpg,x
x - 1060.jpg,x
x - 106a.jpg,x
x - 106b.jpg,x
x - 107.jpg,x
x - 1070.jpg,x
x - 107a.jpg,x
x - 107b.jpg,x
x - 108.jpg,x
x - 1080.jpg,x
x - 108a.jpg,x
x - 108b.jpg,x
x - 109.jpg,x
x - 1090.jpg,x
x - 109a.jpg,x
x - 109b.jpg,x
x - 10a.jpg,x
x - 10b.jpg,x
x - 11.jpg,x
x - 110.jpg,x
x - 1100.jpg,x
x - 110a.jpg,x
x - 110b.jpg,x
x - 111.jpg,x
x - 1110.jpg,x
x - 111a.jpg,x
x - 111b.jpg,x
x - 112.jpg,x
x - 1120.jpg,x
x - 112a.jpg,x
x - 112b.jpg,x
x - 113.jpg,x
x - 1130.jpg,x
x - 113a.jpg,x
x - 113b.jpg,x
x - 114.jpg,x
x - 115.jpg,x
x - 116.jpg,x
x - 117.jpg,x
x - 118.jpg,x
x - 119.jpg,x
x - 11a.jpg,x
x - 11b.jpg,x
x - 12.jpg,x
x - 120.jpg,x
x - 121.jpg,x
x - 122.jpg,x
x - 123.jpg,x
x - 124.jpg,x
x - 125.jpg,x
x - 12a.jpg,x
x - 12b.jpg,x
x - 13.jpg,x
x - 130.jpg,x
x - 13a.jpg,x
x - 13b.jpg,x
x - 14.jpg,x
x - 140.jpg,x
x - 14a.jpg,x
x - 14b.jpg,x
x - 15.jpg,x
x - 150.jpg,x
x - 15a.jpg,x
x - 15b.jpg,x
x - 16.jpg,x
x - 160.jpg,x
x - 16a.jpg,x
x - 16b.jpg,x
x - 17.jpg,x
x - 170.jpg,x
x - 17a.jpg,x
x - 17b.jpg,x
x - 18.jpg,x
x - 180.jpg,x
x - 18a.jpg,x
x - 18b.jpg,x
x - 19.jpg,x
x - 190.jpg,x
x - 19a.jpg,x
x - 19b.jpg,x
x - 1a.jpg,x
x - 1b.jpg,x
x - 2.jpg,x
x - 20.jpg,x
x - 200.jpg,x
x - 20a.jpg,x
x - 20b.jpg,x
x - 21.jpg,x
x - 210.jpg,x
x - 21a.jpg,x
x - 21b.jpg,x
x - 22.jpg,x
x - 220.jpg,x
x - 22a.jpg,x
x - 22b.jpg,x
x - 23.jpg,x
x - 230.jpg,x
x - 23a.jpg,x
x - 23b.jpg,x
x - 24.jpg,x
x - 240.jpg,x
x - 24a.jpg,x
x - 24b.jpg,x
x - 25.jpg,x
x - 250.jpg,x
x - 25a.jpg,x
x - 25b.jpg,x
x - 26.jpg,x
x - 260.jpg,x
x - 26a.jpg,x
x - 26b.jpg,x
x - 27.jpg,x
x - 270.jpg,x
x - 27a.jpg,x
x - 27b.jpg,x
x - 28.jpg,x
x - 280.jpg,x
x - 28a.jpg,x
x - 28b.jpg,x
x - 29.jpg,x
x - 290.jpg,x
x - 29a.jpg,x
x - 29b.jpg,x
x - 2a.jpg,x
x - 2b.jpg,x
x - 3.jpg,x
x - 30.jpg,x
x - 300.jpg,x
x - 30a.jpg,x
x - 30b.jpg,x
x - 31.jpg,x
x - 310.jpg,x
x - 31a.jpg,x
x - 31b.jpg,x
x - 32.jpg,x
x - 320.jpg,x
x - 32a.jpg,x
x - 32b.jpg,x
x - 33.jpg,x
x - 330.jpg,x
x - 33a.jpg,x
x - 33b.jpg,x
x - 34.jpg,x
x - 340.jpg,x
x - 34a.jpg,x
x - 34b.jpg,x
x - 35.jpg,x
x - 350.jpg,x
x - 35a.jpg,x
x - 35b.jpg,x
x - 36.jpg,x
x - 360.jpg,x
x - 36a.jpg,x
x - 36b.jpg,x
x - 37.jpg,x
x - 370.jpg,x
x - 37a.jpg,x
x - 37b.jpg,x
x - 38.jpg,x
x - 380.jpg,x
x - 38a.jpg,x
x - 38b.jpg,x
x - 39.jpg,x
x - 390.jpg,x
x - 39a.jpg,x
x - 39b.jpg,x
x - 3a.jpg,x
x - 3b.jpg,x
x - 4.jpg,x
x - 40.jpg,x
x - 400.jpg,x
x - 40a.jpg,x
x - 40b.jpg,x
x - 41.jpg,x
x - 410.jpg,x
x - 41a.jpg,x
x - 41b.jpg,x
x - 42.jpg,x
x - 420.jpg,x
x - 42a.jpg,x
x - 42b.jpg,x
x - 43.jpg,x
x - 430.jpg,x
x - 43a.jpg,x
x - 43b.jpg,x
x - 44.jpg,x
x - 440.jpg,x
x - 44a.jpg,x
x - 44b.jpg,x
x - 45.jpg,x
x - 450.jpg,x
x - 45a.jpg,x
x - 45b.jpg,x
x - 46.jpg,x
x - 460.jpg,x
x - 46a.jpg,x
x - 46b.jpg,x
x - 47.jpg,x
x - 470.jpg,x
x - 47a.jpg,x
x - 47b.jpg,x
x - 48.jpg,x
x - 480.jpg,x
x - 48a.jpg,x
x - 48b.jpg,x
x - 49.jpg,x
x - 490.jpg,x
x - 49a.jpg,x
x - 49b.jpg,x
x - 4a.jpg,x
x - 4b.jpg,x
x - 5.jpg,x
x - 50.jpg,x
x - 500.jpg,x
x - 50a.jpg,x
x - 50b.jpg,x
x - 51.jpg,x
x - 510.jpg,x
x - 51a.jpg,x
x - 51b.jpg,x
x - 52.jpg,x
x - 520.jpg,x
x - 52a.jpg,x
x - 52b.jpg,x
x - 53.jpg,x
x - 530.jpg,x
x - 53a.jpg,x
x - 53b.jpg,x
x - 54.jpg,x
x - 540.jpg,x
x - 54a.jpg,x
x - 54b.jpg,x
x - 55.jpg,x
x - 550.jpg,x
x - 55a.jpg,x
x - 55b.jpg,x
x - 56.jpg,x
x - 560.jpg,x
x - 56a.jpg,x
x - 56b.jpg,x
x - 57.jpg,x
x - 570.jpg,x
x - 57a.jpg,x
x - 57b.jpg,x
x - 58.jpg,x
x - 580.jpg,x
x - 58a.jpg,x
x - 58b.jpg,x
x - 59.jpg,x
x - 590.jpg,x
x - 59a.jpg,x
x - 59b.jpg,x
x - 5a.jpg,x
x - 5b.jpg,x
x - 6.jpg,x
x - 60.jpg,x
x - 600.jpg,x
x - 60a.jpg,x
x - 60b.jpg,x
x - 61.jpg,x
x - 610.jpg,x
x - 61a.jpg,x
x - 61b.jpg,x
x - 62.jpg,x
x - 620.jpg,x
x - 62a.jpg,x
x - 62b.jpg,x
x - 63.jpg,x
x - 630.jpg,x
x - 63a.jpg,x
x - 63b.jpg,x
x - 64.jpg,x
x - 640.jpg,x
x - 64a.jpg,x
x - 64b.jpg,x
x - 65.jpg,x
x - 650.jpg,x
x - 65a.jpg,x
x - 65b.jpg,x
x - 66.jpg,x
x - 660.jpg,x
x - 66a.jpg,x
x - 66b.jpg,x
x - 67.jpg,x
x - 670.jpg,x
x - 67a.jpg,x
x - 67b.jpg,x
x - 68.jpg,x
x - 680.jpg,x
x - 68a.jpg,x
x - 68b.jpg,x
x - 69.jpg,x
x - 690.jpg,x
x - 69a.jpg,x
x - 69b.jpg,x
x - 6a.jpg,x
x - 6b.jpg,x
x - 7.jpg,x
x - 70.jpg,x
x - 700.jpg,x
x - 70a.jpg,x
x - 70b.jpg,x
x - 71.jpg,x
x - 710.jpg,x
x - 71a.jpg,x
x - 71b.jpg,x
x - 72.jpg,x
x - 720.jpg,x
x - 72a.jpg,x
x - 72b.jpg,x
x - 73.jpg,x
x - 730.jpg,x
x - 73a.jpg,x
x - 73b.jpg,x
x - 74.jpg,x
x - 740.jpg,x
x - 74a.jpg,x
x - 74b.jpg,x
x - 75.jpg,x
x - 750.jpg,x
x - 75a.jpg,x
x - 75b.jpg,x
x - 76.jpg,x
x - 760.jpg,x
x - 76a.jpg,x
x - 76b.jpg,x
x - 77.jpg,x
x - 770.jpg,x
x - 77a.jpg,x
x - 77b.jpg,x
x - 78.jpg,x
x - 780.jpg,x
x - 78a.jpg,x
x - 78b.jpg,x
x - 79.jpg,x
x - 790.jpg,x
x - 79a.jpg,x
x - 79b.jpg,x
x - 7a.jpg,x
x - 7b.jpg,x
x - 8.jpg,x
x - 80.jpg,x
x - 800.jpg,x
x - 80a.jpg,x
x - 80b.jpg,x
x - 81.jpg,x
x - 810.jpg,x
x - 81a.jpg,x
x - 81b.jpg,x
x - 82.jpg,x
x - 820.jpg,x
x - 82a.jpg,x
x - 82b.jpg,x
x - 83.jpg,x
x - 830.jpg,x
x - 83a.jpg,x
x - 83b.jpg,x
x - 84.jpg,x
x - 840.jpg,x
x - 84a.jpg,x
x - 84b.jpg,x
x - 85.jpg,x
x - 850.jpg,x
x - 85a.jpg,x
x - 85b.jpg,x
x - 86.jpg,x
x - 860.jpg,x
x - 86a.jpg,x
x - 86b.jpg,x
x - 87.jpg,x
x - 870.jpg,x
x - 87a.jpg,x
x - 87b.jpg,x
x - 88.jpg,x
x - 880.jpg,x
x - 88a.jpg,x
x - 88b.jpg,x
x - 89.jpg,x
x - 890.jpg,x
x - 89a.jpg,x
x - 89b.jpg,x
x - 8a.jpg,x
x - 8b.jpg,x
x - 9.jpg,x
x - 90.jpg,x
x - 900.jpg,x
x - 90a.jpg,x
x - 90b.jpg,x
x - 91.jpg,x
x - 910.jpg,x
x - 91a.jpg,x
x - 91b.jpg,x
x - 92.jpg,x
x - 920.jpg,x
x - 92a.jpg,x
x - 92b.jpg,x
x - 93.jpg,x
x - 930.jpg,x
x - 93a.jpg,x
x - 93b.jpg,x
x - 94.jpg,x
x - 940.jpg,x
x - 94a.jpg,x
x - 94b.jpg,x
x - 95.jpg,x
x - 950.jpg,x
x - 95a.jpg,x
x - 95b.jpg,x
x - 96.jpg,x
x - 960.jpg,x
x - 96a.jpg,x
x - 96b.jpg,x
x - 97.jpg,x
x - 970.jpg,x
x - 97a.jpg,x
x - 97b.jpg,x
x - 98.jpg,x
x - 980.jpg,x
x - 98a.jpg,x
x - 98b.jpg,x
x - 99.jpg,x
x - 990.jpg,x
x - 99a.jpg,x
x - 99b.jpg,x
x - 9a.jpg,x
x - 9b.jpg,x
