train-03141.jpg,0,d - 65o.jpg,d,train-03454.jpg,0,,train-03064.jpg,0,d - 26o.jpg,d,train-13316.jpg,1,,train-02988.jpg,0,d - 84o.jpg,d,train-23409.jpg,2,,train-0291.jpg,0,d - 44o.jpg,d,train-33429.jpg,3,,train-02832.jpg,0,d - 102.jpg,d,train-43454.jpg,4,,train-02755.jpg,0,d - 62o.jpg,d,train-53535.jpg,5,,train-02678.jpg,0,d - 23o.jpg,d,train-63476.jpg,6,,train-0260.jpg,0,d - 81o.jpg,d,train-73412.jpg,7,,train-02522.jpg,0,d - 41o.jpg,d,train-83461.jpg,8,,train-02445.jpg,0,d - 1.jpg,d,train-9343.jpg,9,
train-03142.jpg,0,d - 66.jpg,d,train-03455.jpg,0,,train-03065.jpg,0,d - 27.jpg,d,train-13317.jpg,1,,train-02989.jpg,0,d - 85.jpg,d,train-2341.jpg,2,,train-02910.jpg,0,d - 45.jpg,d,train-3343.jpg,3,,train-02833.jpg,0,d - 102o.jpg,d,train-43455.jpg,4,,train-02756.jpg,0,d - 63.jpg,d,train-53536.jpg,5,,train-02679.jpg,0,d - 24.jpg,d,train-63477.jpg,6,,train-02600.jpg,0,d - 82.jpg,d,train-73413.jpg,7,,train-02523.jpg,0,d - 42.jpg,d,train-83462.jpg,8,,train-02446.jpg,0,d - 10.jpg,d,train-93430.jpg,9,
train-03143.jpg,0,d - 66o.jpg,d,train-03456.jpg,0,,train-03066.jpg,0,d - 27o.jpg,d,train-13318.jpg,1,,train-0299.jpg,0,d - 85o.jpg,d,train-23410.jpg,2,,train-02911.jpg,0,d - 45o.jpg,d,train-33430.jpg,3,,train-02834.jpg,0,d - 103.jpg,d,train-43456.jpg,4,,train-02757.jpg,0,d - 63o.jpg,d,train-53537.jpg,5,,train-0268.jpg,0,d - 24o.jpg,d,train-63478.jpg,6,,train-02601.jpg,0,d - 82o.jpg,d,train-73414.jpg,7,,train-02524.jpg,0,d - 42o.jpg,d,train-83463.jpg,8,,train-02447.jpg,0,d - 100.jpg,d,train-93431.jpg,9,
train-03144.jpg,0,d - 67.jpg,d,train-03457.jpg,0,,train-03067.jpg,0,d - 28.jpg,d,train-13319.jpg,1,,train-02990.jpg,0,d - 86.jpg,d,train-23411.jpg,2,,train-02912.jpg,0,d - 46.jpg,d,train-33431.jpg,3,,train-02835.jpg,0,d - 103o.jpg,d,train-43457.jpg,4,,train-02758.jpg,0,d - 64.jpg,d,train-53538.jpg,5,,train-02680.jpg,0,d - 25.jpg,d,train-63479.jpg,6,,train-02602.jpg,0,d - 83.jpg,d,train-73415.jpg,7,,train-02525.jpg,0,d - 43.jpg,d,train-83464.jpg,8,,train-02448.jpg,0,d - 100o.jpg,d,train-93432.jpg,9,
train-03145.jpg,0,d - 67o.jpg,d,train-03458.jpg,0,,train-03068.jpg,0,d - 28o.jpg,d,train-1332.jpg,1,,train-02991.jpg,0,d - 86o.jpg,d,train-23412.jpg,2,,train-02913.jpg,0,d - 46o.jpg,d,train-33432.jpg,3,,train-02836.jpg,0,d - 104.jpg,d,train-43458.jpg,4,,train-02759.jpg,0,d - 64o.jpg,d,train-53539.jpg,5,,train-02681.jpg,0,d - 25o.jpg,d,train-6348.jpg,6,,train-02603.jpg,0,d - 83o.jpg,d,train-73416.jpg,7,,train-02526.jpg,0,d - 43o.jpg,d,train-83465.jpg,8,,train-02449.jpg,0,d - 101.jpg,d,train-93433.jpg,9,
train-03146.jpg,0,d - 68.jpg,d,train-03459.jpg,0,,train-03069.jpg,0,d - 29.jpg,d,train-13320.jpg,1,,train-02992.jpg,0,d - 87.jpg,d,train-23413.jpg,2,,train-02914.jpg,0,d - 47.jpg,d,train-33433.jpg,3,,train-02837.jpg,0,d - 104o.jpg,d,train-43459.jpg,4,,train-0276.jpg,0,d - 65.jpg,d,train-5354.jpg,5,,train-02682.jpg,0,d - 26.jpg,d,train-63480.jpg,6,,train-02604.jpg,0,d - 84.jpg,d,train-73417.jpg,7,,train-02527.jpg,0,d - 44.jpg,d,train-83466.jpg,8,,train-0245.jpg,0,d - 101o.jpg,d,train-93434.jpg,9,
train-03147.jpg,0,d - 68o.jpg,d,train-0346.jpg,0,,train-0307.jpg,0,d - 29o.jpg,d,train-13321.jpg,1,,train-02993.jpg,0,d - 87o.jpg,d,train-23414.jpg,2,,train-02915.jpg,0,d - 47o.jpg,d,train-33434.jpg,3,,train-02838.jpg,0,d - 105.jpg,d,train-4346.jpg,4,,train-02760.jpg,0,d - 65o.jpg,d,train-53540.jpg,5,,train-02683.jpg,0,d - 26o.jpg,d,train-63481.jpg,6,,train-02605.jpg,0,d - 84o.jpg,d,train-73418.jpg,7,,train-02528.jpg,0,d - 44o.jpg,d,train-83467.jpg,8,,train-02450.jpg,0,d - 102.jpg,d,train-93435.jpg,9,
train-03148.jpg,0,d - 6o.jpg,d,train-03460.jpg,0,,train-03070.jpg,0,d - 2o.jpg,d,train-13322.jpg,1,,train-02994.jpg,0,d - 88.jpg,d,train-23415.jpg,2,,train-02916.jpg,0,d - 48.jpg,d,train-33435.jpg,3,,train-02839.jpg,0,d - 105o.jpg,d,train-43460.jpg,4,,train-02761.jpg,0,d - 66.jpg,d,train-53541.jpg,5,,train-02684.jpg,0,d - 27.jpg,d,train-63482.jpg,6,,train-02606.jpg,0,d - 85.jpg,d,train-73419.jpg,7,,train-02529.jpg,0,d - 45.jpg,d,train-83468.jpg,8,,train-02451.jpg,0,d - 102o.jpg,d,train-93436.jpg,9,
train-03149.jpg,0,d - 7.jpg,d,train-03461.jpg,0,,train-03071.jpg,0,d - 3.jpg,d,train-13323.jpg,1,,train-02995.jpg,0,d - 88o.jpg,d,train-23416.jpg,2,,train-02917.jpg,0,d - 48o.jpg,d,train-33436.jpg,3,,train-0284.jpg,0,d - 106.jpg,d,train-43461.jpg,4,,train-02762.jpg,0,d - 66o.jpg,d,train-53542.jpg,5,,train-02685.jpg,0,d - 27o.jpg,d,train-63483.jpg,6,,train-02607.jpg,0,d - 85o.jpg,d,train-7342.jpg,7,,train-0253.jpg,0,d - 45o.jpg,d,train-83469.jpg,8,,train-02452.jpg,0,d - 103.jpg,d,train-93437.jpg,9,
train-0315.jpg,0,d - 70.jpg,d,train-03462.jpg,0,,train-03072.jpg,0,d - 30.jpg,d,train-13324.jpg,1,,train-02996.jpg,0,d - 89.jpg,d,train-23417.jpg,2,,train-02918.jpg,0,d - 49.jpg,d,train-33437.jpg,3,,train-02840.jpg,0,d - 106o.jpg,d,train-43462.jpg,4,,train-02763.jpg,0,d - 67.jpg,d,train-53543.jpg,5,,train-02686.jpg,0,d - 28.jpg,d,train-63484.jpg,6,,train-02608.jpg,0,d - 86.jpg,d,train-73420.jpg,7,,train-02530.jpg,0,d - 46.jpg,d,train-8347.jpg,8,,train-02453.jpg,0,d - 103o.jpg,d,train-93438.jpg,9,
train-03150.jpg,0,d - 70o.jpg,d,train-03463.jpg,0,,train-03073.jpg,0,d - 30o.jpg,d,train-13325.jpg,1,,train-02997.jpg,0,d - 89o.jpg,d,train-23418.jpg,2,,train-02919.jpg,0,d - 49o.jpg,d,train-33438.jpg,3,,train-02841.jpg,0,d - 107o.jpg,d,train-43463.jpg,4,,train-02764.jpg,0,d - 67o.jpg,d,train-53544.jpg,5,,train-02687.jpg,0,d - 28o.jpg,d,train-63485.jpg,6,,train-02609.jpg,0,d - 86o.jpg,d,train-73421.jpg,7,,train-02531.jpg,0,d - 46o.jpg,d,train-83470.jpg,8,,train-02454.jpg,0,d - 104.jpg,d,train-93439.jpg,9,
train-03151.jpg,0,d - 71.jpg,d,train-03464.jpg,0,,train-03074.jpg,0,d - 31.jpg,d,train-13326.jpg,1,,train-02998.jpg,0,d - 8o.jpg,d,train-23419.jpg,2,,train-0292.jpg,0,d - 4o.jpg,d,train-33439.jpg,3,,train-02842.jpg,0,d - 108o.jpg,d,train-43464.jpg,4,,train-02765.jpg,0,d - 68.jpg,d,train-53545.jpg,5,,train-02688.jpg,0,d - 29.jpg,d,train-63486.jpg,6,,train-0261.jpg,0,d - 87.jpg,d,train-73422.jpg,7,,train-02532.jpg,0,d - 47.jpg,d,train-83471.jpg,8,,train-02455.jpg,0,d - 104o.jpg,d,train-9344.jpg,9,
train-03152.jpg,0,d - 71o.jpg,d,train-03465.jpg,0,,train-03075.jpg,0,d - 31o.jpg,d,train-13327.jpg,1,,train-02999.jpg,0,d - 9.jpg,d,train-2342.jpg,2,,train-02920.jpg,0,d - 5.jpg,d,train-3344.jpg,3,,train-02843.jpg,0,d - 10o.jpg,d,train-43465.jpg,4,,train-02766.jpg,0,d - 68o.jpg,d,train-53546.jpg,5,,train-02689.jpg,0,d - 29o.jpg,d,train-63487.jpg,6,,train-02610.jpg,0,d - 87o.jpg,d,train-73423.jpg,7,,train-02533.jpg,0,d - 47o.jpg,d,train-83472.jpg,8,,train-02456.jpg,0,d - 105.jpg,d,train-93440.jpg,9,
train-03153.jpg,0,d - 72.jpg,d,train-03466.jpg,0,,train-03076.jpg,0,d - 32.jpg,d,train-13328.jpg,1,,train-03.jpg,0,d - 90.jpg,d,train-23420.jpg,2,,train-02921.jpg,0,d - 50.jpg,d,train-33440.jpg,3,,train-02844.jpg,0,d - 11.jpg,d,train-43466.jpg,4,,train-02767.jpg,0,d - 6o.jpg,d,train-53547.jpg,5,,train-0269.jpg,0,d - 2o.jpg,d,train-63488.jpg,6,,train-02611.jpg,0,d - 88.jpg,d,train-73424.jpg,7,,train-02534.jpg,0,d - 48.jpg,d,train-83473.jpg,8,,train-02457.jpg,0,d - 105o.jpg,d,train-93441.jpg,9,
train-03154.jpg,0,d - 72o.jpg,d,train-03467.jpg,0,,train-03077.jpg,0,d - 32o.jpg,d,train-13329.jpg,1,,train-030.jpg,0,d - 90o.jpg,d,train-23421.jpg,2,,train-02922.jpg,0,d - 50o.jpg,d,train-33441.jpg,3,,train-02845.jpg,0,d - 11o.jpg,d,train-43467.jpg,4,,train-02768.jpg,0,d - 7.jpg,d,train-53548.jpg,5,,train-02690.jpg,0,d - 3.jpg,d,train-63489.jpg,6,,train-02612.jpg,0,d - 88o.jpg,d,train-73425.jpg,7,,train-02535.jpg,0,d - 48o.jpg,d,train-83474.jpg,8,,train-02458.jpg,0,d - 106.jpg,d,train-93442.jpg,9,
train-03155.jpg,0,d - 73.jpg,d,train-03468.jpg,0,,train-03078.jpg,0,d - 33.jpg,d,train-1333.jpg,1,,train-0300.jpg,0,d - 91.jpg,d,train-23422.jpg,2,,train-02923.jpg,0,d - 51.jpg,d,train-33442.jpg,3,,train-02846.jpg,0,d - 12.jpg,d,train-43468.jpg,4,,train-02769.jpg,0,d - 70.jpg,d,train-53549.jpg,5,,train-02691.jpg,0,d - 30.jpg,d,train-6349.jpg,6,,train-02613.jpg,0,d - 89.jpg,d,train-73426.jpg,7,,train-02536.jpg,0,d - 49.jpg,d,train-83475.jpg,8,,train-02459.jpg,0,d - 106o.jpg,d,train-93443.jpg,9,
train-03156.jpg,0,d - 73o.jpg,d,train-03469.jpg,0,,train-03079.jpg,0,d - 33o.jpg,d,train-13330.jpg,1,,train-03000.jpg,0,d - 91o.jpg,d,train-23423.jpg,2,,train-02924.jpg,0,d - 51o.jpg,d,train-33443.jpg,3,,train-02847.jpg,0,d - 12o.jpg,d,train-43469.jpg,4,,train-0277.jpg,0,d - 70o.jpg,d,train-5355.jpg,5,,train-02692.jpg,0,d - 30o.jpg,d,train-63490.jpg,6,,train-02614.jpg,0,d - 89o.jpg,d,train-73427.jpg,7,,train-02537.jpg,0,d - 49o.jpg,d,train-83476.jpg,8,,train-0246.jpg,0,d - 107o.jpg,d,train-93444.jpg,9,
train-03157.jpg,0,d - 74.jpg,d,train-0347.jpg,0,,train-0308.jpg,0,d - 34.jpg,d,train-13331.jpg,1,,train-03001.jpg,0,d - 92.jpg,d,train-23424.jpg,2,,train-02925.jpg,0,d - 52.jpg,d,train-33444.jpg,3,,train-02848.jpg,0,d - 13.jpg,d,train-4347.jpg,4,,train-02770.jpg,0,d - 71.jpg,d,train-53550.jpg,5,,train-02693.jpg,0,d - 31.jpg,d,train-63491.jpg,6,,train-02615.jpg,0,d - 8o.jpg,d,train-73428.jpg,7,,train-02538.jpg,0,d - 4o.jpg,d,train-83477.jpg,8,,train-02460.jpg,0,d - 108o.jpg,d,train-93445.jpg,9,
train-03158.jpg,0,d - 74o.jpg,d,train-03470.jpg,0,,train-03080.jpg,0,d - 34o.jpg,d,train-13332.jpg,1,,train-03002.jpg,0,d - 92o.jpg,d,train-23425.jpg,2,,train-02926.jpg,0,d - 52o.jpg,d,train-33445.jpg,3,,train-02849.jpg,0,d - 13o.jpg,d,train-43470.jpg,4,,train-02771.jpg,0,d - 71o.jpg,d,train-53551.jpg,5,,train-02694.jpg,0,d - 31o.jpg,d,train-63492.jpg,6,,train-02616.jpg,0,d - 9.jpg,d,train-73429.jpg,7,,train-02539.jpg,0,d - 5.jpg,d,train-83478.jpg,8,,train-02461.jpg,0,d - 10o.jpg,d,train-93446.jpg,9,
train-03159.jpg,0,d - 75.jpg,d,train-03471.jpg,0,,train-03081.jpg,0,d - 35.jpg,d,train-13333.jpg,1,,train-03003.jpg,0,d - 93.jpg,d,train-23426.jpg,2,,train-02927.jpg,0,d - 53.jpg,d,train-33446.jpg,3,,train-0285.jpg,0,d - 14.jpg,d,train-43471.jpg,4,,train-02772.jpg,0,d - 72.jpg,d,train-53552.jpg,5,,train-02695.jpg,0,d - 32.jpg,d,train-63493.jpg,6,,train-02617.jpg,0,d - 90.jpg,d,train-7343.jpg,7,,train-0254.jpg,0,d - 50.jpg,d,train-83479.jpg,8,,train-02462.jpg,0,d - 11.jpg,d,train-93447.jpg,9,
train-0316.jpg,0,d - 75o.jpg,d,train-03472.jpg,0,,train-03082.jpg,0,d - 35o.jpg,d,train-13334.jpg,1,,train-03004.jpg,0,d - 93o.jpg,d,train-23427.jpg,2,,train-02928.jpg,0,d - 53o.jpg,d,train-33447.jpg,3,,train-02850.jpg,0,d - 14o.jpg,d,train-43472.jpg,4,,train-02773.jpg,0,d - 72o.jpg,d,train-53553.jpg,5,,train-02696.jpg,0,d - 32o.jpg,d,train-63494.jpg,6,,train-02618.jpg,0,d - 90o.jpg,d,train-73430.jpg,7,,train-02540.jpg,0,d - 50o.jpg,d,train-8348.jpg,8,,train-02463.jpg,0,d - 11o.jpg,d,train-93448.jpg,9,
train-03160.jpg,0,d - 76.jpg,d,train-03473.jpg,0,,train-03083.jpg,0,d - 36.jpg,d,train-13335.jpg,1,,train-03005.jpg,0,d - 94.jpg,d,train-23428.jpg,2,,train-02929.jpg,0,d - 54.jpg,d,train-33448.jpg,3,,train-02851.jpg,0,d - 15.jpg,d,train-43473.jpg,4,,train-02774.jpg,0,d - 73.jpg,d,train-53554.jpg,5,,train-02697.jpg,0,d - 33.jpg,d,train-63495.jpg,6,,train-02619.jpg,0,d - 91.jpg,d,train-73431.jpg,7,,train-02541.jpg,0,d - 51.jpg,d,train-83480.jpg,8,,train-02464.jpg,0,d - 12.jpg,d,train-93449.jpg,9,
train-03161.jpg,0,d - 76o.jpg,d,train-03474.jpg,0,,train-03084.jpg,0,d - 36o.jpg,d,train-13336.jpg,1,,train-03006.jpg,0,d - 94o.jpg,d,train-23429.jpg,2,,train-0293.jpg,0,d - 54o.jpg,d,train-33449.jpg,3,,train-02852.jpg,0,d - 15o.jpg,d,train-43474.jpg,4,,train-02775.jpg,0,d - 73o.jpg,d,train-53555.jpg,5,,train-02698.jpg,0,d - 33o.jpg,d,train-63496.jpg,6,,train-0262.jpg,0,d - 91o.jpg,d,train-73432.jpg,7,,train-02542.jpg,0,d - 51o.jpg,d,train-83481.jpg,8,,train-02465.jpg,0,d - 12o.jpg,d,train-9345.jpg,9,
train-03162.jpg,0,d - 77.jpg,d,train-03475.jpg,0,,train-03085.jpg,0,d - 37.jpg,d,train-13337.jpg,1,,train-03007.jpg,0,d - 95.jpg,d,train-2343.jpg,2,,train-02930.jpg,0,d - 55.jpg,d,train-3345.jpg,3,,train-02853.jpg,0,d - 16.jpg,d,train-43475.jpg,4,,train-02776.jpg,0,d - 74.jpg,d,train-53556.jpg,5,,train-02699.jpg,0,d - 34.jpg,d,train-63497.jpg,6,,train-02620.jpg,0,d - 92.jpg,d,train-73433.jpg,7,,train-02543.jpg,0,d - 52.jpg,d,train-83482.jpg,8,,train-02466.jpg,0,d - 13.jpg,d,train-93450.jpg,9,
train-03163.jpg,0,d - 77o.jpg,d,train-03476.jpg,0,,train-03086.jpg,0,d - 37o.jpg,d,train-13338.jpg,1,,train-03008.jpg,0,d - 95o.jpg,d,train-23430.jpg,2,,train-02931.jpg,0,d - 55o.jpg,d,train-33450.jpg,3,,train-02854.jpg,0,d - 16o.jpg,d,train-43476.jpg,4,,train-02777.jpg,0,d - 74o.jpg,d,train-53557.jpg,5,,train-027.jpg,0,d - 34o.jpg,d,train-63498.jpg,6,,train-02621.jpg,0,d - 92o.jpg,d,train-73434.jpg,7,,train-02544.jpg,0,d - 52o.jpg,d,train-83483.jpg,8,,train-02467.jpg,0,d - 13o.jpg,d,train-93451.jpg,9,
train-03164.jpg,0,d - 78.jpg,d,train-03477.jpg,0,,train-03087.jpg,0,d - 38.jpg,d,train-13339.jpg,1,,train-03009.jpg,0,d - 96.jpg,d,train-23431.jpg,2,,train-02932.jpg,0,d - 56.jpg,d,train-33451.jpg,3,,train-02855.jpg,0,d - 17.jpg,d,train-43477.jpg,4,,train-02778.jpg,0,d - 75.jpg,d,train-53558.jpg,5,,train-0270.jpg,0,d - 35.jpg,d,train-63499.jpg,6,,train-02622.jpg,0,d - 93.jpg,d,train-73435.jpg,7,,train-02545.jpg,0,d - 53.jpg,d,train-83484.jpg,8,,train-02468.jpg,0,d - 14.jpg,d,train-93452.jpg,9,
train-03165.jpg,0,d - 78o.jpg,d,train-03478.jpg,0,,train-03088.jpg,0,d - 38o.jpg,d,train-1334.jpg,1,,train-0301.jpg,0,d - 96o.jpg,d,train-23432.jpg,2,,train-02933.jpg,0,d - 56o.jpg,d,train-33452.jpg,3,,train-02856.jpg,0,d - 17o.jpg,d,train-43478.jpg,4,,train-02779.jpg,0,d - 75o.jpg,d,train-53559.jpg,5,,train-02700.jpg,0,d - 35o.jpg,d,train-635.jpg,6,,train-02623.jpg,0,d - 93o.jpg,d,train-73436.jpg,7,,train-02546.jpg,0,d - 53o.jpg,d,train-83485.jpg,8,,train-02469.jpg,0,d - 14o.jpg,d,train-93453.jpg,9,
train-03166.jpg,0,d - 79.jpg,d,train-03479.jpg,0,,train-03089.jpg,0,d - 39.jpg,d,train-13340.jpg,1,,train-03010.jpg,0,d - 97.jpg,d,train-23433.jpg,2,,train-02934.jpg,0,d - 57.jpg,d,train-33453.jpg,3,,train-02857.jpg,0,d - 18.jpg,d,train-43479.jpg,4,,train-0278.jpg,0,d - 76.jpg,d,train-5356.jpg,5,,train-02701.jpg,0,d - 36.jpg,d,train-6350.jpg,6,,train-02624.jpg,0,d - 94.jpg,d,train-73437.jpg,7,,train-02547.jpg,0,d - 54.jpg,d,train-83486.jpg,8,,train-0247.jpg,0,d - 15.jpg,d,train-93454.jpg,9,
train-03167.jpg,0,d - 79o.jpg,d,train-0348.jpg,0,,train-0309.jpg,0,d - 39o.jpg,d,train-13341.jpg,1,,train-03011.jpg,0,d - 97o.jpg,d,train-23434.jpg,2,,train-02935.jpg,0,d - 57o.jpg,d,train-33454.jpg,3,,train-02858.jpg,0,d - 18o.jpg,d,train-4348.jpg,4,,train-02780.jpg,0,d - 76o.jpg,d,train-53560.jpg,5,,train-02702.jpg,0,d - 36o.jpg,d,train-63500.jpg,6,,train-02625.jpg,0,d - 94o.jpg,d,train-73438.jpg,7,,train-02548.jpg,0,d - 54o.jpg,d,train-83487.jpg,8,,train-02470.jpg,0,d - 15o.jpg,d,train-93455.jpg,9,
train-03168.jpg,0,d - 7o.jpg,d,train-03480.jpg,0,,train-03090.jpg,0,d - 3o.jpg,d,train-13342.jpg,1,,train-03012.jpg,0,d - 98.jpg,d,train-23435.jpg,2,,train-02936.jpg,0,d - 58.jpg,d,train-33455.jpg,3,,train-02859.jpg,0,d - 19.jpg,d,train-43480.jpg,4,,train-02781.jpg,0,d - 77.jpg,d,train-53561.jpg,5,,train-02703.jpg,0,d - 37.jpg,d,train-63501.jpg,6,,train-02626.jpg,0,d - 95.jpg,d,train-73439.jpg,7,,train-02549.jpg,0,d - 55.jpg,d,train-83488.jpg,8,,train-02471.jpg,0,d - 16.jpg,d,train-93456.jpg,9,
train-03169.jpg,0,d - 8.jpg,d,train-03481.jpg,0,,train-03091.jpg,0,d - 4.jpg,d,train-13343.jpg,1,,train-03013.jpg,0,d - 98o.jpg,d,train-23436.jpg,2,,train-02937.jpg,0,d - 58o.jpg,d,train-33456.jpg,3,,train-0286.jpg,0,d - 19o.jpg,d,train-43481.jpg,4,,train-02782.jpg,0,d - 77o.jpg,d,train-53562.jpg,5,,train-02704.jpg,0,d - 37o.jpg,d,train-63502.jpg,6,,train-02627.jpg,0,d - 95o.jpg,d,train-7344.jpg,7,,train-0255.jpg,0,d - 55o.jpg,d,train-83489.jpg,8,,train-02472.jpg,0,d - 16o.jpg,d,train-93457.jpg,9,
train-0317.jpg,0,d - 80.jpg,d,train-03482.jpg,0,,train-03092.jpg,0,d - 40.jpg,d,train-13344.jpg,1,,train-03014.jpg,0,d - 99.jpg,d,train-23437.jpg,2,,train-02938.jpg,0,d - 59.jpg,d,train-33457.jpg,3,,train-02860.jpg,0,d - 1o.jpg,d,train-43482.jpg,4,,train-02783.jpg,0,d - 78.jpg,d,train-53563.jpg,5,,train-02705.jpg,0,d - 38.jpg,d,train-63503.jpg,6,,train-02628.jpg,0,d - 96.jpg,d,train-73440.jpg,7,,train-02550.jpg,0,d - 56.jpg,d,train-8349.jpg,8,,train-02473.jpg,0,d - 17.jpg,d,train-93458.jpg,9,
train-03170.jpg,0,d - 80o.jpg,d,train-03483.jpg,0,,train-03093.jpg,0,d - 40o.jpg,d,train-13345.jpg,1,,train-03015.jpg,0,d - 99o.jpg,d,train-23438.jpg,2,,train-02939.jpg,0,d - 59o.jpg,d,train-33458.jpg,3,,train-02861.jpg,0,d - 2.jpg,d,train-43483.jpg,4,,train-02784.jpg,0,d - 78o.jpg,d,train-53564.jpg,5,,train-02706.jpg,0,d - 38o.jpg,d,train-63504.jpg,6,,train-02629.jpg,0,d - 96o.jpg,d,train-73441.jpg,7,,train-02551.jpg,0,d - 56o.jpg,d,train-83490.jpg,8,,train-02474.jpg,0,d - 17o.jpg,d,train-93459.jpg,9,
train-03171.jpg,0,d - 81.jpg,d,train-03484.jpg,0,,train-03094.jpg,0,d - 41.jpg,d,train-13346.jpg,1,,train-03016.jpg,0,d - 9o.jpg,d,train-23439.jpg,2,,train-0294.jpg,0,d - 5o.jpg,d,train-33459.jpg,3,,train-02862.jpg,0,d - 20.jpg,d,train-43484.jpg,4,,train-02785.jpg,0,d - 79.jpg,d,train-53565.jpg,5,,train-02707.jpg,0,d - 39.jpg,d,train-63505.jpg,6,,train-0263.jpg,0,d - 97.jpg,d,train-73442.jpg,7,,train-02552.jpg,0,d - 57.jpg,d,train-83491.jpg,8,,train-02475.jpg,0,d - 18.jpg,d,train-9346.jpg,9,
train-03172.jpg,0,d - 81o.jpg,d,train-03485.jpg,0,,train-03095.jpg,0,d - 41o.jpg,d,train-13347.jpg,1,,train-03017.jpg,0,d - 1.jpg,d,train-2344.jpg,2,,train-02940.jpg,0,d - 6.jpg,d,train-3346.jpg,3,,train-02863.jpg,0,d - 20o.jpg,d,train-43485.jpg,4,,train-02786.jpg,0,d - 79o.jpg,d,train-53566.jpg,5,,train-02708.jpg,0,d - 39o.jpg,d,train-63506.jpg,6,,train-02630.jpg,0,d - 97o.jpg,d,train-73443.jpg,7,,train-02553.jpg,0,d - 57o.jpg,d,train-83492.jpg,8,,train-02476.jpg,0,d - 18o.jpg,d,train-93460.jpg,9,
train-03173.jpg,0,d - 82.jpg,d,train-03486.jpg,0,,train-03096.jpg,0,d - 42.jpg,d,train-13348.jpg,1,,train-03018.jpg,0,d - 10.jpg,d,train-23440.jpg,2,,train-02941.jpg,0,d - 60.jpg,d,train-33460.jpg,3,,train-02864.jpg,0,d - 21.jpg,d,train-43486.jpg,4,,train-02787.jpg,0,d - 7o.jpg,d,train-53567.jpg,5,,train-02709.jpg,0,d - 3o.jpg,d,train-63507.jpg,6,,train-02631.jpg,0,d - 98.jpg,d,train-73444.jpg,7,,train-02554.jpg,0,d - 58.jpg,d,train-83493.jpg,8,,train-02477.jpg,0,d - 19.jpg,d,train-93461.jpg,9,
train-03174.jpg,0,d - 82o.jpg,d,train-03487.jpg,0,,train-03097.jpg,0,d - 42o.jpg,d,train-13349.jpg,1,,train-03019.jpg,0,d - 100.jpg,d,train-23441.jpg,2,,train-02942.jpg,0,d - 60o.jpg,d,train-33461.jpg,3,,train-02865.jpg,0,d - 21o.jpg,d,train-43487.jpg,4,,train-02788.jpg,0,d - 8.jpg,d,train-53568.jpg,5,,train-0271.jpg,0,d - 4.jpg,d,train-63508.jpg,6,,train-02632.jpg,0,d - 98o.jpg,d,train-73445.jpg,7,,train-02555.jpg,0,d - 58o.jpg,d,train-83494.jpg,8,,train-02478.jpg,0,d - 19o.jpg,d,train-93462.jpg,9,
train-03175.jpg,0,d - 83.jpg,d,train-03488.jpg,0,,train-03098.jpg,0,d - 43.jpg,d,train-1335.jpg,1,,train-0302.jpg,0,d - 100o.jpg,d,train-23442.jpg,2,,train-02943.jpg,0,d - 61.jpg,d,train-33462.jpg,3,,train-02866.jpg,0,d - 22.jpg,d,train-43488.jpg,4,,train-02789.jpg,0,d - 80.jpg,d,train-53569.jpg,5,,train-02710.jpg,0,d - 40.jpg,d,train-63509.jpg,6,,train-02633.jpg,0,d - 99.jpg,d,train-73446.jpg,7,,train-02556.jpg,0,d - 59.jpg,d,train-83495.jpg,8,,train-02479.jpg,0,d - 1o.jpg,d,train-93463.jpg,9,
train-03176.jpg,0,d - 83o.jpg,d,train-03489.jpg,0,,train-03099.jpg,0,d - 43o.jpg,d,train-13350.jpg,1,,train-03020.jpg,0,d - 101.jpg,d,train-23443.jpg,2,,train-02944.jpg,0,d - 61o.jpg,d,train-33463.jpg,3,,train-02867.jpg,0,d - 22o.jpg,d,train-43489.jpg,4,,train-0279.jpg,0,d - 80o.jpg,d,train-5357.jpg,5,,train-02711.jpg,0,d - 40o.jpg,d,train-6351.jpg,6,,train-02634.jpg,0,d - 99o.jpg,d,train-73447.jpg,7,,train-02557.jpg,0,d - 59o.jpg,d,train-83496.jpg,8,,train-0248.jpg,0,d - 2.jpg,d,train-93464.jpg,9,
train-03177.jpg,0,d - 84.jpg,d,train-0349.jpg,0,,train-031.jpg,0,d - 44.jpg,d,train-13351.jpg,1,,train-03021.jpg,0,d - 101o.jpg,d,train-23444.jpg,2,,train-02945.jpg,0,d - 62.jpg,d,train-33464.jpg,3,,train-02868.jpg,0,d - 23.jpg,d,train-4349.jpg,4,,train-02790.jpg,0,d - 81.jpg,d,train-53570.jpg,5,,train-02712.jpg,0,d - 41.jpg,d,train-63510.jpg,6,,train-02635.jpg,0,d - 9o.jpg,d,train-73448.jpg,7,,train-02558.jpg,0,d - 5o.jpg,d,train-83497.jpg,8,,train-02480.jpg,0,d - 20.jpg,d,train-93465.jpg,9,
train-03178.jpg,0,d - 84o.jpg,d,train-03490.jpg,0,,train-0310.jpg,0,d - 44o.jpg,d,train-13352.jpg,1,,train-03022.jpg,0,d - 102.jpg,d,train-23445.jpg,2,,train-02946.jpg,0,d - 62o.jpg,d,train-33465.jpg,3,,train-02869.jpg,0,d - 23o.jpg,d,train-43490.jpg,4,,train-02791.jpg,0,d - 81o.jpg,d,train-53571.jpg,5,,train-02713.jpg,0,d - 41o.jpg,d,train-63511.jpg,6,,train-02636.jpg,0,d - 1.jpg,d,train-73449.jpg,7,,train-02559.jpg,0,d - 6.jpg,d,train-83498.jpg,8,,train-02481.jpg,0,d - 20o.jpg,d,train-93466.jpg,9,
train-03179.jpg,0,d - 85.jpg,d,train-03491.jpg,0,,train-03100.jpg,0,d - 45.jpg,d,train-13353.jpg,1,,train-03023.jpg,0,d - 102o.jpg,d,train-23446.jpg,2,,train-02947.jpg,0,d - 63.jpg,d,train-33466.jpg,3,,train-0287.jpg,0,d - 24.jpg,d,train-43491.jpg,4,,train-02792.jpg,0,d - 82.jpg,d,train-53572.jpg,5,,train-02714.jpg,0,d - 42.jpg,d,train-63512.jpg,6,,train-02637.jpg,0,d - 10.jpg,d,train-7345.jpg,7,,train-0256.jpg,0,d - 60.jpg,d,train-83499.jpg,8,,train-02482.jpg,0,d - 21.jpg,d,train-93467.jpg,9,
train-0318.jpg,0,d - 85o.jpg,d,train-03492.jpg,0,,train-03101.jpg,0,d - 45o.jpg,d,train-13354.jpg,1,,train-03024.jpg,0,d - 103.jpg,d,train-23447.jpg,2,,train-02948.jpg,0,d - 63o.jpg,d,train-33467.jpg,3,,train-02870.jpg,0,d - 24o.jpg,d,train-43492.jpg,4,,train-02793.jpg,0,d - 82o.jpg,d,train-53573.jpg,5,,train-02715.jpg,0,d - 42o.jpg,d,train-63513.jpg,6,,train-02638.jpg,0,d - 100.jpg,d,train-73450.jpg,7,,train-02560.jpg,0,d - 60o.jpg,d,train-835.jpg,8,,train-02483.jpg,0,d - 21o.jpg,d,train-93468.jpg,9,
train-03180.jpg,0,d - 86.jpg,d,train-03493.jpg,0,,train-03102.jpg,0,d - 46.jpg,d,train-13355.jpg,1,,train-03025.jpg,0,d - 103o.jpg,d,train-23448.jpg,2,,train-02949.jpg,0,d - 64.jpg,d,train-33468.jpg,3,,train-02871.jpg,0,d - 25.jpg,d,train-43493.jpg,4,,train-02794.jpg,0,d - 83.jpg,d,train-53574.jpg,5,,train-02716.jpg,0,d - 43.jpg,d,train-63514.jpg,6,,train-02639.jpg,0,d - 100o.jpg,d,train-73451.jpg,7,,train-02561.jpg,0,d - 61.jpg,d,train-8350.jpg,8,,train-02484.jpg,0,d - 22.jpg,d,train-93469.jpg,9,
train-03181.jpg,0,d - 86o.jpg,d,train-03494.jpg,0,,train-03103.jpg,0,d - 46o.jpg,d,train-13356.jpg,1,,train-03026.jpg,0,d - 104.jpg,d,train-23449.jpg,2,,train-0295.jpg,0,d - 64o.jpg,d,train-33469.jpg,3,,train-02872.jpg,0,d - 25o.jpg,d,train-43494.jpg,4,,train-02795.jpg,0,d - 83o.jpg,d,train-53575.jpg,5,,train-02717.jpg,0,d - 43o.jpg,d,train-63515.jpg,6,,train-0264.jpg,0,d - 101.jpg,d,train-73452.jpg,7,,train-02562.jpg,0,d - 61o.jpg,d,train-83500.jpg,8,,train-02485.jpg,0,d - 22o.jpg,d,train-9347.jpg,9,
train-03182.jpg,0,d - 87.jpg,d,train-03495.jpg,0,,train-03104.jpg,0,d - 47.jpg,d,train-13357.jpg,1,,train-03027.jpg,0,d - 104o.jpg,d,train-2345.jpg,2,,train-02950.jpg,0,d - 65.jpg,d,train-3347.jpg,3,,train-02873.jpg,0,d - 26.jpg,d,train-43495.jpg,4,,train-02796.jpg,0,d - 84.jpg,d,train-53576.jpg,5,,train-02718.jpg,0,d - 44.jpg,d,train-63516.jpg,6,,train-02640.jpg,0,d - 101o.jpg,d,train-73453.jpg,7,,train-02563.jpg,0,d - 62.jpg,d,train-83501.jpg,8,,train-02486.jpg,0,d - 23.jpg,d,train-93470.jpg,9,
train-03183.jpg,0,d - 87o.jpg,d,train-03496.jpg,0,,train-03105.jpg,0,d - 47o.jpg,d,train-13358.jpg,1,,train-03028.jpg,0,d - 105.jpg,d,train-23450.jpg,2,,train-02951.jpg,0,d - 65o.jpg,d,train-33470.jpg,3,,train-02874.jpg,0,d - 26o.jpg,d,train-43496.jpg,4,,train-02797.jpg,0,d - 84o.jpg,d,train-53577.jpg,5,,train-02719.jpg,0,d - 44o.jpg,d,train-63517.jpg,6,,train-02641.jpg,0,d - 102.jpg,d,train-73454.jpg,7,,train-02564.jpg,0,d - 62o.jpg,d,train-83502.jpg,8,,train-02487.jpg,0,d - 23o.jpg,d,train-93471.jpg,9,
train-03184.jpg,0,d - 88.jpg,d,train-03497.jpg,0,,train-03106.jpg,0,d - 48.jpg,d,train-13359.jpg,1,,train-03029.jpg,0,d - 105o.jpg,d,train-23451.jpg,2,,train-02952.jpg,0,d - 66.jpg,d,train-33471.jpg,3,,train-02875.jpg,0,d - 27.jpg,d,train-43497.jpg,4,,train-02798.jpg,0,d - 85.jpg,d,train-53578.jpg,5,,train-0272.jpg,0,d - 45.jpg,d,train-63518.jpg,6,,train-02642.jpg,0,d - 102o.jpg,d,train-73455.jpg,7,,train-02565.jpg,0,d - 63.jpg,d,train-83503.jpg,8,,train-02488.jpg,0,d - 24.jpg,d,train-93472.jpg,9,
train-03185.jpg,0,d - 88o.jpg,d,train-03498.jpg,0,,train-03107.jpg,0,d - 48o.jpg,d,train-1336.jpg,1,,train-0303.jpg,0,d - 106.jpg,d,train-23452.jpg,2,,train-02953.jpg,0,d - 66o.jpg,d,train-33472.jpg,3,,train-02876.jpg,0,d - 27o.jpg,d,train-43498.jpg,4,,train-02799.jpg,0,d - 85o.jpg,d,train-53579.jpg,5,,train-02720.jpg,0,d - 45o.jpg,d,train-63519.jpg,6,,train-02643.jpg,0,d - 103.jpg,d,train-73456.jpg,7,,train-02566.jpg,0,d - 63o.jpg,d,train-83504.jpg,8,,train-02489.jpg,0,d - 24o.jpg,d,train-93473.jpg,9,
train-03186.jpg,0,d - 89.jpg,d,train-03499.jpg,0,,train-03108.jpg,0,d - 49.jpg,d,train-13360.jpg,1,,train-03030.jpg,0,d - 106o.jpg,d,train-23453.jpg,2,,train-02954.jpg,0,d - 67.jpg,d,train-33473.jpg,3,,train-02877.jpg,0,d - 28.jpg,d,train-43499.jpg,4,,train-028.jpg,0,d - 86.jpg,d,train-5358.jpg,5,,train-02721.jpg,0,d - 46.jpg,d,train-6352.jpg,6,,train-02644.jpg,0,d - 103o.jpg,d,train-73457.jpg,7,,train-02567.jpg,0,d - 64.jpg,d,train-83505.jpg,8,,train-0249.jpg,0,d - 25.jpg,d,train-93474.jpg,9,
train-03187.jpg,0,d - 89o.jpg,d,train-035.jpg,0,,train-03109.jpg,0,d - 49o.jpg,d,train-13361.jpg,1,,train-03031.jpg,0,d - 107o.jpg,d,train-23454.jpg,2,,train-02955.jpg,0,d - 67o.jpg,d,train-33474.jpg,3,,train-02878.jpg,0,d - 28o.jpg,d,train-435.jpg,4,,train-0280.jpg,0,d - 86o.jpg,d,train-53580.jpg,5,,train-02722.jpg,0,d - 46o.jpg,d,train-63520.jpg,6,,train-02645.jpg,0,d - 104.jpg,d,train-73458.jpg,7,,train-02568.jpg,0,d - 64o.jpg,d,train-83506.jpg,8,,train-02490.jpg,0,d - 25o.jpg,d,train-93475.jpg,9,
train-03188.jpg,0,d - 8o.jpg,d,train-0350.jpg,0,,train-0311.jpg,0,d - 4o.jpg,d,train-13362.jpg,1,,train-03032.jpg,0,d - 108o.jpg,d,train-23455.jpg,2,,train-02956.jpg,0,d - 68.jpg,d,train-33475.jpg,3,,train-02879.jpg,0,d - 29.jpg,d,train-4350.jpg,4,,train-02800.jpg,0,d - 87.jpg,d,train-53581.jpg,5,,train-02723.jpg,0,d - 47.jpg,d,train-63521.jpg,6,,train-02646.jpg,0,d - 104o.jpg,d,train-73459.jpg,7,,train-02569.jpg,0,d - 65.jpg,d,train-83507.jpg,8,,train-02491.jpg,0,d - 26.jpg,d,train-93476.jpg,9,
train-03189.jpg,0,d - 9.jpg,d,train-03500.jpg,0,,train-03110.jpg,0,d - 5.jpg,d,train-13363.jpg,1,,train-03033.jpg,0,d - 10o.jpg,d,train-23456.jpg,2,,train-02957.jpg,0,d - 68o.jpg,d,train-33476.jpg,3,,train-0288.jpg,0,d - 29o.jpg,d,train-43500.jpg,4,,train-02801.jpg,0,d - 87o.jpg,d,train-53582.jpg,5,,train-02724.jpg,0,d - 47o.jpg,d,train-63522.jpg,6,,train-02647.jpg,0,d - 105.jpg,d,train-7346.jpg,7,,train-0257.jpg,0,d - 65o.jpg,d,train-83508.jpg,8,,train-02492.jpg,0,d - 26o.jpg,d,train-93477.jpg,9,
train-0319.jpg,0,d - 90.jpg,d,train-03501.jpg,0,,train-03111.jpg,0,d - 50.jpg,d,train-13364.jpg,1,,train-03034.jpg,0,d - 11.jpg,d,train-23457.jpg,2,,train-02958.jpg,0,d - 6o.jpg,d,train-33477.jpg,3,,train-02880.jpg,0,d - 2o.jpg,d,train-43501.jpg,4,,train-02802.jpg,0,d - 88.jpg,d,train-53583.jpg,5,,train-02725.jpg,0,d - 48.jpg,d,train-63523.jpg,6,,train-02648.jpg,0,d - 105o.jpg,d,train-73460.jpg,7,,train-02570.jpg,0,d - 66.jpg,d,train-83509.jpg,8,,train-02493.jpg,0,d - 27.jpg,d,train-93478.jpg,9,
train-03190.jpg,0,d - 90o.jpg,d,train-03502.jpg,0,,train-03112.jpg,0,d - 50o.jpg,d,train-13365.jpg,1,,train-03035.jpg,0,d - 11o.jpg,d,train-23458.jpg,2,,train-02959.jpg,0,d - 7.jpg,d,train-33478.jpg,3,,train-02881.jpg,0,d - 3.jpg,d,train-43502.jpg,4,,train-02803.jpg,0,d - 88o.jpg,d,train-53584.jpg,5,,train-02726.jpg,0,d - 48o.jpg,d,train-63524.jpg,6,,train-02649.jpg,0,d - 106.jpg,d,train-73461.jpg,7,,train-02571.jpg,0,d - 66o.jpg,d,train-8351.jpg,8,,train-02494.jpg,0,d - 27o.jpg,d,train-93479.jpg,9,
train-03191.jpg,0,d - 91.jpg,d,train-03503.jpg,0,,train-03113.jpg,0,d - 51.jpg,d,train-13366.jpg,1,,train-03036.jpg,0,d - 12.jpg,d,train-23459.jpg,2,,train-0296.jpg,0,d - 70.jpg,d,train-33479.jpg,3,,train-02882.jpg,0,d - 30.jpg,d,train-43503.jpg,4,,train-02804.jpg,0,d - 89.jpg,d,train-53585.jpg,5,,train-02727.jpg,0,d - 49.jpg,d,train-63525.jpg,6,,train-0265.jpg,0,d - 106o.jpg,d,train-73462.jpg,7,,train-02572.jpg,0,d - 67.jpg,d,train-83510.jpg,8,,train-02495.jpg,0,d - 28.jpg,d,train-9348.jpg,9,
train-03192.jpg,0,d - 91o.jpg,d,train-03504.jpg,0,,train-03114.jpg,0,d - 51o.jpg,d,train-13367.jpg,1,,train-03037.jpg,0,d - 12o.jpg,d,train-2346.jpg,2,,train-02960.jpg,0,d - 70o.jpg,d,train-3348.jpg,3,,train-02883.jpg,0,d - 30o.jpg,d,train-43504.jpg,4,,train-02805.jpg,0,d - 89o.jpg,d,train-53586.jpg,5,,train-02728.jpg,0,d - 49o.jpg,d,train-63526.jpg,6,,train-02650.jpg,0,d - 107o.jpg,d,train-73463.jpg,7,,train-02573.jpg,0,d - 67o.jpg,d,train-83511.jpg,8,,train-02496.jpg,0,d - 28o.jpg,d,train-93480.jpg,9,
train-03193.jpg,0,d - 92.jpg,d,train-03505.jpg,0,,train-03115.jpg,0,d - 52.jpg,d,train-13368.jpg,1,,train-03038.jpg,0,d - 13.jpg,d,train-23460.jpg,2,,train-02961.jpg,0,d - 71.jpg,d,train-33480.jpg,3,,train-02884.jpg,0,d - 31.jpg,d,train-43505.jpg,4,,train-02806.jpg,0,d - 8o.jpg,d,train-53587.jpg,5,,train-02729.jpg,0,d - 4o.jpg,d,train-63527.jpg,6,,train-02651.jpg,0,d - 108o.jpg,d,train-73464.jpg,7,,train-02574.jpg,0,d - 68.jpg,d,train-83512.jpg,8,,train-02497.jpg,0,d - 29.jpg,d,train-93481.jpg,9,
train-03194.jpg,0,d - 92o.jpg,d,train-03506.jpg,0,,train-03116.jpg,0,d - 52o.jpg,d,train-13369.jpg,1,,train-03039.jpg,0,d - 13o.jpg,d,train-23461.jpg,2,,train-02962.jpg,0,d - 71o.jpg,d,train-33481.jpg,3,,train-02885.jpg,0,d - 31o.jpg,d,train-43506.jpg,4,,train-02807.jpg,0,d - 9.jpg,d,train-53588.jpg,5,,train-0273.jpg,0,d - 5.jpg,d,train-63528.jpg,6,,train-02652.jpg,0,d - 10o.jpg,d,train-73465.jpg,7,,train-02575.jpg,0,d - 68o.jpg,d,train-83513.jpg,8,,train-02498.jpg,0,d - 29o.jpg,d,train-93482.jpg,9,
train-03195.jpg,0,d - 93.jpg,d,train-03507.jpg,0,,train-03117.jpg,0,d - 53.jpg,d,train-1337.jpg,1,,train-0304.jpg,0,d - 14.jpg,d,train-23462.jpg,2,,train-02963.jpg,0,d - 72.jpg,d,train-33482.jpg,3,,train-02886.jpg,0,d - 32.jpg,d,train-43507.jpg,4,,train-02808.jpg,0,d - 90.jpg,d,train-53589.jpg,5,,train-02730.jpg,0,d - 50.jpg,d,train-63529.jpg,6,,train-02653.jpg,0,d - 11.jpg,d,train-73466.jpg,7,,train-02576.jpg,0,d - 6o.jpg,d,train-83514.jpg,8,,train-02499.jpg,0,d - 2o.jpg,d,train-93483.jpg,9,
train-03196.jpg,0,d - 93o.jpg,d,train-03508.jpg,0,,train-03118.jpg,0,d - 53o.jpg,d,train-13370.jpg,1,,train-03040.jpg,0,d - 14o.jpg,d,train-23463.jpg,2,,train-02964.jpg,0,d - 72o.jpg,d,train-33483.jpg,3,,train-02887.jpg,0,d - 32o.jpg,d,train-43508.jpg,4,,train-02809.jpg,0,d - 90o.jpg,d,train-5359.jpg,5,,train-02731.jpg,0,d - 50o.jpg,d,train-6353.jpg,6,,train-02654.jpg,0,d - 11o.jpg,d,train-73467.jpg,7,,train-02577.jpg,0,d - 7.jpg,d,train-83515.jpg,8,,train-025.jpg,0,d - 3.jpg,d,train-93484.jpg,9,
train-03197.jpg,0,d - 94.jpg,d,train-03509.jpg,0,,train-03119.jpg,0,d - 54.jpg,d,train-13371.jpg,1,,train-03041.jpg,0,d - 15.jpg,d,train-23464.jpg,2,,train-02965.jpg,0,d - 73.jpg,d,train-33484.jpg,3,,train-02888.jpg,0,d - 33.jpg,d,train-43509.jpg,4,,train-0281.jpg,0,d - 91.jpg,d,train-53590.jpg,5,,train-02732.jpg,0,d - 51.jpg,d,train-63530.jpg,6,,train-02655.jpg,0,d - 12.jpg,d,train-73468.jpg,7,,train-02578.jpg,0,d - 70.jpg,d,train-83516.jpg,8,,train-0250.jpg,0,d - 30.jpg,d,train-93485.jpg,9,
train-03198.jpg,0,d - 94o.jpg,d,train-0351.jpg,0,,train-0312.jpg,0,d - 54o.jpg,d,train-13372.jpg,1,,train-03042.jpg,0,d - 15o.jpg,d,train-23465.jpg,2,,train-02966.jpg,0,d - 73o.jpg,d,train-33485.jpg,3,,train-02889.jpg,0,d - 33o.jpg,d,train-4351.jpg,4,,train-02810.jpg,0,d - 91o.jpg,d,train-53591.jpg,5,,train-02733.jpg,0,d - 51o.jpg,d,train-63531.jpg,6,,train-02656.jpg,0,d - 12o.jpg,d,train-73469.jpg,7,,train-02579.jpg,0,d - 70o.jpg,d,train-83517.jpg,8,,train-02500.jpg,0,d - 30o.jpg,d,train-93486.jpg,9,
train-03199.jpg,0,d - 95.jpg,d,train-03510.jpg,0,,train-03120.jpg,0,d - 55.jpg,d,train-13373.jpg,1,,train-03043.jpg,0,d - 16.jpg,d,train-23466.jpg,2,,train-02967.jpg,0,d - 74.jpg,d,train-33486.jpg,3,,train-0289.jpg,0,d - 34.jpg,d,train-43510.jpg,4,,train-02811.jpg,0,d - 92.jpg,d,train-53592.jpg,5,,train-02734.jpg,0,d - 52.jpg,d,train-63532.jpg,6,,train-02657.jpg,0,d - 13.jpg,d,train-7347.jpg,7,,train-0258.jpg,0,d - 71.jpg,d,train-83518.jpg,8,,train-02501.jpg,0,d - 31.jpg,d,train-93487.jpg,9,
train-032.jpg,0,d - 95o.jpg,d,train-03511.jpg,0,,train-03121.jpg,0,d - 55o.jpg,d,train-13374.jpg,1,,train-03044.jpg,0,d - 16o.jpg,d,train-23467.jpg,2,,train-02968.jpg,0,d - 74o.jpg,d,train-33487.jpg,3,,train-02890.jpg,0,d - 34o.jpg,d,train-43511.jpg,4,,train-02812.jpg,0,d - 92o.jpg,d,train-53593.jpg,5,,train-02735.jpg,0,d - 52o.jpg,d,train-63533.jpg,6,,train-02658.jpg,0,d - 13o.jpg,d,train-73470.jpg,7,,train-02580.jpg,0,d - 71o.jpg,d,train-83519.jpg,8,,train-02502.jpg,0,d - 31o.jpg,d,train-93488.jpg,9,
train-0320.jpg,0,d - 96.jpg,d,train-03512.jpg,0,,train-03122.jpg,0,d - 56.jpg,d,train-13375.jpg,1,,train-03045.jpg,0,d - 17.jpg,d,train-23468.jpg,2,,train-02969.jpg,0,d - 75.jpg,d,train-33488.jpg,3,,train-02891.jpg,0,d - 35.jpg,d,train-43512.jpg,4,,train-02813.jpg,0,d - 93.jpg,d,train-53594.jpg,5,,train-02736.jpg,0,d - 53.jpg,d,train-63534.jpg,6,,train-02659.jpg,0,d - 14.jpg,d,train-73471.jpg,7,,train-02581.jpg,0,d - 72.jpg,d,train-8352.jpg,8,,train-02503.jpg,0,d - 32.jpg,d,train-93489.jpg,9,
train-03200.jpg,0,d - 96o.jpg,d,train-03513.jpg,0,,train-03123.jpg,0,d - 56o.jpg,d,train-13376.jpg,1,,train-03046.jpg,0,d - 17o.jpg,d,train-23469.jpg,2,,train-0297.jpg,0,d - 75o.jpg,d,train-33489.jpg,3,,train-02892.jpg,0,d - 35o.jpg,d,train-43513.jpg,4,,train-02814.jpg,0,d - 93o.jpg,d,train-53595.jpg,5,,train-02737.jpg,0,d - 53o.jpg,d,train-63535.jpg,6,,train-0266.jpg,0,d - 14o.jpg,d,train-73472.jpg,7,,train-02582.jpg,0,d - 72o.jpg,d,train-83520.jpg,8,,train-02504.jpg,0,d - 32o.jpg,d,train-9349.jpg,9,
train-03201.jpg,0,d - 97.jpg,d,train-03514.jpg,0,,train-03124.jpg,0,d - 57.jpg,d,train-13377.jpg,1,,train-03047.jpg,0,d - 18.jpg,d,train-2347.jpg,2,,train-02970.jpg,0,d - 76.jpg,d,train-3349.jpg,3,,train-02893.jpg,0,d - 36.jpg,d,train-43514.jpg,4,,train-02815.jpg,0,d - 94.jpg,d,train-53596.jpg,5,,train-02738.jpg,0,d - 54.jpg,d,train-63536.jpg,6,,train-02660.jpg,0,d - 15.jpg,d,train-73473.jpg,7,,train-02583.jpg,0,d - 73.jpg,d,train-83521.jpg,8,,train-02505.jpg,0,d - 33.jpg,d,train-93490.jpg,9,
train-03202.jpg,0,d - 97o.jpg,d,train-03515.jpg,0,,train-03125.jpg,0,d - 57o.jpg,d,train-13378.jpg,1,,train-03048.jpg,0,d - 18o.jpg,d,train-23470.jpg,2,,train-02971.jpg,0,d - 76o.jpg,d,train-33490.jpg,3,,train-02894.jpg,0,d - 36o.jpg,d,train-43515.jpg,4,,train-02816.jpg,0,d - 94o.jpg,d,train-53597.jpg,5,,train-02739.jpg,0,d - 54o.jpg,d,train-63537.jpg,6,,train-02661.jpg,0,d - 15o.jpg,d,train-73474.jpg,7,,train-02584.jpg,0,d - 73o.jpg,d,train-83522.jpg,8,,train-02506.jpg,0,d - 33o.jpg,d,train-93491.jpg,9,
train-03203.jpg,0,d - 98.jpg,d,train-03516.jpg,0,,train-03126.jpg,0,d - 58.jpg,d,train-13379.jpg,1,,train-03049.jpg,0,d - 19.jpg,d,train-23471.jpg,2,,train-02972.jpg,0,d - 77.jpg,d,train-33491.jpg,3,,train-02895.jpg,0,d - 37.jpg,d,train-43516.jpg,4,,train-02817.jpg,0,d - 95.jpg,d,train-53598.jpg,5,,train-0274.jpg,0,d - 55.jpg,d,train-63538.jpg,6,,train-02662.jpg,0,d - 16.jpg,d,train-73475.jpg,7,,train-02585.jpg,0,d - 74.jpg,d,train-83523.jpg,8,,train-02507.jpg,0,d - 34.jpg,d,train-93492.jpg,9,
train-03204.jpg,0,d - 98o.jpg,d,train-03517.jpg,0,,train-03127.jpg,0,d - 58o.jpg,d,train-1338.jpg,1,,train-0305.jpg,0,d - 19o.jpg,d,train-23472.jpg,2,,train-02973.jpg,0,d - 77o.jpg,d,train-33492.jpg,3,,train-02896.jpg,0,d - 37o.jpg,d,train-43517.jpg,4,,train-02818.jpg,0,d - 95o.jpg,d,train-53599.jpg,5,,train-02740.jpg,0,d - 55o.jpg,d,train-63539.jpg,6,,train-02663.jpg,0,d - 16o.jpg,d,train-73476.jpg,7,,train-02586.jpg,0,d - 74o.jpg,d,train-83524.jpg,8,,train-02508.jpg,0,d - 34o.jpg,d,train-93493.jpg,9,
train-03205.jpg,0,d - 99.jpg,d,train-03518.jpg,0,,train-03128.jpg,0,d - 59.jpg,d,train-13380.jpg,1,,train-03050.jpg,0,d - 1o.jpg,d,train-23473.jpg,2,,train-02974.jpg,0,d - 78.jpg,d,train-33493.jpg,3,,train-02897.jpg,0,d - 38.jpg,d,train-43518.jpg,4,,train-02819.jpg,0,d - 96.jpg,d,train-536.jpg,5,,train-02741.jpg,0,d - 56.jpg,d,train-6354.jpg,6,,train-02664.jpg,0,d - 17.jpg,d,train-73477.jpg,7,,train-02587.jpg,0,d - 75.jpg,d,train-83525.jpg,8,,train-02509.jpg,0,d - 35.jpg,d,train-93494.jpg,9,
train-03206.jpg,0,d - 99o.jpg,d,train-03519.jpg,0,,train-03129.jpg,0,d - 59o.jpg,d,train-13381.jpg,1,,train-03051.jpg,0,d - 2.jpg,d,train-23474.jpg,2,,train-02975.jpg,0,d - 78o.jpg,d,train-33494.jpg,3,,train-02898.jpg,0,d - 38o.jpg,d,train-43519.jpg,4,,train-0282.jpg,0,d - 96o.jpg,d,train-5360.jpg,5,,train-02742.jpg,0,d - 56o.jpg,d,train-63540.jpg,6,,train-02665.jpg,0,d - 17o.jpg,d,train-73478.jpg,7,,train-02588.jpg,0,d - 75o.jpg,d,train-83526.jpg,8,,train-0251.jpg,0,d - 35o.jpg,d,train-93495.jpg,9,
train-03207.jpg,0,d - 9o.jpg,d,train-0352.jpg,0,,train-0313.jpg,0,d - 5o.jpg,d,train-13382.jpg,1,,train-03052.jpg,0,d - 20.jpg,d,train-23475.jpg,2,,train-02976.jpg,0,d - 79.jpg,d,train-33495.jpg,3,,train-02899.jpg,0,d - 39.jpg,d,train-4352.jpg,4,,train-02820.jpg,0,d - 97.jpg,d,train-53600.jpg,5,,train-02743.jpg,0,d - 57.jpg,d,train-63541.jpg,6,,train-02666.jpg,0,d - 18.jpg,d,train-73479.jpg,7,,train-02589.jpg,0,d - 76.jpg,d,train-83527.jpg,8,,train-02510.jpg,0,d - 36.jpg,d,train-93496.jpg,9,
train-03208.jpg,0,d - 1.jpg,d,train-03520.jpg,0,,train-03130.jpg,0,d - 6.jpg,d,train-13383.jpg,1,,train-03053.jpg,0,d - 20o.jpg,d,train-23476.jpg,2,,train-02977.jpg,0,d - 79o.jpg,d,train-33496.jpg,3,,train-029.jpg,0,d - 39o.jpg,d,train-43520.jpg,4,,train-02821.jpg,0,d - 97o.jpg,d,train-53601.jpg,5,,train-02744.jpg,0,d - 57o.jpg,d,train-63542.jpg,6,,train-02667.jpg,0,d - 18o.jpg,d,train-7348.jpg,7,,train-0259.jpg,0,d - 76o.jpg,d,train-83528.jpg,8,,train-02511.jpg,0,d - 36o.jpg,d,train-93497.jpg,9,
train-03209.jpg,0,d - 10.jpg,d,train-03521.jpg,0,,train-03131.jpg,0,d - 60.jpg,d,train-13384.jpg,1,,train-03054.jpg,0,d - 21.jpg,d,train-23477.jpg,2,,train-02978.jpg,0,d - 7o.jpg,d,train-33497.jpg,3,,train-0290.jpg,0,d - 3o.jpg,d,train-43521.jpg,4,,train-02822.jpg,0,d - 98.jpg,d,train-53602.jpg,5,,train-02745.jpg,0,d - 58.jpg,d,train-63543.jpg,6,,train-02668.jpg,0,d - 19.jpg,d,train-73480.jpg,7,,train-02590.jpg,0,d - 77.jpg,d,train-83529.jpg,8,,train-02512.jpg,0,d - 37.jpg,d,train-93498.jpg,9,
train-0321.jpg,0,d - 100.jpg,d,train-03522.jpg,0,,train-03132.jpg,0,d - 60o.jpg,d,train-13385.jpg,1,,train-03055.jpg,0,d - 21o.jpg,d,train-23478.jpg,2,,train-02979.jpg,0,d - 8.jpg,d,train-33498.jpg,3,,train-02900.jpg,0,d - 4.jpg,d,train-43522.jpg,4,,train-02823.jpg,0,d - 98o.jpg,d,train-53603.jpg,5,,train-02746.jpg,0,d - 58o.jpg,d,train-63544.jpg,6,,train-02669.jpg,0,d - 19o.jpg,d,train-73481.jpg,7,,train-02591.jpg,0,d - 77o.jpg,d,train-8353.jpg,8,,train-02513.jpg,0,d - 37o.jpg,d,train-93499.jpg,9,
train-03210.jpg,0,d - 100o.jpg,d,train-03523.jpg,0,,train-03133.jpg,0,d - 61.jpg,d,train-13386.jpg,1,,train-03056.jpg,0,d - 22.jpg,d,train-23479.jpg,2,,train-0298.jpg,0,d - 80.jpg,d,train-33499.jpg,3,,train-02901.jpg,0,d - 40.jpg,d,train-43523.jpg,4,,train-02824.jpg,0,d - 99.jpg,d,train-53604.jpg,5,,train-02747.jpg,0,d - 59.jpg,d,train-63545.jpg,6,,train-0267.jpg,0,d - 1o.jpg,d,train-73482.jpg,7,,train-02592.jpg,0,d - 78.jpg,d,train-83530.jpg,8,,train-02514.jpg,0,d - 38.jpg,d,train-935.jpg,9,
train-03211.jpg,0,d - 101.jpg,d,train-03524.jpg,0,,train-03134.jpg,0,d - 61o.jpg,d,train-13387.jpg,1,,train-03057.jpg,0,d - 22o.jpg,d,train-2348.jpg,2,,train-02980.jpg,0,d - 80o.jpg,d,train-335.jpg,3,,train-02902.jpg,0,d - 40o.jpg,d,train-43524.jpg,4,,train-02825.jpg,0,d - 99o.jpg,d,train-53605.jpg,5,,train-02748.jpg,0,d - 59o.jpg,d,train-63546.jpg,6,,train-02670.jpg,0,d - 2.jpg,d,train-73483.jpg,7,,train-02593.jpg,0,d - 78o.jpg,d,train-83531.jpg,8,,train-02515.jpg,0,d - 38o.jpg,d,train-9350.jpg,9,
train-03212.jpg,0,d - 101o.jpg,d,train-03525.jpg,0,,train-03135.jpg,0,d - 62.jpg,d,train-13388.jpg,1,,train-03058.jpg,0,d - 23.jpg,d,train-23480.jpg,2,,train-02981.jpg,0,d - 81.jpg,d,train-3350.jpg,3,,train-02903.jpg,0,d - 41.jpg,d,train-43525.jpg,4,,train-02826.jpg,0,d - 9o.jpg,d,train-53606.jpg,5,,train-02749.jpg,0,d - 5o.jpg,d,train-63547.jpg,6,,train-02671.jpg,0,d - 20.jpg,d,train-73484.jpg,7,,train-02594.jpg,0,d - 79.jpg,d,train-83532.jpg,8,,train-02516.jpg,0,d - 39.jpg,d,train-93500.jpg,9,
train-03213.jpg,0,d - 102.jpg,d,train-03526.jpg,0,,train-03136.jpg,0,d - 62o.jpg,d,train-13389.jpg,1,,train-03059.jpg,0,d - 23o.jpg,d,train-23481.jpg,2,,train-02982.jpg,0,d - 81o.jpg,d,train-33500.jpg,3,,train-02904.jpg,0,d - 41o.jpg,d,train-43526.jpg,4,,train-02827.jpg,0,d - 1.jpg,d,train-53607.jpg,5,,train-0275.jpg,0,d - 6.jpg,d,train-63548.jpg,6,,train-02672.jpg,0,d - 20o.jpg,d,train-73485.jpg,7,,train-02595.jpg,0,d - 79o.jpg,d,train-83533.jpg,8,,train-02517.jpg,0,d - 39o.jpg,d,train-93501.jpg,9,
train-03214.jpg,0,d - 102o.jpg,d,train-03527.jpg,0,,train-03137.jpg,0,d - 63.jpg,d,train-1339.jpg,1,,train-0306.jpg,0,d - 24.jpg,d,train-23482.jpg,2,,train-02983.jpg,0,d - 82.jpg,d,train-33501.jpg,3,,train-02905.jpg,0,d - 42.jpg,d,train-43527.jpg,4,,train-02828.jpg,0,d - 10.jpg,d,train-53608.jpg,5,,train-02750.jpg,0,d - 60.jpg,d,train-63549.jpg,6,,train-02673.jpg,0,d - 21.jpg,d,train-73486.jpg,7,,train-02596.jpg,0,d - 7o.jpg,d,train-83534.jpg,8,,train-02518.jpg,0,d - 3o.jpg,d,train-93502.jpg,9,
train-03215.jpg,0,d - 103.jpg,d,train-03528.jpg,0,,train-03138.jpg,0,d - 63o.jpg,d,train-13390.jpg,1,,train-03060.jpg,0,d - 24o.jpg,d,train-23483.jpg,2,,train-02984.jpg,0,d - 82o.jpg,d,train-33502.jpg,3,,train-02906.jpg,0,d - 42o.jpg,d,train-43528.jpg,4,,train-02829.jpg,0,d - 100.jpg,d,train-53609.jpg,5,,train-02751.jpg,0,d - 60o.jpg,d,train-6355.jpg,6,,train-02674.jpg,0,d - 21o.jpg,d,train-73487.jpg,7,,train-02597.jpg,0,d - 8.jpg,d,train-83535.jpg,8,,train-02519.jpg,0,d - 4.jpg,d,train-93503.jpg,9,
train-03216.jpg,0,d - 103o.jpg,d,train-03529.jpg,0,,train-03139.jpg,0,d - 64.jpg,d,train-13391.jpg,1,,train-03061.jpg,0,d - 25.jpg,d,train-23484.jpg,2,,train-02985.jpg,0,d - 83.jpg,d,train-33503.jpg,3,,train-02907.jpg,0,d - 43.jpg,d,train-43529.jpg,4,,train-0283.jpg,0,d - 100o.jpg,d,train-5361.jpg,5,,train-02752.jpg,0,d - 61.jpg,d,train-63550.jpg,6,,train-02675.jpg,0,d - 22.jpg,d,train-73488.jpg,7,,train-02598.jpg,0,d - 80.jpg,d,train-83536.jpg,8,,train-0252.jpg,0,d - 40.jpg,d,train-93504.jpg,9,
train-03217.jpg,0,d - 104.jpg,d,train-0353.jpg,0,,train-0314.jpg,0,d - 64o.jpg,d,train-13392.jpg,1,,train-03062.jpg,0,d - 25o.jpg,d,train-23485.jpg,2,,train-02986.jpg,0,d - 83o.jpg,d,train-33504.jpg,3,,train-02908.jpg,0,d - 43o.jpg,d,train-4353.jpg,4,,train-02830.jpg,0,d - 101.jpg,d,train-53610.jpg,5,,train-02753.jpg,0,d - 61o.jpg,d,train-63551.jpg,6,,train-02676.jpg,0,d - 22o.jpg,d,train-73489.jpg,7,,train-02599.jpg,0,d - 80o.jpg,d,train-83537.jpg,8,,train-02520.jpg,0,d - 40o.jpg,d,train-93505.jpg,9,
train-03218.jpg,0,d - 104o.jpg,d,train-03530.jpg,0,,train-03140.jpg,0,d - 65.jpg,d,train-13393.jpg,1,,train-03063.jpg,0,d - 26.jpg,d,train-23486.jpg,2,,train-02987.jpg,0,d - 84.jpg,d,train-33505.jpg,3,,train-02909.jpg,0,d - 44.jpg,d,train-43530.jpg,4,,train-02831.jpg,0,d - 101o.jpg,d,train-53611.jpg,5,,train-02754.jpg,0,d - 62.jpg,d,train-63552.jpg,6,,train-02677.jpg,0,d - 23.jpg,d,train-7349.jpg,7,,train-026.jpg,0,d - 81.jpg,d,train-83538.jpg,8,,train-02521.jpg,0,d - 41.jpg,d,train-93506.jpg,9,