test-4875.jpg,4,- - 1.jpg,-,train-0940.jpg,0,,test-4952.jpg,4,- - 35h.jpg,-,train-14625.jpg,1,,train-41044.jpg,4,- - 61.jpg,-,validation-2263.jpg,2,,train-41359.jpg,4,- - 76h.jpg,-,train-34865.jpg,3,,train-41199.jpg,4,- - 22.jpg,-,train-44441.jpg,4,,train-41512.jpg,4,- - 37h.jpg,-,train-54077.jpg,5,,train-41121.jpg,4,- - 87v.jpg,-,train-64368.jpg,6,,train-41436.jpg,4,- - 11.jpg,-,validation-7473.jpg,7,,train-41276.jpg,4,- - 48v.jpg,-,train-84418.jpg,8,,train-41590.jpg,4,- - 63.jpg,-,train-94351.jpg,9,
test-4876.jpg,4,- - 10.jpg,-,train-0941.jpg,0,,test-4953.jpg,4,- - 35v.jpg,-,train-14626.jpg,1,,train-41045.jpg,4,- - 61h.jpg,-,validation-2264.jpg,2,,train-4136.jpg,4,- - 76v.jpg,-,train-34866.jpg,3,,train-412.jpg,4,- - 22h.jpg,-,train-44442.jpg,4,,train-41513.jpg,4,- - 37v.jpg,-,train-54078.jpg,5,,train-41122.jpg,4,- - 88.jpg,-,train-64369.jpg,6,,train-41437.jpg,4,- - 11h.jpg,-,validation-7474.jpg,7,,train-41277.jpg,4,- - 49.jpg,-,train-84419.jpg,8,,train-41591.jpg,4,- - 63h.jpg,-,train-94352.jpg,9,
test-4877.jpg,4,- - 100.jpg,-,train-0942.jpg,0,,test-4954.jpg,4,- - 36.jpg,-,train-14627.jpg,1,,train-41046.jpg,4,- - 61v.jpg,-,validation-2265.jpg,2,,train-41360.jpg,4,- - 77.jpg,-,train-34867.jpg,3,,train-4120.jpg,4,- - 22v.jpg,-,train-44443.jpg,4,,train-41514.jpg,4,- - 38.jpg,-,train-54079.jpg,5,,train-41123.jpg,4,- - 88h.jpg,-,train-6437.jpg,6,,train-41438.jpg,4,- - 11v.jpg,-,validation-7475.jpg,7,,train-41278.jpg,4,- - 49h.jpg,-,train-8442.jpg,8,,train-41592.jpg,4,- - 63v.jpg,-,train-94353.jpg,9,
test-4878.jpg,4,- - 100h.jpg,-,train-0943.jpg,0,,test-4955.jpg,4,- - 36h.jpg,-,train-14628.jpg,1,,train-41047.jpg,4,- - 62.jpg,-,validation-2266.jpg,2,,train-41361.jpg,4,- - 77h.jpg,-,train-34868.jpg,3,,train-41200.jpg,4,- - 23.jpg,-,train-44444.jpg,4,,train-41515.jpg,4,- - 38h.jpg,-,train-5408.jpg,5,,train-41124.jpg,4,- - 88v.jpg,-,train-64370.jpg,6,,train-41439.jpg,4,- - 12.jpg,-,validation-7476.jpg,7,,train-41279.jpg,4,- - 49v.jpg,-,train-84420.jpg,8,,train-41593.jpg,4,- - 64.jpg,-,train-94354.jpg,9,
test-4879.jpg,4,- - 100v.jpg,-,train-0944.jpg,0,,test-4956.jpg,4,- - 36v.jpg,-,train-14629.jpg,1,,train-41048.jpg,4,- - 62h.jpg,-,validation-2267.jpg,2,,train-41362.jpg,4,- - 77v.jpg,-,train-34869.jpg,3,,train-41201.jpg,4,- - 23h.jpg,-,train-44445.jpg,4,,train-41516.jpg,4,- - 38v.jpg,-,train-54080.jpg,5,,train-41125.jpg,4,- - 89.jpg,-,train-64371.jpg,6,,train-4144.jpg,4,- - 12h.jpg,-,validation-7477.jpg,7,,train-4128.jpg,4,- - 4h.jpg,-,train-84421.jpg,8,,train-41594.jpg,4,- - 64h.jpg,-,train-94355.jpg,9,
test-488.jpg,4,- - 10h.jpg,-,train-0945.jpg,0,,test-4957.jpg,4,- - 37.jpg,-,train-1463.jpg,1,,train-41049.jpg,4,- - 62v.jpg,-,validation-2268.jpg,2,,train-41363.jpg,4,- - 78.jpg,-,train-3487.jpg,3,,train-41202.jpg,4,- - 23v.jpg,-,train-44446.jpg,4,,train-41517.jpg,4,- - 39.jpg,-,train-54081.jpg,5,,train-41126.jpg,4,- - 89h.jpg,-,train-64372.jpg,6,,train-41440.jpg,4,- - 12v.jpg,-,validation-7478.jpg,7,,train-41280.jpg,4,- - 4v.jpg,-,train-84422.jpg,8,,train-41595.jpg,4,- - 64v.jpg,-,train-94356.jpg,9,
test-4880.jpg,4,- - 10v.jpg,-,train-0946.jpg,0,,test-4958.jpg,4,- - 37h.jpg,-,train-14630.jpg,1,,train-4105.jpg,4,- - 63.jpg,-,validation-2269.jpg,2,,train-41364.jpg,4,- - 78h.jpg,-,train-34870.jpg,3,,train-41203.jpg,4,- - 24.jpg,-,train-44447.jpg,4,,train-41518.jpg,4,- - 39h.jpg,-,train-54082.jpg,5,,train-41127.jpg,4,- - 89v.jpg,-,train-64373.jpg,6,,train-41441.jpg,4,- - 13.jpg,-,validation-7479.jpg,7,,train-41281.jpg,4,- - 5.jpg,-,train-84423.jpg,8,,train-41596.jpg,4,- - 65.jpg,-,train-94357.jpg,9,
test-4881.jpg,4,- - 11.jpg,-,train-0947.jpg,0,,test-4959.jpg,4,- - 37v.jpg,-,train-14631.jpg,1,,train-41050.jpg,4,- - 63h.jpg,-,validation-227.jpg,2,,train-41365.jpg,4,- - 78v.jpg,-,train-34871.jpg,3,,train-41204.jpg,4,- - 24h.jpg,-,train-44448.jpg,4,,train-41519.jpg,4,- - 39v.jpg,-,train-54083.jpg,5,,train-41128.jpg,4,- - 8h.jpg,-,train-64374.jpg,6,,train-41442.jpg,4,- - 13h.jpg,-,validation-748.jpg,7,,train-41282.jpg,4,- - 50.jpg,-,train-84424.jpg,8,,train-41597.jpg,4,- - 65h.jpg,-,train-94358.jpg,9,
test-4882.jpg,4,- - 11h.jpg,-,train-0948.jpg,0,,test-496.jpg,4,- - 38.jpg,-,train-14632.jpg,1,,train-41051.jpg,4,- - 63v.jpg,-,validation-2270.jpg,2,,train-41366.jpg,4,- - 79.jpg,-,train-34872.jpg,3,,train-41205.jpg,4,- - 24v.jpg,-,train-44449.jpg,4,,train-4152.jpg,4,- - 3h.jpg,-,train-54084.jpg,5,,train-41129.jpg,4,- - 8v.jpg,-,train-64375.jpg,6,,train-41443.jpg,4,- - 13v.jpg,-,validation-7480.jpg,7,,train-41283.jpg,4,- - 50h.jpg,-,train-84425.jpg,8,,train-41598.jpg,4,- - 65v.jpg,-,train-94359.jpg,9,
test-4883.jpg,4,- - 11v.jpg,-,train-0949.jpg,0,,test-4960.jpg,4,- - 38h.jpg,-,train-14633.jpg,1,,train-41052.jpg,4,- - 64.jpg,-,validation-2271.jpg,2,,train-41367.jpg,4,- - 79h.jpg,-,train-34873.jpg,3,,train-41206.jpg,4,- - 25.jpg,-,train-4445.jpg,4,,train-41520.jpg,4,- - 3v.jpg,-,train-54085.jpg,5,,train-4113.jpg,4,- - 9.jpg,-,train-64376.jpg,6,,train-41444.jpg,4,- - 14.jpg,-,validation-7481.jpg,7,,train-41284.jpg,4,- - 50v.jpg,-,train-84426.jpg,8,,train-41599.jpg,4,- - 66.jpg,-,train-9436.jpg,9,
test-4884.jpg,4,- - 12.jpg,-,train-095.jpg,0,,test-4961.jpg,4,- - 38v.jpg,-,train-14634.jpg,1,,train-41053.jpg,4,- - 64h.jpg,-,validation-2272.jpg,2,,train-41368.jpg,4,- - 79v.jpg,-,train-34874.jpg,3,,train-41207.jpg,4,- - 25h.jpg,-,train-44450.jpg,4,,train-41521.jpg,4,- - 4.jpg,-,train-54086.jpg,5,,train-41130.jpg,4,- - 90.jpg,-,train-64377.jpg,6,,train-41445.jpg,4,- - 14h.jpg,-,validation-7482.jpg,7,,train-41285.jpg,4,- - 51.jpg,-,train-84427.jpg,8,,train-416.jpg,4,- - 66h.jpg,-,train-94360.jpg,9,
test-4885.jpg,4,- - 12h.jpg,-,train-0950.jpg,0,,test-4962.jpg,4,- - 39.jpg,-,train-14635.jpg,1,,train-41054.jpg,4,- - 64v.jpg,-,validation-2273.jpg,2,,train-41369.jpg,4,- - 7h.jpg,-,train-34875.jpg,3,,train-41208.jpg,4,- - 25v.jpg,-,train-44451.jpg,4,,train-41522.jpg,4,- - 40.jpg,-,train-54087.jpg,5,,train-41131.jpg,4,- - 90h.jpg,-,train-64378.jpg,6,,train-41446.jpg,4,- - 14v.jpg,-,validation-7483.jpg,7,,train-41286.jpg,4,- - 51h.jpg,-,train-84428.jpg,8,,train-4160.jpg,4,- - 66v.jpg,-,train-94361.jpg,9,
test-4886.jpg,4,- - 12v.jpg,-,train-0951.jpg,0,,test-4963.jpg,4,- - 39h.jpg,-,train-14636.jpg,1,,train-41055.jpg,4,- - 65.jpg,-,validation-2274.jpg,2,,train-4137.jpg,4,- - 7v.jpg,-,train-34876.jpg,3,,train-41209.jpg,4,- - 26.jpg,-,train-44452.jpg,4,,train-41523.jpg,4,- - 40h.jpg,-,train-54088.jpg,5,,train-41132.jpg,4,- - 90v.jpg,-,train-64379.jpg,6,,train-41447.jpg,4,- - 15.jpg,-,validation-7484.jpg,7,,train-41287.jpg,4,- - 51v.jpg,-,train-84429.jpg,8,,train-41600.jpg,4,- - 67.jpg,-,train-94362.jpg,9,
test-4887.jpg,4,- - 13.jpg,-,train-0952.jpg,0,,test-4964.jpg,4,- - 39v.jpg,-,train-14637.jpg,1,,train-41056.jpg,4,- - 65h.jpg,-,validation-2275.jpg,2,,train-41370.jpg,4,- - 8.jpg,-,train-34877.jpg,3,,train-4121.jpg,4,- - 26h.jpg,-,train-44453.jpg,4,,train-41524.jpg,4,- - 40v.jpg,-,train-54089.jpg,5,,train-41133.jpg,4,- - 91.jpg,-,train-6438.jpg,6,,train-41448.jpg,4,- - 15h.jpg,-,validation-7485.jpg,7,,train-41288.jpg,4,- - 52.jpg,-,train-8443.jpg,8,,train-41601.jpg,4,- - 67h.jpg,-,train-94363.jpg,9,
test-4888.jpg,4,- - 13h.jpg,-,train-0953.jpg,0,,test-4965.jpg,4,- - 3h.jpg,-,train-14638.jpg,1,,train-41057.jpg,4,- - 65v.jpg,-,validation-2276.jpg,2,,train-41371.jpg,4,- - 80.jpg,-,train-34878.jpg,3,,train-41210.jpg,4,- - 26v.jpg,-,train-44454.jpg,4,,train-41525.jpg,4,- - 41.jpg,-,train-5409.jpg,5,,train-41134.jpg,4,- - 91h.jpg,-,train-64380.jpg,6,,train-41449.jpg,4,- - 15v.jpg,-,validation-7486.jpg,7,,train-41289.jpg,4,- - 52h.jpg,-,train-84430.jpg,8,,train-41602.jpg,4,- - 67v.jpg,-,train-94364.jpg,9,
test-4889.jpg,4,- - 13v.jpg,-,train-0954.jpg,0,,test-4966.jpg,4,- - 3v.jpg,-,train-14639.jpg,1,,train-41058.jpg,4,- - 66.jpg,-,validation-2277.jpg,2,,train-41372.jpg,4,- - 80h.jpg,-,train-34879.jpg,3,,train-41211.jpg,4,- - 27.jpg,-,train-44455.jpg,4,,train-41526.jpg,4,- - 41h.jpg,-,train-54090.jpg,5,,train-41135.jpg,4,- - 91v.jpg,-,train-64381.jpg,6,,train-4145.jpg,4,- - 16.jpg,-,validation-7487.jpg,7,,train-4129.jpg,4,- - 52v.jpg,-,train-84431.jpg,8,,train-41603.jpg,4,- - 68.jpg,-,train-94365.jpg,9,
test-489.jpg,4,- - 14.jpg,-,train-0955.jpg,0,,test-4967.jpg,4,- - 4.jpg,-,train-1464.jpg,1,,train-41059.jpg,4,- - 66h.jpg,-,validation-2278.jpg,2,,train-41373.jpg,4,- - 80v.jpg,-,train-3488.jpg,3,,train-41212.jpg,4,- - 27h.jpg,-,train-44456.jpg,4,,train-41527.jpg,4,- - 41v.jpg,-,train-54091.jpg,5,,train-41136.jpg,4,- - 92.jpg,-,train-64382.jpg,6,,train-41450.jpg,4,- - 16h.jpg,-,validation-7488.jpg,7,,train-41290.jpg,4,- - 53.jpg,-,train-84432.jpg,8,,train-41604.jpg,4,- - 68h.jpg,-,train-94366.jpg,9,
test-4890.jpg,4,- - 14h.jpg,-,train-0956.jpg,0,,test-4968.jpg,4,- - 40.jpg,-,train-14640.jpg,1,,train-4106.jpg,4,- - 66v.jpg,-,validation-2279.jpg,2,,train-41374.jpg,4,- - 81.jpg,-,train-34880.jpg,3,,train-41213.jpg,4,- - 27v.jpg,-,train-44457.jpg,4,,train-41528.jpg,4,- - 42.jpg,-,train-54092.jpg,5,,train-41137.jpg,4,- - 92h.jpg,-,train-64383.jpg,6,,train-41451.jpg,4,- - 16v.jpg,-,validation-7489.jpg,7,,train-41291.jpg,4,- - 53h.jpg,-,train-84433.jpg,8,,train-41605.jpg,4,- - 68v.jpg,-,train-94367.jpg,9,
test-4891.jpg,4,- - 14v.jpg,-,train-0957.jpg,0,,test-4969.jpg,4,- - 40h.jpg,-,train-14641.jpg,1,,train-41060.jpg,4,- - 67.jpg,-,validation-228.jpg,2,,train-41375.jpg,4,- - 81h.jpg,-,train-34881.jpg,3,,train-41214.jpg,4,- - 28.jpg,-,train-44458.jpg,4,,train-41529.jpg,4,- - 42h.jpg,-,train-54093.jpg,5,,train-41138.jpg,4,- - 92v.jpg,-,train-64384.jpg,6,,train-41452.jpg,4,- - 17.jpg,-,validation-749.jpg,7,,train-41292.jpg,4,- - 53v.jpg,-,train-84434.jpg,8,,train-41606.jpg,4,- - 69.jpg,-,train-94368.jpg,9,
test-4892.jpg,4,- - 15.jpg,-,train-0958.jpg,0,,test-497.jpg,4,- - 40v.jpg,-,train-14642.jpg,1,,train-41061.jpg,4,- - 67h.jpg,-,validation-2280.jpg,2,,train-41376.jpg,4,- - 81v.jpg,-,train-34882.jpg,3,,train-41215.jpg,4,- - 28h.jpg,-,train-44459.jpg,4,,train-4153.jpg,4,- - 42v.jpg,-,train-54094.jpg,5,,train-41139.jpg,4,- - 93.jpg,-,train-64385.jpg,6,,train-41453.jpg,4,- - 17h.jpg,-,validation-7490.jpg,7,,train-41293.jpg,4,- - 54.jpg,-,train-84435.jpg,8,,train-41607.jpg,4,- - 69h.jpg,-,train-94369.jpg,9,
test-4893.jpg,4,- - 15h.jpg,-,train-0959.jpg,0,,test-4970.jpg,4,- - 41.jpg,-,train-14643.jpg,1,,train-41062.jpg,4,- - 67v.jpg,-,validation-2281.jpg,2,,train-41377.jpg,4,- - 82.jpg,-,train-34883.jpg,3,,train-41216.jpg,4,- - 28v.jpg,-,train-4446.jpg,4,,train-41530.jpg,4,- - 43.jpg,-,train-54095.jpg,5,,train-4114.jpg,4,- - 93h.jpg,-,train-64386.jpg,6,,train-41454.jpg,4,- - 17v.jpg,-,validation-7491.jpg,7,,train-41294.jpg,4,- - 54h.jpg,-,train-84436.jpg,8,,train-41608.jpg,4,- - 69v.jpg,-,train-9437.jpg,9,
test-4894.jpg,4,- - 15v.jpg,-,train-096.jpg,0,,test-4971.jpg,4,- - 41h.jpg,-,train-14644.jpg,1,,train-41063.jpg,4,- - 68.jpg,-,validation-2282.jpg,2,,train-41378.jpg,4,- - 82h.jpg,-,train-34884.jpg,3,,train-41217.jpg,4,- - 29.jpg,-,train-44460.jpg,4,,train-41531.jpg,4,- - 43h.jpg,-,train-54096.jpg,5,,train-41140.jpg,4,- - 93v.jpg,-,train-64387.jpg,6,,train-41455.jpg,4,- - 18.jpg,-,validation-7492.jpg,7,,train-41295.jpg,4,- - 54v.jpg,-,train-84437.jpg,8,,train-41609.jpg,4,- - 6h.jpg,-,train-94370.jpg,9,
test-4895.jpg,4,- - 16.jpg,-,train-0960.jpg,0,,test-4972.jpg,4,- - 41v.jpg,-,train-14645.jpg,1,,train-41064.jpg,4,- - 68h.jpg,-,validation-2283.jpg,2,,train-41379.jpg,4,- - 82v.jpg,-,train-34885.jpg,3,,train-41218.jpg,4,- - 29h.jpg,-,train-44461.jpg,4,,train-41532.jpg,4,- - 43v.jpg,-,train-54097.jpg,5,,train-41141.jpg,4,- - 94.jpg,-,train-64388.jpg,6,,train-41456.jpg,4,- - 18h.jpg,-,validation-7493.jpg,7,,train-41296.jpg,4,- - 55.jpg,-,train-84438.jpg,8,,train-4161.jpg,4,- - 6v.jpg,-,train-94371.jpg,9,
test-4896.jpg,4,- - 16h.jpg,-,train-0961.jpg,0,,test-4973.jpg,4,- - 42.jpg,-,train-14646.jpg,1,,train-41065.jpg,4,- - 68v.jpg,-,validation-2284.jpg,2,,train-4138.jpg,4,- - 83.jpg,-,train-34886.jpg,3,,train-41219.jpg,4,- - 29v.jpg,-,train-44462.jpg,4,,train-41533.jpg,4,- - 44.jpg,-,train-54098.jpg,5,,train-41142.jpg,4,- - 94h.jpg,-,train-64389.jpg,6,,train-41457.jpg,4,- - 18v.jpg,-,validation-7494.jpg,7,,train-41297.jpg,4,- - 55h.jpg,-,train-84439.jpg,8,,train-41610.jpg,4,- - 7.jpg,-,train-94372.jpg,9,
test-4897.jpg,4,- - 16v.jpg,-,train-0962.jpg,0,,test-4974.jpg,4,- - 42h.jpg,-,train-14647.jpg,1,,train-41066.jpg,4,- - 69.jpg,-,validation-2285.jpg,2,,train-41380.jpg,4,- - 83h.jpg,-,train-34887.jpg,3,,train-4122.jpg,4,- - 2h.jpg,-,train-44463.jpg,4,,train-41534.jpg,4,- - 44h.jpg,-,train-54099.jpg,5,,train-41143.jpg,4,- - 94v.jpg,-,train-6439.jpg,6,,train-41458.jpg,4,- - 19.jpg,-,validation-7495.jpg,7,,train-41298.jpg,4,- - 55v.jpg,-,train-8444.jpg,8,,train-41611.jpg,4,- - 70.jpg,-,train-94373.jpg,9,
test-4898.jpg,4,- - 17.jpg,-,train-0963.jpg,0,,test-4975.jpg,4,- - 42v.jpg,-,train-14648.jpg,1,,train-41067.jpg,4,- - 69h.jpg,-,validation-2286.jpg,2,,train-41381.jpg,4,- - 83v.jpg,-,train-34888.jpg,3,,train-41220.jpg,4,- - 2v.jpg,-,train-44464.jpg,4,,train-41535.jpg,4,- - 44v.jpg,-,train-541.jpg,5,,train-41144.jpg,4,- - 95.jpg,-,train-64390.jpg,6,,train-41459.jpg,4,- - 19h.jpg,-,validation-7496.jpg,7,,train-41299.jpg,4,- - 56.jpg,-,train-84440.jpg,8,,train-41612.jpg,4,- - 70h.jpg,-,train-94374.jpg,9,
test-4899.jpg,4,- - 17h.jpg,-,train-0964.jpg,0,,test-4976.jpg,4,- - 43.jpg,-,train-14649.jpg,1,,train-41068.jpg,4,- - 69v.jpg,-,validation-2287.jpg,2,,train-41382.jpg,4,- - 84.jpg,-,train-34889.jpg,3,,train-41221.jpg,4,- - 3.jpg,-,train-44465.jpg,4,,train-41536.jpg,4,- - 45.jpg,-,train-5410.jpg,5,,train-41145.jpg,4,- - 95h.jpg,-,train-64391.jpg,6,,train-4146.jpg,4,- - 19v.jpg,-,validation-7497.jpg,7,,train-413.jpg,4,- - 56h.jpg,-,train-84441.jpg,8,,train-41613.jpg,4,- - 70v.jpg,-,train-94375.jpg,9,
test-49.jpg,4,- - 17v.jpg,-,train-0965.jpg,0,,test-4977.jpg,4,- - 43h.jpg,-,train-1465.jpg,1,,train-41069.jpg,4,- - 6h.jpg,-,validation-2288.jpg,2,,train-41383.jpg,4,- - 84h.jpg,-,train-3489.jpg,3,,train-41222.jpg,4,- - 30.jpg,-,train-44466.jpg,4,,train-41537.jpg,4,- - 45h.jpg,-,train-54100.jpg,5,,train-41146.jpg,4,- - 95v.jpg,-,train-64392.jpg,6,,train-41460.jpg,4,- - 1h.jpg,-,validation-7498.jpg,7,,train-4130.jpg,4,- - 56v.jpg,-,train-84442.jpg,8,,train-41614.jpg,4,- - 71.jpg,-,train-94376.jpg,9,
test-490.jpg,4,- - 18.jpg,-,train-0966.jpg,0,,test-4978.jpg,4,- - 43v.jpg,-,train-14650.jpg,1,,train-4107.jpg,4,- - 6v.jpg,-,validation-2289.jpg,2,,train-41384.jpg,4,- - 84v.jpg,-,train-34890.jpg,3,,train-41223.jpg,4,- - 30h.jpg,-,train-44467.jpg,4,,train-41538.jpg,4,- - 45v.jpg,-,train-54101.jpg,5,,train-41147.jpg,4,- - 96.jpg,-,train-64393.jpg,6,,train-41461.jpg,4,- - 1v.jpg,-,validation-7499.jpg,7,,train-41300.jpg,4,- - 57.jpg,-,train-84443.jpg,8,,train-41615.jpg,4,- - 71h.jpg,-,train-94377.jpg,9,
test-4900.jpg,4,- - 18h.jpg,-,train-0967.jpg,0,,test-4979.jpg,4,- - 44.jpg,-,train-14651.jpg,1,,train-41070.jpg,4,- - 7.jpg,-,validation-229.jpg,2,,train-41385.jpg,4,- - 85.jpg,-,train-34891.jpg,3,,train-41224.jpg,4,- - 30v.jpg,-,train-44468.jpg,4,,train-41539.jpg,4,- - 46.jpg,-,train-54102.jpg,5,,train-41148.jpg,4,- - 96h.jpg,-,train-64394.jpg,6,,train-41462.jpg,4,- - 2.jpg,-,validation-75.jpg,7,,train-41301.jpg,4,- - 57h.jpg,-,train-84444.jpg,8,,train-41616.jpg,4,- - 71v.jpg,-,train-94378.jpg,9,
test-4901.jpg,4,- - 18v.jpg,-,train-0968.jpg,0,,test-498.jpg,4,- - 44h.jpg,-,train-14652.jpg,1,,train-41071.jpg,4,- - 70.jpg,-,validation-2290.jpg,2,,train-41386.jpg,4,- - 85h.jpg,-,train-34892.jpg,3,,train-41225.jpg,4,- - 31.jpg,-,train-44469.jpg,4,,train-4154.jpg,4,- - 46h.jpg,-,train-54103.jpg,5,,train-41149.jpg,4,- - 96v.jpg,-,train-64395.jpg,6,,train-41463.jpg,4,- - 20.jpg,-,validation-750.jpg,7,,train-41302.jpg,4,- - 57v.jpg,-,train-84445.jpg,8,,train-41617.jpg,4,- - 72.jpg,-,train-94379.jpg,9,
test-4902.jpg,4,- - 19.jpg,-,train-0969.jpg,0,,test-4980.jpg,4,- - 44v.jpg,-,train-14653.jpg,1,,train-41072.jpg,4,- - 70h.jpg,-,validation-2291.jpg,2,,train-41387.jpg,4,- - 85v.jpg,-,train-34893.jpg,3,,train-41226.jpg,4,- - 31h.jpg,-,train-4447.jpg,4,,train-41540.jpg,4,- - 46v.jpg,-,train-54104.jpg,5,,train-4115.jpg,4,- - 97.jpg,-,train-64396.jpg,6,,train-41464.jpg,4,- - 20h.jpg,-,validation-7500.jpg,7,,train-41303.jpg,4,- - 58.jpg,-,train-84446.jpg,8,,train-41618.jpg,4,- - 72h.jpg,-,train-9438.jpg,9,
test-4903.jpg,4,- - 19h.jpg,-,train-097.jpg,0,,test-499.jpg,4,- - 45.jpg,-,train-14654.jpg,1,,train-41073.jpg,4,- - 70v.jpg,-,validation-2292.jpg,2,,train-41388.jpg,4,- - 86.jpg,-,train-34894.jpg,3,,train-41227.jpg,4,- - 31v.jpg,-,train-44470.jpg,4,,train-41541.jpg,4,- - 47.jpg,-,train-54105.jpg,5,,train-41150.jpg,4,- - 97h.jpg,-,train-64397.jpg,6,,train-41465.jpg,4,- - 20v.jpg,-,validation-7501.jpg,7,,train-41304.jpg,4,- - 58h.jpg,-,train-84447.jpg,8,,train-41619.jpg,4,- - 72v.jpg,-,train-94380.jpg,9,
test-4904.jpg,4,- - 19v.jpg,-,train-0970.jpg,0,,train-4.jpg,4,- - 45h.jpg,-,train-14655.jpg,1,,train-41074.jpg,4,- - 71.jpg,-,validation-2293.jpg,2,,train-41389.jpg,4,- - 86h.jpg,-,train-34895.jpg,3,,train-41228.jpg,4,- - 32.jpg,-,train-44471.jpg,4,,train-41542.jpg,4,- - 47h.jpg,-,train-54106.jpg,5,,train-41151.jpg,4,- - 97v.jpg,-,train-64398.jpg,6,,train-41466.jpg,4,- - 21.jpg,-,validation-7502.jpg,7,,train-41305.jpg,4,- - 58v.jpg,-,train-84448.jpg,8,,train-4162.jpg,4,- - 73.jpg,-,train-94381.jpg,9,
test-4905.jpg,4,- - 1h.jpg,-,train-0971.jpg,0,,train-40.jpg,4,- - 45v.jpg,-,train-14656.jpg,1,,train-41075.jpg,4,- - 71h.jpg,-,validation-2294.jpg,2,,train-4139.jpg,4,- - 86v.jpg,-,train-34896.jpg,3,,train-41229.jpg,4,- - 32h.jpg,-,train-44472.jpg,4,,train-41543.jpg,4,- - 47v.jpg,-,train-54107.jpg,5,,train-41152.jpg,4,- - 98.jpg,-,train-64399.jpg,6,,train-41467.jpg,4,- - 21h.jpg,-,validation-7503.jpg,7,,train-41306.jpg,4,- - 59.jpg,-,train-84449.jpg,8,,train-41620.jpg,4,- - 73h.jpg,-,train-94382.jpg,9,
test-4906.jpg,4,- - 1v.jpg,-,train-0972.jpg,0,,train-41.jpg,4,- - 46.jpg,-,train-14657.jpg,1,,train-41076.jpg,4,- - 71v.jpg,-,validation-2295.jpg,2,,train-41390.jpg,4,- - 87.jpg,-,train-34897.jpg,3,,train-4123.jpg,4,- - 32v.jpg,-,train-44473.jpg,4,,train-41544.jpg,4,- - 48.jpg,-,train-54108.jpg,5,,train-41153.jpg,4,- - 98h.jpg,-,train-644.jpg,6,,train-41468.jpg,4,- - 21v.jpg,-,validation-7504.jpg,7,,train-41307.jpg,4,- - 59h.jpg,-,train-8445.jpg,8,,train-41621.jpg,4,- - 73v.jpg,-,train-94383.jpg,9,
test-4907.jpg,4,- - 2.jpg,-,train-0973.jpg,0,,train-410.jpg,4,- - 46h.jpg,-,train-14658.jpg,1,,train-41077.jpg,4,- - 72.jpg,-,validation-2296.jpg,2,,train-41391.jpg,4,- - 87h.jpg,-,train-34898.jpg,3,,train-41230.jpg,4,- - 33.jpg,-,train-44474.jpg,4,,train-41545.jpg,4,- - 48h.jpg,-,train-54109.jpg,5,,train-41154.jpg,4,- - 98v.jpg,-,train-6440.jpg,6,,train-41469.jpg,4,- - 22.jpg,-,validation-7505.jpg,7,,train-41308.jpg,4,- - 59v.jpg,-,train-84450.jpg,8,,train-41622.jpg,4,- - 74.jpg,-,train-94384.jpg,9,
test-4908.jpg,4,- - 20.jpg,-,train-0974.jpg,0,,train-4100.jpg,4,- - 46v.jpg,-,train-14659.jpg,1,,train-41078.jpg,4,- - 72h.jpg,-,validation-2297.jpg,2,,train-41392.jpg,4,- - 87v.jpg,-,train-34899.jpg,3,,train-41231.jpg,4,- - 33h.jpg,-,train-44475.jpg,4,,train-41546.jpg,4,- - 48v.jpg,-,train-5411.jpg,5,,train-41155.jpg,4,- - 99.jpg,-,train-64400.jpg,6,,train-4147.jpg,4,- - 22h.jpg,-,validation-7506.jpg,7,,train-41309.jpg,4,- - 5h.jpg,-,train-84451.jpg,8,,train-41623.jpg,4,- - 74h.jpg,-,train-94385.jpg,9,
test-4909.jpg,4,- - 20h.jpg,-,train-0975.jpg,0,,train-41000.jpg,4,- - 47.jpg,-,train-1466.jpg,1,,train-41079.jpg,4,- - 72v.jpg,-,validation-2298.jpg,2,,train-41393.jpg,4,- - 88.jpg,-,train-349.jpg,3,,train-41232.jpg,4,- - 33v.jpg,-,train-44476.jpg,4,,train-41547.jpg,4,- - 49.jpg,-,train-54110.jpg,5,,train-41156.jpg,4,- - 99h.jpg,-,train-64401.jpg,6,,train-41470.jpg,4,- - 22v.jpg,-,validation-7507.jpg,7,,train-4131.jpg,4,- - 5v.jpg,-,train-84452.jpg,8,,train-41624.jpg,4,- - 74v.jpg,-,train-94386.jpg,9,
test-491.jpg,4,- - 20v.jpg,-,train-0976.jpg,0,,train-41001.jpg,4,- - 47h.jpg,-,train-14660.jpg,1,,train-4108.jpg,4,- - 73.jpg,-,validation-2299.jpg,2,,train-41394.jpg,4,- - 88h.jpg,-,train-3490.jpg,3,,train-41233.jpg,4,- - 34.jpg,-,train-44477.jpg,4,,train-41548.jpg,4,- - 49h.jpg,-,train-54111.jpg,5,,train-41157.jpg,4,- - 99v.jpg,-,train-64402.jpg,6,,train-41471.jpg,4,- - 23.jpg,-,validation-7508.jpg,7,,train-41310.jpg,4,- - 6.jpg,-,train-84453.jpg,8,,train-41625.jpg,4,- - 75.jpg,-,train-94387.jpg,9,
test-4910.jpg,4,- - 21.jpg,-,train-0977.jpg,0,,train-41002.jpg,4,- - 47v.jpg,-,train-14661.jpg,1,,train-41080.jpg,4,- - 73h.jpg,-,validation-23.jpg,2,,train-41395.jpg,4,- - 88v.jpg,-,train-34900.jpg,3,,train-41234.jpg,4,- - 34h.jpg,-,train-44478.jpg,4,,train-41549.jpg,4,- - 49v.jpg,-,train-54112.jpg,5,,train-41158.jpg,4,- - 9h.jpg,-,train-64403.jpg,6,,train-41472.jpg,4,- - 23h.jpg,-,validation-7509.jpg,7,,train-41311.jpg,4,- - 60.jpg,-,train-84454.jpg,8,,train-41626.jpg,4,- - 75h.jpg,-,train-94388.jpg,9,
test-4911.jpg,4,- - 21h.jpg,-,train-0978.jpg,0,,train-41003.jpg,4,- - 48.jpg,-,train-14662.jpg,1,,train-41081.jpg,4,- - 73v.jpg,-,validation-230.jpg,2,,train-41396.jpg,4,- - 89.jpg,-,train-34901.jpg,3,,train-41235.jpg,4,- - 34v.jpg,-,train-44479.jpg,4,,train-4155.jpg,4,- - 4h.jpg,-,train-54113.jpg,5,,train-41159.jpg,4,- - 9v.jpg,-,train-64404.jpg,6,,train-41473.jpg,4,- - 23v.jpg,-,validation-751.jpg,7,,train-41312.jpg,4,- - 60h.jpg,-,train-84455.jpg,8,,train-41627.jpg,4,- - 75v.jpg,-,train-94389.jpg,9,
test-4912.jpg,4,- - 21v.jpg,-,train-0979.jpg,0,,train-41004.jpg,4,- - 48h.jpg,-,train-14663.jpg,1,,train-41082.jpg,4,- - 74.jpg,-,validation-2300.jpg,2,,train-41397.jpg,4,- - 89h.jpg,-,train-34902.jpg,3,,train-41236.jpg,4,- - 35.jpg,-,train-4448.jpg,4,,train-41550.jpg,4,- - 4v.jpg,-,train-54114.jpg,5,,train-4116.jpg,4,- - 1.jpg,-,train-64405.jpg,6,,train-41474.jpg,4,- - 24.jpg,-,validation-7510.jpg,7,,train-41313.jpg,4,- - 60v.jpg,-,train-84456.jpg,8,,train-41628.jpg,4,- - 76.jpg,-,train-9439.jpg,9,
test-4913.jpg,4,- - 22.jpg,-,train-098.jpg,0,,train-41005.jpg,4,- - 48v.jpg,-,train-14664.jpg,1,,train-41083.jpg,4,- - 74h.jpg,-,validation-2301.jpg,2,,train-41398.jpg,4,- - 89v.jpg,-,train-34903.jpg,3,,train-41237.jpg,4,- - 35h.jpg,-,train-44480.jpg,4,,train-41551.jpg,4,- - 5.jpg,-,train-54115.jpg,5,,train-41160.jpg,4,- - 10.jpg,-,train-64406.jpg,6,,train-41475.jpg,4,- - 24h.jpg,-,validation-7511.jpg,7,,train-41314.jpg,4,- - 61.jpg,-,train-84457.jpg,8,,train-41629.jpg,4,- - 76h.jpg,-,train-94390.jpg,9,
test-4914.jpg,4,- - 22h.jpg,-,train-0980.jpg,0,,train-41006.jpg,4,- - 49.jpg,-,train-14665.jpg,1,,train-41084.jpg,4,- - 74v.jpg,-,validation-2302.jpg,2,,train-41399.jpg,4,- - 8h.jpg,-,train-34904.jpg,3,,train-41238.jpg,4,- - 35v.jpg,-,train-44481.jpg,4,,train-41552.jpg,4,- - 50.jpg,-,train-54116.jpg,5,,train-41161.jpg,4,- - 100.jpg,-,train-64407.jpg,6,,train-41476.jpg,4,- - 24v.jpg,-,validation-7512.jpg,7,,train-41315.jpg,4,- - 61h.jpg,-,train-84458.jpg,8,,train-4163.jpg,4,- - 76v.jpg,-,train-94391.jpg,9,
test-4915.jpg,4,- - 22v.jpg,-,train-0981.jpg,0,,train-41007.jpg,4,- - 49h.jpg,-,train-14666.jpg,1,,train-41085.jpg,4,- - 75.jpg,-,validation-2303.jpg,2,,train-414.jpg,4,- - 8v.jpg,-,train-34905.jpg,3,,train-41239.jpg,4,- - 36.jpg,-,train-44482.jpg,4,,train-41553.jpg,4,- - 50h.jpg,-,train-54117.jpg,5,,train-41162.jpg,4,- - 100h.jpg,-,train-64408.jpg,6,,train-41477.jpg,4,- - 25.jpg,-,validation-7513.jpg,7,,train-41316.jpg,4,- - 61v.jpg,-,train-84459.jpg,8,,train-41630.jpg,4,- - 77.jpg,-,train-94392.jpg,9,
test-4916.jpg,4,- - 23.jpg,-,train-0982.jpg,0,,train-41008.jpg,4,- - 49v.jpg,-,train-14667.jpg,1,,train-41086.jpg,4,- - 75h.jpg,-,validation-2304.jpg,2,,train-4140.jpg,4,- - 9.jpg,-,train-34906.jpg,3,,train-4124.jpg,4,- - 36h.jpg,-,train-44483.jpg,4,,train-41554.jpg,4,- - 50v.jpg,-,train-54118.jpg,5,,train-41163.jpg,4,- - 100v.jpg,-,train-64409.jpg,6,,train-41478.jpg,4,- - 25h.jpg,-,validation-7514.jpg,7,,train-41317.jpg,4,- - 62.jpg,-,train-8446.jpg,8,,train-41631.jpg,4,- - 77h.jpg,-,train-94393.jpg,9,
test-4917.jpg,4,- - 23h.jpg,-,train-0983.jpg,0,,train-41009.jpg,4,- - 4h.jpg,-,train-14668.jpg,1,,train-41087.jpg,4,- - 75v.jpg,-,validation-2305.jpg,2,,train-41400.jpg,4,- - 90.jpg,-,train-34907.jpg,3,,train-41240.jpg,4,- - 36v.jpg,-,train-44484.jpg,4,,train-41555.jpg,4,- - 51.jpg,-,train-54119.jpg,5,,train-41164.jpg,4,- - 10h.jpg,-,train-6441.jpg,6,,train-41479.jpg,4,- - 25v.jpg,-,validation-7515.jpg,7,,train-41318.jpg,4,- - 62h.jpg,-,train-84460.jpg,8,,train-41632.jpg,4,- - 77v.jpg,-,train-94394.jpg,9,
test-4918.jpg,4,- - 23v.jpg,-,train-0984.jpg,0,,train-4101.jpg,4,- - 4v.jpg,-,train-14669.jpg,1,,train-41088.jpg,4,- - 76.jpg,-,validation-2306.jpg,2,,train-41401.jpg,4,- - 90h.jpg,-,train-34908.jpg,3,,train-41241.jpg,4,- - 37.jpg,-,train-44485.jpg,4,,train-41556.jpg,4,- - 51h.jpg,-,train-5412.jpg,5,,train-41165.jpg,4,- - 10v.jpg,-,train-64410.jpg,6,,train-4148.jpg,4,- - 26.jpg,-,validation-7516.jpg,7,,train-41319.jpg,4,- - 62v.jpg,-,train-84461.jpg,8,,train-41633.jpg,4,- - 78.jpg,-,train-94395.jpg,9,
test-4919.jpg,4,- - 24.jpg,-,train-0985.jpg,0,,train-41010.jpg,4,- - 5.jpg,-,train-1467.jpg,1,,train-41089.jpg,4,- - 76h.jpg,-,validation-2307.jpg,2,,train-41402.jpg,4,- - 90v.jpg,-,train-34909.jpg,3,,train-41242.jpg,4,- - 37h.jpg,-,train-44486.jpg,4,,train-41557.jpg,4,- - 51v.jpg,-,train-54120.jpg,5,,train-41166.jpg,4,- - 11.jpg,-,train-64411.jpg,6,,train-41480.jpg,4,- - 26h.jpg,-,validation-7517.jpg,7,,train-4132.jpg,4,- - 63.jpg,-,train-84462.jpg,8,,train-41634.jpg,4,- - 78h.jpg,-,train-94396.jpg,9,
test-492.jpg,4,- - 24h.jpg,-,train-0986.jpg,0,,train-41011.jpg,4,- - 50.jpg,-,train-14670.jpg,1,,train-4109.jpg,4,- - 76v.jpg,-,validation-2308.jpg,2,,train-41403.jpg,4,- - 91.jpg,-,train-3491.jpg,3,,train-41243.jpg,4,- - 37v.jpg,-,train-44487.jpg,4,,train-41558.jpg,4,- - 52.jpg,-,train-54121.jpg,5,,train-41167.jpg,4,- - 11h.jpg,-,train-64412.jpg,6,,train-41481.jpg,4,- - 26v.jpg,-,validation-7518.jpg,7,,train-41320.jpg,4,- - 63h.jpg,-,train-84463.jpg,8,,train-41635.jpg,4,- - 78v.jpg,-,train-94397.jpg,9,
test-4920.jpg,4,- - 24v.jpg,-,train-0987.jpg,0,,train-41012.jpg,4,- - 50h.jpg,-,train-14671.jpg,1,,train-41090.jpg,4,- - 77.jpg,-,validation-2309.jpg,2,,train-41404.jpg,4,- - 91h.jpg,-,train-34910.jpg,3,,train-41244.jpg,4,- - 38.jpg,-,train-44488.jpg,4,,train-41559.jpg,4,- - 52h.jpg,-,train-54122.jpg,5,,train-41168.jpg,4,- - 11v.jpg,-,train-64413.jpg,6,,train-41482.jpg,4,- - 27.jpg,-,validation-7519.jpg,7,,train-41321.jpg,4,- - 63v.jpg,-,train-84464.jpg,8,,train-41636.jpg,4,- - 79.jpg,-,train-94398.jpg,9,
test-4921.jpg,4,- - 25.jpg,-,train-0988.jpg,0,,train-41013.jpg,4,- - 50v.jpg,-,train-14672.jpg,1,,train-41091.jpg,4,- - 77h.jpg,-,validation-231.jpg,2,,train-41405.jpg,4,- - 91v.jpg,-,train-34911.jpg,3,,train-41245.jpg,4,- - 38h.jpg,-,train-44489.jpg,4,,train-4156.jpg,4,- - 52v.jpg,-,train-54123.jpg,5,,train-41169.jpg,4,- - 12.jpg,-,train-64414.jpg,6,,train-41483.jpg,4,- - 27h.jpg,-,validation-752.jpg,7,,train-41322.jpg,4,- - 64.jpg,-,train-84465.jpg,8,,train-41637.jpg,4,- - 79h.jpg,-,train-94399.jpg,9,
test-4922.jpg,4,- - 25h.jpg,-,train-0989.jpg,0,,train-41014.jpg,4,- - 51.jpg,-,train-14673.jpg,1,,train-41092.jpg,4,- - 77v.jpg,-,validation-2310.jpg,2,,train-41406.jpg,4,- - 92.jpg,-,train-34912.jpg,3,,train-41246.jpg,4,- - 38v.jpg,-,train-4449.jpg,4,,train-41560.jpg,4,- - 53.jpg,-,train-54124.jpg,5,,train-4117.jpg,4,- - 12h.jpg,-,train-64415.jpg,6,,train-41484.jpg,4,- - 27v.jpg,-,validation-7520.jpg,7,,train-41323.jpg,4,- - 64h.jpg,-,train-84466.jpg,8,,train-41638.jpg,4,- - 79v.jpg,-,train-944.jpg,9,
test-4923.jpg,4,- - 25v.jpg,-,train-099.jpg,0,,train-41015.jpg,4,- - 51h.jpg,-,train-14674.jpg,1,,train-41093.jpg,4,- - 78.jpg,-,validation-2311.jpg,2,,train-41407.jpg,4,- - 92h.jpg,-,train-34913.jpg,3,,train-41247.jpg,4,- - 39.jpg,-,train-44490.jpg,4,,train-41561.jpg,4,- - 53h.jpg,-,train-54125.jpg,5,,train-41170.jpg,4,- - 12v.jpg,-,train-64416.jpg,6,,train-41485.jpg,4,- - 28.jpg,-,validation-7521.jpg,7,,train-41324.jpg,4,- - 64v.jpg,-,train-84467.jpg,8,,train-41639.jpg,4,- - 7h.jpg,-,train-9440.jpg,9,
test-4924.jpg,4,- - 26.jpg,-,train-0990.jpg,0,,train-41016.jpg,4,- - 51v.jpg,-,train-14675.jpg,1,,train-41094.jpg,4,- - 78h.jpg,-,validation-2312.jpg,2,,train-41408.jpg,4,- - 92v.jpg,-,train-34914.jpg,3,,train-41248.jpg,4,- - 39h.jpg,-,train-44491.jpg,4,,train-41562.jpg,4,- - 53v.jpg,-,train-54126.jpg,5,,train-41171.jpg,4,- - 13.jpg,-,train-64417.jpg,6,,train-41486.jpg,4,- - 28h.jpg,-,validation-7522.jpg,7,,train-41325.jpg,4,- - 65.jpg,-,train-84468.jpg,8,,train-4164.jpg,4,- - 7v.jpg,-,train-94400.jpg,9,
test-4925.jpg,4,- - 26h.jpg,-,train-0991.jpg,0,,train-41017.jpg,4,- - 52.jpg,-,train-14676.jpg,1,,train-41095.jpg,4,- - 78v.jpg,-,validation-2313.jpg,2,,train-41409.jpg,4,- - 93.jpg,-,train-34915.jpg,3,,train-41249.jpg,4,- - 39v.jpg,-,train-4704.jpg,4,,train-41563.jpg,4,- - 54.jpg,-,train-54127.jpg,5,,train-41172.jpg,4,- - 13h.jpg,-,train-64418.jpg,6,,train-41487.jpg,4,- - 28v.jpg,-,validation-7523.jpg,7,,train-41326.jpg,4,- - 65h.jpg,-,train-84469.jpg,8,,train-41640.jpg,4,- - 8.jpg,-,train-94401.jpg,9,
test-4926.jpg,4,- - 26v.jpg,-,train-0992.jpg,0,,train-41018.jpg,4,- - 52h.jpg,-,train-14677.jpg,1,,train-41096.jpg,4,- - 79.jpg,-,validation-2314.jpg,2,,train-4141.jpg,4,- - 93h.jpg,-,train-34916.jpg,3,,train-4125.jpg,4,- - 3h.jpg,-,train-4705.jpg,4,,train-41564.jpg,4,- - 54h.jpg,-,train-54128.jpg,5,,train-41173.jpg,4,- - 13v.jpg,-,train-64419.jpg,6,,train-41488.jpg,4,- - 29.jpg,-,validation-7524.jpg,7,,train-41327.jpg,4,- - 65v.jpg,-,train-8447.jpg,8,,train-41641.jpg,4,- - 80.jpg,-,train-94402.jpg,9,
test-4927.jpg,4,- - 27.jpg,-,train-0993.jpg,0,,train-41019.jpg,4,- - 52v.jpg,-,train-14678.jpg,1,,train-41097.jpg,4,- - 79h.jpg,-,validation-2315.jpg,2,,train-41410.jpg,4,- - 93v.jpg,-,train-34917.jpg,3,,train-41250.jpg,4,- - 3v.jpg,-,train-4706.jpg,4,,train-41565.jpg,4,- - 54v.jpg,-,train-54129.jpg,5,,train-41174.jpg,4,- - 14.jpg,-,train-6442.jpg,6,,train-41489.jpg,4,- - 29h.jpg,-,validation-7525.jpg,7,,train-41328.jpg,4,- - 66.jpg,-,train-84470.jpg,8,,train-41642.jpg,4,- - 80h.jpg,-,train-94403.jpg,9,
test-4928.jpg,4,- - 27h.jpg,-,train-0994.jpg,0,,train-4102.jpg,4,- - 53.jpg,-,train-14679.jpg,1,,train-41098.jpg,4,- - 79v.jpg,-,validation-2316.jpg,2,,train-41411.jpg,4,- - 94.jpg,-,train-34918.jpg,3,,train-41251.jpg,4,- - 4.jpg,-,train-4707.jpg,4,,train-41566.jpg,4,- - 55.jpg,-,train-5413.jpg,5,,train-41175.jpg,4,- - 14h.jpg,-,train-64420.jpg,6,,train-4149.jpg,4,- - 29v.jpg,-,validation-7526.jpg,7,,train-41329.jpg,4,- - 66h.jpg,-,train-84471.jpg,8,,train-41643.jpg,4,- - 80v.jpg,-,train-94404.jpg,9,
test-4929.jpg,4,- - 27v.jpg,-,train-0995.jpg,0,,train-41020.jpg,4,- - 53h.jpg,-,train-1468.jpg,1,,train-41099.jpg,4,- - 7h.jpg,-,validation-2317.jpg,2,,train-41412.jpg,4,- - 94h.jpg,-,train-34919.jpg,3,,train-41252.jpg,4,- - 40.jpg,-,train-4708.jpg,4,,train-41567.jpg,4,- - 55h.jpg,-,train-54130.jpg,5,,train-41176.jpg,4,- - 14v.jpg,-,train-64421.jpg,6,,train-41490.jpg,4,- - 2h.jpg,-,validation-7527.jpg,7,,train-4133.jpg,4,- - 66v.jpg,-,train-84472.jpg,8,,train-41644.jpg,4,- - 81.jpg,-,train-94405.jpg,9,
test-493.jpg,4,- - 28.jpg,-,train-0996.jpg,0,,train-41021.jpg,4,- - 53v.jpg,-,train-14680.jpg,1,,train-411.jpg,4,- - 7v.jpg,-,validation-2318.jpg,2,,train-41413.jpg,4,- - 94v.jpg,-,train-3492.jpg,3,,train-41253.jpg,4,- - 40h.jpg,-,train-4709.jpg,4,,train-41568.jpg,4,- - 55v.jpg,-,train-54131.jpg,5,,train-41177.jpg,4,- - 15.jpg,-,train-64422.jpg,6,,train-41491.jpg,4,- - 2v.jpg,-,validation-7528.jpg,7,,train-41330.jpg,4,- - 67.jpg,-,train-84473.jpg,8,,train-41645.jpg,4,- - 81h.jpg,-,train-94406.jpg,9,
test-4930.jpg,4,- - 28h.jpg,-,train-0997.jpg,0,,train-41022.jpg,4,- - 54.jpg,-,train-14681.jpg,1,,train-4110.jpg,4,- - 8.jpg,-,validation-2319.jpg,2,,train-41414.jpg,4,- - 95.jpg,-,train-34920.jpg,3,,train-41254.jpg,4,- - 40v.jpg,-,train-471.jpg,4,,train-41569.jpg,4,- - 56.jpg,-,train-54132.jpg,5,,train-41178.jpg,4,- - 15h.jpg,-,train-64423.jpg,6,,train-41492.jpg,4,- - 3.jpg,-,validation-7529.jpg,7,,train-41331.jpg,4,- - 67h.jpg,-,train-84474.jpg,8,,train-41646.jpg,4,- - 81v.jpg,-,train-94407.jpg,9,
test-4931.jpg,4,- - 28v.jpg,-,train-0998.jpg,0,,train-41023.jpg,4,- - 54h.jpg,-,train-14682.jpg,1,,train-41100.jpg,4,- - 80.jpg,-,validation-232.jpg,2,,train-41415.jpg,4,- - 95h.jpg,-,train-34921.jpg,3,,train-41255.jpg,4,- - 41.jpg,-,train-4765.jpg,4,,train-4157.jpg,4,- - 56h.jpg,-,train-54133.jpg,5,,train-41179.jpg,4,- - 15v.jpg,-,train-64424.jpg,6,,train-41493.jpg,4,- - 30.jpg,-,validation-753.jpg,7,,train-41332.jpg,4,- - 67v.jpg,-,train-84475.jpg,8,,train-41647.jpg,4,- - 82.jpg,-,train-94408.jpg,9,
test-4932.jpg,4,- - 29.jpg,-,train-0999.jpg,0,,train-41024.jpg,4,- - 54v.jpg,-,train-14683.jpg,1,,train-41101.jpg,4,- - 80h.jpg,-,validation-2320.jpg,2,,train-41416.jpg,4,- - 95v.jpg,-,train-34922.jpg,3,,train-41256.jpg,4,- - 41h.jpg,-,train-4766.jpg,4,,train-41570.jpg,4,- - 56v.jpg,-,train-54134.jpg,5,,train-4118.jpg,4,- - 16.jpg,-,train-64425.jpg,6,,train-41494.jpg,4,- - 30h.jpg,-,validation-7530.jpg,7,,train-41333.jpg,4,- - 68.jpg,-,train-84476.jpg,8,,train-41648.jpg,4,- - 82h.jpg,-,train-94409.jpg,9,
test-4933.jpg,4,- - 29h.jpg,-,validation-0.jpg,0,,train-41025.jpg,4,- - 55.jpg,-,train-14684.jpg,1,,train-41102.jpg,4,- - 80v.jpg,-,validation-2321.jpg,2,,train-41417.jpg,4,- - 96.jpg,-,train-34923.jpg,3,,train-41257.jpg,4,- - 41v.jpg,-,train-4767.jpg,4,,train-41571.jpg,4,- - 57.jpg,-,train-54135.jpg,5,,train-41180.jpg,4,- - 16h.jpg,-,train-64426.jpg,6,,train-41495.jpg,4,- - 30v.jpg,-,validation-7531.jpg,7,,train-41334.jpg,4,- - 68h.jpg,-,train-84477.jpg,8,,train-41649.jpg,4,- - 82v.jpg,-,train-9441.jpg,9,
test-4934.jpg,4,- - 29v.jpg,-,validation-00.jpg,0,,train-41026.jpg,4,- - 55h.jpg,-,train-14685.jpg,1,,train-41103.jpg,4,- - 81.jpg,-,validation-2322.jpg,2,,train-41418.jpg,4,- - 96h.jpg,-,train-34924.jpg,3,,train-41258.jpg,4,- - 42.jpg,-,train-4768.jpg,4,,train-41572.jpg,4,- - 57h.jpg,-,train-54136.jpg,5,,train-41181.jpg,4,- - 16v.jpg,-,train-64427.jpg,6,,train-41496.jpg,4,- - 31.jpg,-,validation-7532.jpg,7,,train-41335.jpg,4,- - 68v.jpg,-,train-84478.jpg,8,,train-4165.jpg,4,- - 83.jpg,-,train-94410.jpg,9,
test-4935.jpg,4,- - 2h.jpg,-,validation-01.jpg,0,,train-41027.jpg,4,- - 55v.jpg,-,train-14686.jpg,1,,train-41104.jpg,4,- - 81h.jpg,-,validation-2323.jpg,2,,train-41419.jpg,4,- - 96v.jpg,-,train-34925.jpg,3,,train-41259.jpg,4,- - 42h.jpg,-,train-4764.jpg,4,,train-41573.jpg,4,- - 57v.jpg,-,train-54137.jpg,5,,train-41182.jpg,4,- - 17.jpg,-,train-64428.jpg,6,,train-41497.jpg,4,- - 31h.jpg,-,validation-7533.jpg,7,,train-41336.jpg,4,- - 69.jpg,-,train-84479.jpg,8,,train-41650.jpg,4,- - 83h.jpg,-,train-94411.jpg,9,
test-4936.jpg,4,- - 2v.jpg,-,validation-010.jpg,0,,train-41028.jpg,4,- - 56.jpg,-,train-14687.jpg,1,,train-41105.jpg,4,- - 81v.jpg,-,validation-2324.jpg,2,,train-4142.jpg,4,- - 97.jpg,-,train-34926.jpg,3,,train-4126.jpg,4,- - 42v.jpg,-,train-44187.jpg,4,,train-41574.jpg,4,- - 58.jpg,-,train-54138.jpg,5,,train-41183.jpg,4,- - 17h.jpg,-,train-64429.jpg,6,,train-41498.jpg,4,- - 31v.jpg,-,validation-7534.jpg,7,,train-41337.jpg,4,- - 69h.jpg,-,train-8448.jpg,8,,train-41651.jpg,4,- - 83v.jpg,-,train-94412.jpg,9,
test-4937.jpg,4,- - 3.jpg,-,validation-0100.jpg,0,,train-41029.jpg,4,- - 56h.jpg,-,train-14688.jpg,1,,train-41106.jpg,4,- - 82.jpg,-,validation-2325.jpg,2,,train-41420.jpg,4,- - 97h.jpg,-,train-34927.jpg,3,,train-41260.jpg,4,- - 43.jpg,-,train-44188.jpg,4,,train-41575.jpg,4,- - 58h.jpg,-,train-54139.jpg,5,,train-41184.jpg,4,- - 17v.jpg,-,train-6443.jpg,6,,train-41499.jpg,4,- - 32.jpg,-,validation-7535.jpg,7,,train-41338.jpg,4,- - 69v.jpg,-,train-84480.jpg,8,,train-41652.jpg,4,- - 84.jpg,-,train-94413.jpg,9,
test-4938.jpg,4,- - 30.jpg,-,validation-0101.jpg,0,,train-4103.jpg,4,- - 56v.jpg,-,train-14689.jpg,1,,train-41107.jpg,4,- - 82h.jpg,-,validation-2326.jpg,2,,train-41421.jpg,4,- - 97v.jpg,-,train-34928.jpg,3,,train-41261.jpg,4,- - 43h.jpg,-,train-44189.jpg,4,,train-41576.jpg,4,- - 58v.jpg,-,train-5414.jpg,5,,train-41185.jpg,4,- - 18.jpg,-,train-64430.jpg,6,,train-415.jpg,4,- - 32h.jpg,-,validation-7536.jpg,7,,train-41339.jpg,4,- - 6h.jpg,-,train-84481.jpg,8,,train-41653.jpg,4,- - 84h.jpg,-,train-94414.jpg,9,
test-4939.jpg,4,- - 30h.jpg,-,validation-0102.jpg,0,,train-41030.jpg,4,- - 57.jpg,-,train-1469.jpg,1,,train-41108.jpg,4,- - 82v.jpg,-,validation-2327.jpg,2,,train-41422.jpg,4,- - 98.jpg,-,train-34929.jpg,3,,train-41262.jpg,4,- - 43v.jpg,-,train-4419.jpg,4,,train-41577.jpg,4,- - 59.jpg,-,train-54140.jpg,5,,train-41186.jpg,4,- - 18h.jpg,-,train-64431.jpg,6,,train-4150.jpg,4,- - 32v.jpg,-,validation-7537.jpg,7,,train-4134.jpg,4,- - 6v.jpg,-,train-84482.jpg,8,,train-41654.jpg,4,- - 84v.jpg,-,train-94415.jpg,9,
test-494.jpg,4,- - 30v.jpg,-,validation-0103.jpg,0,,train-41031.jpg,4,- - 57h.jpg,-,train-14690.jpg,1,,train-41109.jpg,4,- - 83.jpg,-,validation-2328.jpg,2,,train-41423.jpg,4,- - 98h.jpg,-,train-3493.jpg,3,,train-41263.jpg,4,- - 44.jpg,-,train-44190.jpg,4,,train-41578.jpg,4,- - 59h.jpg,-,train-54141.jpg,5,,train-41187.jpg,4,- - 18v.jpg,-,train-64432.jpg,6,,train-41500.jpg,4,- - 33.jpg,-,validation-7538.jpg,7,,train-41340.jpg,4,- - 7.jpg,-,train-84483.jpg,8,,train-41655.jpg,4,- - 85.jpg,-,train-94416.jpg,9,
test-4940.jpg,4,- - 31.jpg,-,validation-0104.jpg,0,,train-41032.jpg,4,- - 57v.jpg,-,train-14691.jpg,1,,train-4111.jpg,4,- - 83h.jpg,-,validation-2329.jpg,2,,train-41424.jpg,4,- - 98v.jpg,-,train-34930.jpg,3,,train-41264.jpg,4,- - 44h.jpg,-,train-44191.jpg,4,,train-41579.jpg,4,- - 59v.jpg,-,train-54142.jpg,5,,train-41188.jpg,4,- - 19.jpg,-,train-64433.jpg,6,,train-41501.jpg,4,- - 33h.jpg,-,validation-7539.jpg,7,,train-41341.jpg,4,- - 70.jpg,-,train-84484.jpg,8,,train-41656.jpg,4,- - 85h.jpg,-,train-94417.jpg,9,
test-4941.jpg,4,- - 31h.jpg,-,validation-0105.jpg,0,,train-41033.jpg,4,- - 58.jpg,-,train-14692.jpg,1,,train-41110.jpg,4,- - 83v.jpg,-,validation-233.jpg,2,,train-41425.jpg,4,- - 99.jpg,-,train-34931.jpg,3,,train-41265.jpg,4,- - 44v.jpg,-,train-44192.jpg,4,,train-4158.jpg,4,- - 5h.jpg,-,train-54143.jpg,5,,train-41189.jpg,4,- - 19h.jpg,-,train-64434.jpg,6,,train-41502.jpg,4,- - 33v.jpg,-,validation-754.jpg,7,,train-41342.jpg,4,- - 70h.jpg,-,train-84485.jpg,8,,train-41657.jpg,4,- - 85v.jpg,-,train-94418.jpg,9,
test-4942.jpg,4,- - 31v.jpg,-,validation-0106.jpg,0,,train-41034.jpg,4,- - 58h.jpg,-,train-14693.jpg,1,,train-41111.jpg,4,- - 84.jpg,-,validation-2330.jpg,2,,train-41426.jpg,4,- - 99h.jpg,-,train-34932.jpg,3,,train-41266.jpg,4,- - 45.jpg,-,train-44193.jpg,4,,train-41580.jpg,4,- - 5v.jpg,-,train-54144.jpg,5,,train-4119.jpg,4,- - 19v.jpg,-,train-64435.jpg,6,,train-41503.jpg,4,- - 34.jpg,-,validation-7540.jpg,7,,train-41343.jpg,4,- - 70v.jpg,-,train-84486.jpg,8,,train-41658.jpg,4,- - 86.jpg,-,train-94419.jpg,9,
test-4943.jpg,4,- - 32.jpg,-,validation-0107.jpg,0,,train-41035.jpg,4,- - 58v.jpg,-,train-14694.jpg,1,,train-41112.jpg,4,- - 84h.jpg,-,validation-2331.jpg,2,,train-41427.jpg,4,- - 99v.jpg,-,train-34933.jpg,3,,train-41267.jpg,4,- - 45h.jpg,-,train-44194.jpg,4,,train-41581.jpg,4,- - 6.jpg,-,train-54145.jpg,5,,train-41190.jpg,4,- - 1h.jpg,-,train-64436.jpg,6,,train-41504.jpg,4,- - 34h.jpg,-,validation-7541.jpg,7,,train-41344.jpg,4,- - 71.jpg,-,train-84487.jpg,8,,train-41659.jpg,4,- - 86h.jpg,-,train-9442.jpg,9,
test-4944.jpg,4,- - 32h.jpg,-,validation-0108.jpg,0,,train-41036.jpg,4,- - 59.jpg,-,train-14695.jpg,1,,train-41113.jpg,4,- - 84v.jpg,-,validation-2332.jpg,2,,train-41428.jpg,4,- - 9h.jpg,-,train-34934.jpg,3,,train-41268.jpg,4,- - 45v.jpg,-,train-44195.jpg,4,,train-41582.jpg,4,- - 60.jpg,-,train-54146.jpg,5,,train-41191.jpg,4,- - 1v.jpg,-,train-64437.jpg,6,,train-41505.jpg,4,- - 34v.jpg,-,validation-7542.jpg,7,,train-41345.jpg,4,- - 71h.jpg,-,train-84488.jpg,8,,train-4166.jpg,4,- - 86v.jpg,-,train-94420.jpg,9,
test-4945.jpg,4,- - 32v.jpg,-,validation-0109.jpg,0,,train-41037.jpg,4,- - 59h.jpg,-,train-14696.jpg,1,,train-41114.jpg,4,- - 85.jpg,-,validation-2333.jpg,2,,train-41429.jpg,4,- - 9v.jpg,-,train-34935.jpg,3,,train-41269.jpg,4,- - 46.jpg,-,train-44196.jpg,4,,train-41583.jpg,4,- - 60h.jpg,-,train-54147.jpg,5,,train-41192.jpg,4,- - 2.jpg,-,train-64438.jpg,6,,train-41506.jpg,4,- - 35.jpg,-,validation-7543.jpg,7,,train-41346.jpg,4,- - 71v.jpg,-,train-84489.jpg,8,,train-41660.jpg,4,- - 87.jpg,-,train-94421.jpg,9,
test-4946.jpg,4,- - 33.jpg,-,validation-011.jpg,0,,train-41038.jpg,4,- - 59v.jpg,-,train-14697.jpg,1,,train-41115.jpg,4,- - 85h.jpg,-,validation-2334.jpg,2,,train-4143.jpg,4,- - 1.jpg,-,train-34936.jpg,3,,train-4127.jpg,4,- - 46h.jpg,-,train-44197.jpg,4,,train-41584.jpg,4,- - 60v.jpg,-,train-54148.jpg,5,,train-41193.jpg,4,- - 20.jpg,-,train-64439.jpg,6,,train-41507.jpg,4,- - 35h.jpg,-,validation-7544.jpg,7,,train-41347.jpg,4,- - 72.jpg,-,train-8449.jpg,8,,train-41661.jpg,4,- - 87h.jpg,-,train-94422.jpg,9,
test-4947.jpg,4,- - 33h.jpg,-,validation-0110.jpg,0,,train-41039.jpg,4,- - 5h.jpg,-,train-14698.jpg,1,,train-41116.jpg,4,- - 85v.jpg,-,validation-2335.jpg,2,,train-41430.jpg,4,- - 10.jpg,-,train-34937.jpg,3,,train-41270.jpg,4,- - 46v.jpg,-,train-44198.jpg,4,,train-41585.jpg,4,- - 61.jpg,-,train-54149.jpg,5,,train-41194.jpg,4,- - 20h.jpg,-,train-6444.jpg,6,,train-41508.jpg,4,- - 35v.jpg,-,validation-7545.jpg,7,,train-41348.jpg,4,- - 72h.jpg,-,train-84490.jpg,8,,train-41662.jpg,4,- - 87v.jpg,-,train-94423.jpg,9,
test-4948.jpg,4,- - 33v.jpg,-,validation-0111.jpg,0,,train-4104.jpg,4,- - 5v.jpg,-,train-14699.jpg,1,,train-41117.jpg,4,- - 86.jpg,-,validation-2336.jpg,2,,train-41431.jpg,4,- - 100.jpg,-,train-34938.jpg,3,,train-41271.jpg,4,- - 47.jpg,-,train-44199.jpg,4,,train-41586.jpg,4,- - 61h.jpg,-,train-5415.jpg,5,,train-41195.jpg,4,- - 20v.jpg,-,train-64440.jpg,6,,train-41509.jpg,4,- - 36.jpg,-,validation-7546.jpg,7,,train-41349.jpg,4,- - 72v.jpg,-,train-84491.jpg,8,,train-41663.jpg,4,- - 88.jpg,-,train-94424.jpg,9,
test-4949.jpg,4,- - 34.jpg,-,validation-0112.jpg,0,,train-41040.jpg,4,- - 6.jpg,-,train-147.jpg,1,,train-41118.jpg,4,- - 86h.jpg,-,validation-2337.jpg,2,,train-41432.jpg,4,- - 100h.jpg,-,train-34939.jpg,3,,train-41272.jpg,4,- - 47h.jpg,-,train-442.jpg,4,,train-41587.jpg,4,- - 61v.jpg,-,train-54150.jpg,5,,train-41196.jpg,4,- - 21.jpg,-,train-64441.jpg,6,,train-4151.jpg,4,- - 36h.jpg,-,validation-7547.jpg,7,,train-4135.jpg,4,- - 73.jpg,-,train-84492.jpg,8,,train-41664.jpg,4,- - 88h.jpg,-,train-94425.jpg,9,
test-495.jpg,4,- - 34h.jpg,-,validation-0113.jpg,0,,train-41041.jpg,4,- - 60.jpg,-,train-1470.jpg,1,,train-41119.jpg,4,- - 86v.jpg,-,validation-2338.jpg,2,,train-41433.jpg,4,- - 100v.jpg,-,train-3494.jpg,3,,train-41273.jpg,4,- - 47v.jpg,-,train-4420.jpg,4,,train-41588.jpg,4,- - 62.jpg,-,train-54151.jpg,5,,train-41197.jpg,4,- - 21h.jpg,-,train-64442.jpg,6,,train-41510.jpg,4,- - 36v.jpg,-,validation-7548.jpg,7,,train-41350.jpg,4,- - 73h.jpg,-,train-84493.jpg,8,,train-41665.jpg,4,- - 88v.jpg,-,train-94426.jpg,9,
test-4950.jpg,4,- - 34v.jpg,-,validation-0114.jpg,0,,train-41042.jpg,4,- - 60h.jpg,-,train-14700.jpg,1,,train-4112.jpg,4,- - 87.jpg,-,validation-2339.jpg,2,,train-41434.jpg,4,- - 10h.jpg,-,train-34940.jpg,3,,train-41274.jpg,4,- - 48.jpg,-,train-44200.jpg,4,,train-41589.jpg,4,- - 62h.jpg,-,train-54152.jpg,5,,train-41198.jpg,4,- - 21v.jpg,-,train-64443.jpg,6,,train-41511.jpg,4,- - 37.jpg,-,validation-7549.jpg,7,,train-41351.jpg,4,- - 73v.jpg,-,train-84494.jpg,8,,train-41666.jpg,4,- - 89.jpg,-,train-94427.jpg,9,
test-4951.jpg,4,- - 35.jpg,-,validation-0855.jpg,0,,train-41043.jpg,4,- - 60v.jpg,-,train-14701.jpg,1,,train-41120.jpg,4,- - 87h.jpg,-,validation-234.jpg,2,,train-41435.jpg,4,- - 10v.jpg,-,train-34941.jpg,3,,train-41275.jpg,4,- - 48h.jpg,-,train-44201.jpg,4,,train-4159.jpg,4,- - 62v.jpg,-,train-54153.jpg,5,,train-41354.jpg,4,- - 74v.jpg,-,train-64444.jpg,6,,train-41358.jpg,4,- - 76.jpg,,validation-755.jpg,7,,train-41352.jpg,4,- - 74.jpg,-,train-84495.jpg,8,,train-41356.jpg,4,- - 75h.jpg,-,train-94428.jpg,9,