train-71625.jpg,7,x - 1.jpg,x,validation-0382.jpg,0,,train-71702.jpg,7,x - 15.jpg,x,validation-1612.jpg,1,,train-71780.jpg,7,x - 35.jpg,x,train-2767.jpg,2,,train-7209.jpg,7,x - 117.jpg,x,train-34581.jpg,3,,train-71926.jpg,7,x - 72a.jpg,x,validation-4105.jpg,4,,train-72235.jpg,7,x - 47b.jpg,x,train-5942.jpg,5,,train-71858.jpg,7,x - 55.jpg,x,train-6986.jpg,6,,train-72167.jpg,7,x - 2b.jpg,x,train-7850.jpg,7,,train-72002.jpg,7,x - 92a.jpg,x,train-8922.jpg,8,,train-72312.jpg,7,x - 67b.jpg,x,train-9834.jpg,9,
train-71626.jpg,7,x - 10.jpg,x,validation-0383.jpg,0,,train-71703.jpg,7,x - 150.jpg,x,validation-1613.jpg,1,,train-71781.jpg,7,x - 350.jpg,x,train-2768.jpg,2,,train-72090.jpg,7,x - 118.jpg,x,train-34582.jpg,3,,train-71927.jpg,7,x - 72b.jpg,x,validation-4106.jpg,4,,train-72236.jpg,7,x - 48.jpg,x,train-5943.jpg,5,,train-71859.jpg,7,x - 550.jpg,x,train-6987.jpg,6,,train-72168.jpg,7,x - 3.jpg,x,train-7851.jpg,7,,train-72003.jpg,7,x - 92b.jpg,x,train-8923.jpg,8,,train-72313.jpg,7,x - 68.jpg,x,train-9835.jpg,9,
train-71627.jpg,7,x - 100.jpg,x,validation-0384.jpg,0,,train-71704.jpg,7,x - 15a.jpg,x,validation-1614.jpg,1,,train-71782.jpg,7,x - 35a.jpg,x,train-2769.jpg,2,,train-72091.jpg,7,x - 119.jpg,x,train-34583.jpg,3,,train-71928.jpg,7,x - 73.jpg,x,validation-4107.jpg,4,,train-72237.jpg,7,x - 480.jpg,x,train-5944.jpg,5,,train-7186.jpg,7,x - 55a.jpg,x,train-6988.jpg,6,,train-72169.jpg,7,x - 30.jpg,x,train-7852.jpg,7,,train-72004.jpg,7,x - 93.jpg,x,train-8924.jpg,8,,train-72314.jpg,7,x - 680.jpg,x,train-9836.jpg,9,
train-71628.jpg,7,x - 1000.jpg,x,validation-0385.jpg,0,,train-71705.jpg,7,x - 15b.jpg,x,validation-1615.jpg,1,,train-71783.jpg,7,x - 35b.jpg,x,train-277.jpg,2,,train-72092.jpg,7,x - 11a.jpg,x,train-34584.jpg,3,,train-71929.jpg,7,x - 730.jpg,x,validation-4108.jpg,4,,train-72238.jpg,7,x - 48a.jpg,x,train-5945.jpg,5,,train-71860.jpg,7,x - 55b.jpg,x,train-6989.jpg,6,,train-7217.jpg,7,x - 300.jpg,x,train-7853.jpg,7,,train-72005.jpg,7,x - 930.jpg,x,train-8925.jpg,8,,train-72315.jpg,7,x - 68a.jpg,x,train-9837.jpg,9,
train-71629.jpg,7,x - 100a.jpg,x,validation-0386.jpg,0,,train-71706.jpg,7,x - 16.jpg,x,validation-1616.jpg,1,,train-71784.jpg,7,x - 36.jpg,x,train-2770.jpg,2,,train-72093.jpg,7,x - 11b.jpg,x,train-34585.jpg,3,,train-7193.jpg,7,x - 73a.jpg,x,validation-4109.jpg,4,,train-72239.jpg,7,x - 48b.jpg,x,train-5946.jpg,5,,train-71861.jpg,7,x - 56.jpg,x,train-699.jpg,6,,train-72170.jpg,7,x - 30a.jpg,x,train-7854.jpg,7,,train-72006.jpg,7,x - 93a.jpg,x,train-8926.jpg,8,,train-72316.jpg,7,x - 68b.jpg,x,train-9838.jpg,9,
train-7163.jpg,7,x - 100b.jpg,x,validation-0387.jpg,0,,train-71707.jpg,7,x - 160.jpg,x,validation-1617.jpg,1,,train-71785.jpg,7,x - 360.jpg,x,train-2771.jpg,2,,train-72094.jpg,7,x - 12.jpg,x,train-34586.jpg,3,,train-71930.jpg,7,x - 73b.jpg,x,validation-411.jpg,4,,train-7224.jpg,7,x - 49.jpg,x,train-5947.jpg,5,,train-71862.jpg,7,x - 560.jpg,x,train-6990.jpg,6,,train-72171.jpg,7,x - 30b.jpg,x,train-7855.jpg,7,,train-72007.jpg,7,x - 93b.jpg,x,train-8927.jpg,8,,train-72317.jpg,7,x - 69.jpg,x,train-9839.jpg,9,
train-71630.jpg,7,x - 101.jpg,x,validation-0388.jpg,0,,train-71708.jpg,7,x - 16a.jpg,x,validation-1618.jpg,1,,train-71786.jpg,7,x - 36a.jpg,x,train-2772.jpg,2,,train-72095.jpg,7,x - 120.jpg,x,train-34587.jpg,3,,train-71931.jpg,7,x - 74.jpg,x,validation-4110.jpg,4,,train-72240.jpg,7,x - 490.jpg,x,train-5948.jpg,5,,train-71863.jpg,7,x - 56a.jpg,x,train-6991.jpg,6,,train-72172.jpg,7,x - 31.jpg,x,train-7856.jpg,7,,train-72008.jpg,7,x - 94.jpg,x,train-8928.jpg,8,,train-72318.jpg,7,x - 690.jpg,x,train-984.jpg,9,
train-71631.jpg,7,x - 1010.jpg,x,validation-0389.jpg,0,,train-71709.jpg,7,x - 16b.jpg,x,validation-1619.jpg,1,,train-71787.jpg,7,x - 36b.jpg,x,train-2773.jpg,2,,train-72096.jpg,7,x - 121.jpg,x,train-34588.jpg,3,,train-71932.jpg,7,x - 740.jpg,x,validation-4111.jpg,4,,train-72241.jpg,7,x - 49a.jpg,x,train-5949.jpg,5,,train-71864.jpg,7,x - 56b.jpg,x,train-6992.jpg,6,,train-72173.jpg,7,x - 310.jpg,x,train-7857.jpg,7,,train-72009.jpg,7,x - 940.jpg,x,train-8929.jpg,8,,train-72319.jpg,7,x - 69a.jpg,x,train-9840.jpg,9,
train-71632.jpg,7,x - 101a.jpg,x,validation-039.jpg,0,,train-7171.jpg,7,x - 17.jpg,x,validation-162.jpg,1,,train-71788.jpg,7,x - 37.jpg,x,train-2774.jpg,2,,train-72097.jpg,7,x - 122.jpg,x,train-34589.jpg,3,,train-71933.jpg,7,x - 74a.jpg,x,validation-4112.jpg,4,,train-72242.jpg,7,x - 49b.jpg,x,train-595.jpg,5,,train-71865.jpg,7,x - 57.jpg,x,train-6993.jpg,6,,train-72174.jpg,7,x - 31a.jpg,x,train-7858.jpg,7,,train-7201.jpg,7,x - 94a.jpg,x,train-893.jpg,8,,train-7232.jpg,7,x - 69b.jpg,x,train-9841.jpg,9,
train-71633.jpg,7,x - 101b.jpg,x,validation-0390.jpg,0,,train-71710.jpg,7,x - 170.jpg,x,validation-1620.jpg,1,,train-71789.jpg,7,x - 370.jpg,x,train-2775.jpg,2,,train-72098.jpg,7,x - 123.jpg,x,train-3459.jpg,3,,train-71934.jpg,7,x - 74b.jpg,x,validation-4113.jpg,4,,train-72243.jpg,7,x - 4a.jpg,x,train-5950.jpg,5,,train-71866.jpg,7,x - 570.jpg,x,train-6994.jpg,6,,train-72175.jpg,7,x - 31b.jpg,x,train-7859.jpg,7,,train-72010.jpg,7,x - 94b.jpg,x,train-8930.jpg,8,,train-72320.jpg,7,x - 6a.jpg,x,train-9842.jpg,9,
train-71634.jpg,7,x - 102.jpg,x,validation-0391.jpg,0,,train-71711.jpg,7,x - 17a.jpg,x,validation-1621.jpg,1,,train-7179.jpg,7,x - 37a.jpg,x,train-2776.jpg,2,,train-72099.jpg,7,x - 124.jpg,x,train-34590.jpg,3,,train-71935.jpg,7,x - 75.jpg,x,validation-4114.jpg,4,,train-72244.jpg,7,x - 4b.jpg,x,train-5951.jpg,5,,train-71867.jpg,7,x - 57a.jpg,x,train-6995.jpg,6,,train-72176.jpg,7,x - 32.jpg,x,train-786.jpg,7,,train-72011.jpg,7,x - 95.jpg,x,train-8931.jpg,8,,train-72321.jpg,7,x - 6b.jpg,x,train-9843.jpg,9,
train-71635.jpg,7,x - 1020.jpg,x,validation-0392.jpg,0,,train-71712.jpg,7,x - 17b.jpg,x,validation-1622.jpg,1,,train-71790.jpg,7,x - 37b.jpg,x,train-2777.jpg,2,,train-721.jpg,7,x - 125.jpg,x,train-34591.jpg,3,,train-71936.jpg,7,x - 750.jpg,x,validation-4115.jpg,4,,train-72245.jpg,7,x - 5.jpg,x,train-5952.jpg,5,,train-71868.jpg,7,x - 57b.jpg,x,train-6996.jpg,6,,train-72177.jpg,7,x - 320.jpg,x,train-7860.jpg,7,,train-72012.jpg,7,x - 950.jpg,x,train-8932.jpg,8,,train-72322.jpg,7,x - 7.jpg,x,train-9844.jpg,9,
train-71636.jpg,7,x - 102a.jpg,x,validation-0393.jpg,0,,train-71713.jpg,7,x - 18.jpg,x,validation-1623.jpg,1,,train-71791.jpg,7,x - 38.jpg,x,train-2778.jpg,2,,train-7210.jpg,7,x - 12a.jpg,x,train-34592.jpg,3,,train-71937.jpg,7,x - 75a.jpg,x,validation-4116.jpg,4,,train-72246.jpg,7,x - 50.jpg,x,train-5953.jpg,5,,train-71869.jpg,7,x - 58.jpg,x,train-6997.jpg,6,,train-72178.jpg,7,x - 32a.jpg,x,train-7861.jpg,7,,train-72013.jpg,7,x - 95a.jpg,x,train-8933.jpg,8,,train-72323.jpg,7,x - 70.jpg,x,train-9845.jpg,9,
train-71637.jpg,7,x - 102b.jpg,x,validation-0394.jpg,0,,train-71714.jpg,7,x - 180.jpg,x,validation-1624.jpg,1,,train-71792.jpg,7,x - 380.jpg,x,train-2779.jpg,2,,train-72100.jpg,7,x - 12b.jpg,x,train-34593.jpg,3,,train-71938.jpg,7,x - 75b.jpg,x,validation-4117.jpg,4,,train-72247.jpg,7,x - 500.jpg,x,train-5954.jpg,5,,train-7187.jpg,7,x - 580.jpg,x,train-6998.jpg,6,,train-72179.jpg,7,x - 32b.jpg,x,train-7862.jpg,7,,train-72014.jpg,7,x - 95b.jpg,x,train-8934.jpg,8,,train-72324.jpg,7,x - 700.jpg,x,train-9846.jpg,9,
train-71638.jpg,7,x - 103.jpg,x,validation-0395.jpg,0,,train-71715.jpg,7,x - 18a.jpg,x,validation-1625.jpg,1,,train-71793.jpg,7,x - 38a.jpg,x,train-278.jpg,2,,train-72101.jpg,7,x - 13.jpg,x,train-34594.jpg,3,,train-71939.jpg,7,x - 76.jpg,x,validation-4118.jpg,4,,train-72248.jpg,7,x - 50a.jpg,x,train-5955.jpg,5,,train-71870.jpg,7,x - 58a.jpg,x,train-6999.jpg,6,,train-7218.jpg,7,x - 33.jpg,x,train-7863.jpg,7,,train-72015.jpg,7,x - 96.jpg,x,train-8935.jpg,8,,train-72325.jpg,7,x - 70a.jpg,x,train-9847.jpg,9,
train-71639.jpg,7,x - 1030.jpg,x,validation-0396.jpg,0,,train-71716.jpg,7,x - 18b.jpg,x,validation-1626.jpg,1,,train-71794.jpg,7,x - 38b.jpg,x,train-2780.jpg,2,,train-72102.jpg,7,x - 130.jpg,x,train-34595.jpg,3,,train-7194.jpg,7,x - 760.jpg,x,validation-4119.jpg,4,,train-72249.jpg,7,x - 50b.jpg,x,train-5956.jpg,5,,train-71871.jpg,7,x - 58b.jpg,x,validation-6.jpg,6,,train-72180.jpg,7,x - 330.jpg,x,train-7864.jpg,7,,train-72016.jpg,7,x - 960.jpg,x,train-8936.jpg,8,,train-72326.jpg,7,x - 70b.jpg,x,train-9848.jpg,9,
train-7164.jpg,7,x - 103a.jpg,x,validation-0397.jpg,0,,train-71717.jpg,7,x - 19.jpg,x,validation-1627.jpg,1,,train-71795.jpg,7,x - 39.jpg,x,train-2781.jpg,2,,train-72103.jpg,7,x - 13a.jpg,x,train-34596.jpg,3,,train-71940.jpg,7,x - 76a.jpg,x,validation-412.jpg,4,,train-7225.jpg,7,x - 51.jpg,x,train-5957.jpg,5,,train-71872.jpg,7,x - 59.jpg,x,validation-60.jpg,6,,train-72181.jpg,7,x - 33a.jpg,x,train-7865.jpg,7,,train-72017.jpg,7,x - 96a.jpg,x,train-8937.jpg,8,,train-72327.jpg,7,x - 71.jpg,x,train-9849.jpg,9,
train-71640.jpg,7,x - 103b.jpg,x,validation-0398.jpg,0,,train-71718.jpg,7,x - 190.jpg,x,validation-1628.jpg,1,,train-71796.jpg,7,x - 390.jpg,x,train-2782.jpg,2,,train-72104.jpg,7,x - 13b.jpg,x,train-34597.jpg,3,,train-71941.jpg,7,x - 76b.jpg,x,validation-4120.jpg,4,,train-72250.jpg,7,x - 510.jpg,x,train-5958.jpg,5,,train-71873.jpg,7,x - 590.jpg,x,validation-61.jpg,6,,train-72182.jpg,7,x - 33b.jpg,x,train-7866.jpg,7,,train-72018.jpg,7,x - 96b.jpg,x,train-8938.jpg,8,,train-72328.jpg,7,x - 710.jpg,x,train-985.jpg,9,
train-71641.jpg,7,x - 104.jpg,x,validation-0399.jpg,0,,train-71719.jpg,7,x - 19a.jpg,x,validation-1629.jpg,1,,train-71797.jpg,7,x - 39a.jpg,x,train-2783.jpg,2,,train-72105.jpg,7,x - 14.jpg,x,train-34598.jpg,3,,train-71942.jpg,7,x - 77.jpg,x,validation-4121.jpg,4,,train-72251.jpg,7,x - 51a.jpg,x,train-5959.jpg,5,,train-71874.jpg,7,x - 59a.jpg,x,validation-610.jpg,6,,train-72183.jpg,7,x - 34.jpg,x,train-7867.jpg,7,,train-72019.jpg,7,x - 97.jpg,x,train-8939.jpg,8,,train-72329.jpg,7,x - 71a.jpg,x,train-9850.jpg,9,
train-71642.jpg,7,x - 1040.jpg,x,validation-04.jpg,0,,train-7172.jpg,7,x - 19b.jpg,x,validation-163.jpg,1,,train-71798.jpg,7,x - 39b.jpg,x,train-2784.jpg,2,,train-72106.jpg,7,x - 140.jpg,x,train-34599.jpg,3,,train-71943.jpg,7,x - 770.jpg,x,validation-4122.jpg,4,,train-72252.jpg,7,x - 51b.jpg,x,train-596.jpg,5,,train-71875.jpg,7,x - 59b.jpg,x,validation-6100.jpg,6,,train-72184.jpg,7,x - 340.jpg,x,train-7868.jpg,7,,train-7202.jpg,7,x - 970.jpg,x,train-894.jpg,8,,train-7233.jpg,7,x - 71b.jpg,x,train-9851.jpg,9,
train-71643.jpg,7,x - 104a.jpg,x,validation-040.jpg,0,,train-71720.jpg,7,x - 1a.jpg,x,validation-1630.jpg,1,,train-71799.jpg,7,x - 3a.jpg,x,train-2785.jpg,2,,train-72107.jpg,7,x - 14a.jpg,x,train-346.jpg,3,,train-71944.jpg,7,x - 77a.jpg,x,validation-4123.jpg,4,,train-72253.jpg,7,x - 52.jpg,x,train-5960.jpg,5,,train-71876.jpg,7,x - 5a.jpg,x,validation-6101.jpg,6,,train-72185.jpg,7,x - 34a.jpg,x,train-7869.jpg,7,,train-72020.jpg,7,x - 97a.jpg,x,train-8940.jpg,8,,train-72330.jpg,7,x - 72.jpg,x,train-9852.jpg,9,
train-71644.jpg,7,x - 104b.jpg,x,validation-0400.jpg,0,,train-71721.jpg,7,x - 1b.jpg,x,validation-1631.jpg,1,,train-718.jpg,7,x - 3b.jpg,x,train-2786.jpg,2,,train-72108.jpg,7,x - 14b.jpg,x,train-3460.jpg,3,,train-71945.jpg,7,x - 77b.jpg,x,validation-4124.jpg,4,,train-72254.jpg,7,x - 520.jpg,x,train-5961.jpg,5,,train-71877.jpg,7,x - 5b.jpg,x,validation-6102.jpg,6,,train-72186.jpg,7,x - 34b.jpg,x,train-787.jpg,7,,train-72021.jpg,7,x - 97b.jpg,x,train-8941.jpg,8,,train-72331.jpg,7,x - 720.jpg,x,train-9853.jpg,9,
train-71645.jpg,7,x - 105.jpg,x,validation-0401.jpg,0,,train-71722.jpg,7,x - 2.jpg,x,validation-1632.jpg,1,,train-7180.jpg,7,x - 4.jpg,x,train-2787.jpg,2,,train-72109.jpg,7,x - 15.jpg,x,train-34600.jpg,3,,train-71946.jpg,7,x - 78.jpg,x,validation-4125.jpg,4,,train-72255.jpg,7,x - 52a.jpg,x,train-5962.jpg,5,,train-71878.jpg,7,x - 6.jpg,x,validation-6103.jpg,6,,train-72187.jpg,7,x - 35.jpg,x,train-7870.jpg,7,,train-72022.jpg,7,x - 98.jpg,x,train-8942.jpg,8,,train-72332.jpg,7,x - 72a.jpg,x,train-9854.jpg,9,
train-71646.jpg,7,x - 1050.jpg,x,validation-0402.jpg,0,,train-71723.jpg,7,x - 20.jpg,x,validation-1633.jpg,1,,train-71800.jpg,7,x - 40.jpg,x,train-2788.jpg,2,,train-7211.jpg,7,x - 150.jpg,x,train-34601.jpg,3,,train-71947.jpg,7,x - 780.jpg,x,validation-4126.jpg,4,,train-72256.jpg,7,x - 52b.jpg,x,train-5963.jpg,5,,train-71879.jpg,7,x - 60.jpg,x,validation-6104.jpg,6,,train-72188.jpg,7,x - 350.jpg,x,train-7871.jpg,7,,train-72023.jpg,7,x - 980.jpg,x,train-8943.jpg,8,,train-72333.jpg,7,x - 72b.jpg,x,train-9855.jpg,9,
train-71647.jpg,7,x - 105a.jpg,x,validation-0403.jpg,0,,train-71724.jpg,7,x - 200.jpg,x,validation-1634.jpg,1,,train-71801.jpg,7,x - 400.jpg,x,train-2789.jpg,2,,train-72110.jpg,7,x - 15a.jpg,x,train-34602.jpg,3,,train-71948.jpg,7,x - 78a.jpg,x,validation-4127.jpg,4,,train-72257.jpg,7,x - 53.jpg,x,train-5964.jpg,5,,train-7188.jpg,7,x - 600.jpg,x,validation-6105.jpg,6,,train-72189.jpg,7,x - 35a.jpg,x,train-7872.jpg,7,,train-72024.jpg,7,x - 98a.jpg,x,train-8944.jpg,8,,train-72334.jpg,7,x - 73.jpg,x,train-9856.jpg,9,
train-71648.jpg,7,x - 105b.jpg,x,validation-0404.jpg,0,,train-71725.jpg,7,x - 20a.jpg,x,validation-1635.jpg,1,,train-71802.jpg,7,x - 40a.jpg,x,train-279.jpg,2,,train-72111.jpg,7,x - 15b.jpg,x,train-34603.jpg,3,,train-71949.jpg,7,x - 78b.jpg,x,validation-4128.jpg,4,,train-72258.jpg,7,x - 530.jpg,x,train-5965.jpg,5,,train-71880.jpg,7,x - 60a.jpg,x,validation-6106.jpg,6,,train-7219.jpg,7,x - 35b.jpg,x,train-7873.jpg,7,,train-72025.jpg,7,x - 98b.jpg,x,train-8945.jpg,8,,train-72335.jpg,7,x - 730.jpg,x,train-9857.jpg,9,
train-71649.jpg,7,x - 106.jpg,x,validation-0405.jpg,0,,train-71726.jpg,7,x - 20b.jpg,x,validation-1636.jpg,1,,train-71803.jpg,7,x - 40b.jpg,x,train-2790.jpg,2,,train-72112.jpg,7,x - 16.jpg,x,train-34604.jpg,3,,train-7195.jpg,7,x - 79.jpg,x,validation-4129.jpg,4,,train-72259.jpg,7,x - 53a.jpg,x,train-5966.jpg,5,,train-71881.jpg,7,x - 60b.jpg,x,validation-6107.jpg,6,,train-72190.jpg,7,x - 36.jpg,x,train-7874.jpg,7,,train-72026.jpg,7,x - 99.jpg,x,train-8946.jpg,8,,train-72336.jpg,7,x - 73a.jpg,x,train-9858.jpg,9,
train-7165.jpg,7,x - 1060.jpg,x,validation-0406.jpg,0,,train-71727.jpg,7,x - 21.jpg,x,validation-1637.jpg,1,,train-71804.jpg,7,x - 41.jpg,x,train-2791.jpg,2,,train-72113.jpg,7,x - 160.jpg,x,train-34605.jpg,3,,train-71950.jpg,7,x - 790.jpg,x,validation-413.jpg,4,,train-7226.jpg,7,x - 53b.jpg,x,train-5967.jpg,5,,train-71882.jpg,7,x - 61.jpg,x,validation-6108.jpg,6,,train-72191.jpg,7,x - 360.jpg,x,train-7875.jpg,7,,train-72027.jpg,7,x - 990.jpg,x,train-8947.jpg,8,,train-72337.jpg,7,x - 73b.jpg,x,train-9859.jpg,9,
train-71650.jpg,7,x - 106a.jpg,x,validation-0407.jpg,0,,train-71728.jpg,7,x - 210.jpg,x,validation-1638.jpg,1,,train-71805.jpg,7,x - 410.jpg,x,train-2792.jpg,2,,train-72114.jpg,7,x - 16a.jpg,x,train-34606.jpg,3,,train-71951.jpg,7,x - 79a.jpg,x,validation-4130.jpg,4,,train-72260.jpg,7,x - 54.jpg,x,train-5968.jpg,5,,train-71883.jpg,7,x - 610.jpg,x,validation-6109.jpg,6,,train-72192.jpg,7,x - 36a.jpg,x,train-7876.jpg,7,,train-72028.jpg,7,x - 99a.jpg,x,train-8948.jpg,8,,train-72338.jpg,7,x - 74.jpg,x,train-986.jpg,9,
train-71651.jpg,7,x - 106b.jpg,x,validation-0408.jpg,0,,train-71729.jpg,7,x - 21a.jpg,x,validation-1639.jpg,1,,train-71806.jpg,7,x - 41a.jpg,x,train-2793.jpg,2,,train-72115.jpg,7,x - 16b.jpg,x,train-34607.jpg,3,,train-71952.jpg,7,x - 79b.jpg,x,validation-4131.jpg,4,,train-72261.jpg,7,x - 540.jpg,x,train-5969.jpg,5,,train-71884.jpg,7,x - 61a.jpg,x,validation-611.jpg,6,,train-72193.jpg,7,x - 36b.jpg,x,train-7877.jpg,7,,train-72029.jpg,7,x - 99b.jpg,x,train-8949.jpg,8,,train-72339.jpg,7,x - 740.jpg,x,train-9860.jpg,9,
train-71652.jpg,7,x - 107.jpg,x,validation-0409.jpg,0,,train-7173.jpg,7,x - 21b.jpg,x,validation-164.jpg,1,,train-71807.jpg,7,x - 41b.jpg,x,train-2794.jpg,2,,train-72116.jpg,7,x - 17.jpg,x,train-34608.jpg,3,,train-71953.jpg,7,x - 7a.jpg,x,validation-4132.jpg,4,,train-72262.jpg,7,x - 54a.jpg,x,train-597.jpg,5,,train-71885.jpg,7,x - 61b.jpg,x,validation-6110.jpg,6,,train-72194.jpg,7,x - 37.jpg,x,train-7878.jpg,7,,train-7203.jpg,7,x - 9a.jpg,x,train-895.jpg,8,,train-7234.jpg,7,x - 74a.jpg,x,train-9861.jpg,9,
train-71653.jpg,7,x - 1070.jpg,x,validation-041.jpg,0,,train-71730.jpg,7,x - 22.jpg,x,validation-1640.jpg,1,,train-71808.jpg,7,x - 42.jpg,x,train-2795.jpg,2,,train-72117.jpg,7,x - 170.jpg,x,train-34609.jpg,3,,train-71954.jpg,7,x - 7b.jpg,x,validation-4133.jpg,4,,train-72263.jpg,7,x - 54b.jpg,x,train-5970.jpg,5,,train-71886.jpg,7,x - 62.jpg,x,validation-6111.jpg,6,,train-72195.jpg,7,x - 370.jpg,x,train-7879.jpg,7,,train-72030.jpg,7,x - 9b.jpg,x,train-8950.jpg,8,,train-72340.jpg,7,x - 74b.jpg,x,train-9862.jpg,9,
train-71654.jpg,7,x - 107a.jpg,x,validation-0410.jpg,0,,train-71731.jpg,7,x - 220.jpg,x,validation-1641.jpg,1,,train-71809.jpg,7,x - 420.jpg,x,train-2796.jpg,2,,train-72118.jpg,7,x - 17a.jpg,x,train-3461.jpg,3,,train-71955.jpg,7,x - 8.jpg,x,validation-4134.jpg,4,,train-72264.jpg,7,x - 55.jpg,x,train-5971.jpg,5,,train-71887.jpg,7,x - 620.jpg,x,validation-6112.jpg,6,,train-72196.jpg,7,x - 37a.jpg,x,train-788.jpg,7,,train-72031.jpg,7,x - 1.jpg,x,train-8951.jpg,8,,train-72341.jpg,7,x - 75.jpg,x,train-9863.jpg,9,
train-71655.jpg,7,x - 107b.jpg,x,validation-0411.jpg,0,,train-71732.jpg,7,x - 22a.jpg,x,validation-1642.jpg,1,,train-7181.jpg,7,x - 42a.jpg,x,train-2797.jpg,2,,train-72119.jpg,7,x - 17b.jpg,x,train-34610.jpg,3,,train-71956.jpg,7,x - 80.jpg,x,validation-4206.jpg,4,,train-72265.jpg,7,x - 550.jpg,x,train-5972.jpg,5,,train-71888.jpg,7,x - 62a.jpg,x,validation-6113.jpg,6,,train-72197.jpg,7,x - 37b.jpg,x,train-7880.jpg,7,,train-72032.jpg,7,x - 10.jpg,x,train-8952.jpg,8,,train-72342.jpg,7,x - 750.jpg,x,train-9864.jpg,9,
train-71656.jpg,7,x - 108.jpg,x,validation-0412.jpg,0,,train-71733.jpg,7,x - 22b.jpg,x,validation-1643.jpg,1,,train-71810.jpg,7,x - 42b.jpg,x,train-2798.jpg,2,,train-7212.jpg,7,x - 18.jpg,x,train-34611.jpg,3,,train-71957.jpg,7,x - 800.jpg,x,validation-4207.jpg,4,,train-72266.jpg,7,x - 55a.jpg,x,train-5973.jpg,5,,train-71889.jpg,7,x - 62b.jpg,x,validation-6114.jpg,6,,train-72198.jpg,7,x - 38.jpg,x,train-7881.jpg,7,,train-72033.jpg,7,x - 100.jpg,x,train-8953.jpg,8,,train-72343.jpg,7,x - 75a.jpg,x,train-9865.jpg,9,
train-71657.jpg,7,x - 1080.jpg,x,validation-0413.jpg,0,,train-71734.jpg,7,x - 23.jpg,x,validation-1644.jpg,1,,train-71811.jpg,7,x - 43.jpg,x,train-2799.jpg,2,,train-72120.jpg,7,x - 180.jpg,x,train-34612.jpg,3,,train-71958.jpg,7,x - 80a.jpg,x,validation-4208.jpg,4,,train-72267.jpg,7,x - 55b.jpg,x,train-5974.jpg,5,,train-7189.jpg,7,x - 63.jpg,x,validation-6115.jpg,6,,train-72199.jpg,7,x - 380.jpg,x,train-7882.jpg,7,,train-72034.jpg,7,x - 1000.jpg,x,train-8954.jpg,8,,train-72344.jpg,7,x - 75b.jpg,x,train-9866.jpg,9,
train-71658.jpg,7,x - 108a.jpg,x,validation-0414.jpg,0,,train-71735.jpg,7,x - 230.jpg,x,validation-1645.jpg,1,,train-71812.jpg,7,x - 430.jpg,x,train-28.jpg,2,,train-72121.jpg,7,x - 18a.jpg,x,train-34613.jpg,3,,train-71959.jpg,7,x - 80b.jpg,x,validation-4209.jpg,4,,train-72268.jpg,7,x - 56.jpg,x,train-5975.jpg,5,,train-71890.jpg,7,x - 630.jpg,x,validation-6116.jpg,6,,train-722.jpg,7,x - 38a.jpg,x,train-7883.jpg,7,,train-72035.jpg,7,x - 100a.jpg,x,train-8955.jpg,8,,train-72345.jpg,7,x - 76.jpg,x,train-9867.jpg,9,
train-71659.jpg,7,x - 108b.jpg,x,validation-0415.jpg,0,,train-71736.jpg,7,x - 23a.jpg,x,validation-1646.jpg,1,,train-71813.jpg,7,x - 43a.jpg,x,train-280.jpg,2,,train-72122.jpg,7,x - 18b.jpg,x,train-34614.jpg,3,,train-7196.jpg,7,x - 81.jpg,x,validation-421.jpg,4,,train-72269.jpg,7,x - 560.jpg,x,train-5976.jpg,5,,train-71891.jpg,7,x - 63a.jpg,x,validation-6117.jpg,6,,train-7220.jpg,7,x - 38b.jpg,x,train-7884.jpg,7,,train-72036.jpg,7,x - 100b.jpg,x,train-8956.jpg,8,,train-72346.jpg,7,x - 760.jpg,x,train-9868.jpg,9,
train-7166.jpg,7,x - 109.jpg,x,validation-0416.jpg,0,,train-71737.jpg,7,x - 23b.jpg,x,validation-1647.jpg,1,,train-71814.jpg,7,x - 43b.jpg,x,train-2800.jpg,2,,train-72123.jpg,7,x - 19.jpg,x,train-34615.jpg,3,,train-71960.jpg,7,x - 810.jpg,x,validation-4210.jpg,4,,train-7227.jpg,7,x - 56a.jpg,x,train-5977.jpg,5,,train-71892.jpg,7,x - 63b.jpg,x,validation-6118.jpg,6,,train-72200.jpg,7,x - 39.jpg,x,train-7885.jpg,7,,train-72037.jpg,7,x - 101.jpg,x,train-8957.jpg,8,,train-72347.jpg,7,x - 76a.jpg,x,train-9869.jpg,9,
train-71660.jpg,7,x - 1090.jpg,x,validation-0417.jpg,0,,train-71738.jpg,7,x - 24.jpg,x,validation-1648.jpg,1,,train-71815.jpg,7,x - 44.jpg,x,train-2801.jpg,2,,train-72124.jpg,7,x - 190.jpg,x,train-34616.jpg,3,,train-71961.jpg,7,x - 81a.jpg,x,validation-4211.jpg,4,,train-72270.jpg,7,x - 56b.jpg,x,train-5978.jpg,5,,train-71893.jpg,7,x - 64.jpg,x,validation-6119.jpg,6,,train-72201.jpg,7,x - 390.jpg,x,train-7886.jpg,7,,train-72038.jpg,7,x - 1010.jpg,x,train-8958.jpg,8,,train-72348.jpg,7,x - 76b.jpg,x,train-987.jpg,9,
train-71661.jpg,7,x - 109a.jpg,x,validation-0418.jpg,0,,train-71739.jpg,7,x - 240.jpg,x,validation-1649.jpg,1,,train-71816.jpg,7,x - 440.jpg,x,train-2802.jpg,2,,train-72125.jpg,7,x - 19a.jpg,x,train-34617.jpg,3,,train-71962.jpg,7,x - 81b.jpg,x,validation-4212.jpg,4,,train-72271.jpg,7,x - 57.jpg,x,train-5979.jpg,5,,train-71894.jpg,7,x - 640.jpg,x,validation-612.jpg,6,,train-72202.jpg,7,x - 39a.jpg,x,train-7887.jpg,7,,train-72039.jpg,7,x - 101a.jpg,x,train-8959.jpg,8,,train-72349.jpg,7,x - 77.jpg,x,train-9870.jpg,9,
train-71662.jpg,7,x - 109b.jpg,x,validation-0419.jpg,0,,train-7174.jpg,7,x - 24a.jpg,x,validation-165.jpg,1,,train-71817.jpg,7,x - 44a.jpg,x,train-2803.jpg,2,,train-72126.jpg,7,x - 19b.jpg,x,train-34618.jpg,3,,train-71963.jpg,7,x - 82.jpg,x,validation-4213.jpg,4,,train-72272.jpg,7,x - 570.jpg,x,train-598.jpg,5,,train-71895.jpg,7,x - 64a.jpg,x,validation-6120.jpg,6,,train-72203.jpg,7,x - 39b.jpg,x,train-7888.jpg,7,,train-7204.jpg,7,x - 101b.jpg,x,train-896.jpg,8,,train-7235.jpg,7,x - 770.jpg,x,train-9871.jpg,9,
train-71663.jpg,7,x - 10a.jpg,x,validation-042.jpg,0,,train-71740.jpg,7,x - 24b.jpg,x,validation-1650.jpg,1,,train-71818.jpg,7,x - 44b.jpg,x,validation-2880.jpg,2,,train-72127.jpg,7,x - 1a.jpg,x,train-34619.jpg,3,,train-71964.jpg,7,x - 820.jpg,x,validation-4214.jpg,4,,train-72273.jpg,7,x - 57a.jpg,x,train-5980.jpg,5,,train-71896.jpg,7,x - 64b.jpg,x,validation-6121.jpg,6,,train-72204.jpg,7,x - 3a.jpg,x,train-7889.jpg,7,,train-72040.jpg,7,x - 102.jpg,x,train-8960.jpg,8,,train-72350.jpg,7,x - 77a.jpg,x,train-9872.jpg,9,
train-71664.jpg,7,x - 10b.jpg,x,validation-0420.jpg,0,,train-71741.jpg,7,x - 25.jpg,x,validation-1651.jpg,1,,train-71819.jpg,7,x - 45.jpg,x,validation-2881.jpg,2,,train-72128.jpg,7,x - 1b.jpg,x,train-3462.jpg,3,,train-71965.jpg,7,x - 82a.jpg,x,validation-4215.jpg,4,,train-72274.jpg,7,x - 57b.jpg,x,train-5981.jpg,5,,train-71897.jpg,7,x - 65.jpg,x,validation-6122.jpg,6,,train-72205.jpg,7,x - 3b.jpg,x,train-789.jpg,7,,train-72041.jpg,7,x - 1020.jpg,x,train-8961.jpg,8,,train-72351.jpg,7,x - 77b.jpg,x,train-9873.jpg,9,
train-71665.jpg,7,x - 11.jpg,x,validation-0421.jpg,0,,train-71742.jpg,7,x - 250.jpg,x,validation-1652.jpg,1,,train-7182.jpg,7,x - 450.jpg,x,validation-2882.jpg,2,,train-72129.jpg,7,x - 2.jpg,x,train-34620.jpg,3,,train-71966.jpg,7,x - 82b.jpg,x,validation-4216.jpg,4,,train-72275.jpg,7,x - 58.jpg,x,train-5982.jpg,5,,train-71898.jpg,7,x - 650.jpg,x,validation-6123.jpg,6,,train-72206.jpg,7,x - 4.jpg,x,train-7890.jpg,7,,train-72042.jpg,7,x - 102a.jpg,x,train-8962.jpg,8,,train-72352.jpg,7,x - 78.jpg,x,train-9874.jpg,9,
train-71666.jpg,7,x - 110.jpg,x,validation-0422.jpg,0,,train-71743.jpg,7,x - 25a.jpg,x,validation-1653.jpg,1,,train-71820.jpg,7,x - 45a.jpg,x,validation-2883.jpg,2,,train-7213.jpg,7,x - 20.jpg,x,train-34621.jpg,3,,train-71967.jpg,7,x - 83.jpg,x,validation-4217.jpg,4,,train-72276.jpg,7,x - 580.jpg,x,train-5983.jpg,5,,train-71899.jpg,7,x - 65a.jpg,x,validation-6124.jpg,6,,train-72207.jpg,7,x - 40.jpg,x,train-7891.jpg,7,,train-72043.jpg,7,x - 102b.jpg,x,train-8963.jpg,8,,train-72353.jpg,7,x - 780.jpg,x,train-9875.jpg,9,
train-71667.jpg,7,x - 1100.jpg,x,validation-0423.jpg,0,,train-71744.jpg,7,x - 25b.jpg,x,validation-1654.jpg,1,,train-71821.jpg,7,x - 45b.jpg,x,validation-2884.jpg,2,,train-72130.jpg,7,x - 200.jpg,x,train-34622.jpg,3,,train-71968.jpg,7,x - 830.jpg,x,validation-4218.jpg,4,,train-72277.jpg,7,x - 58a.jpg,x,train-5984.jpg,5,,train-719.jpg,7,x - 65b.jpg,x,validation-6125.jpg,6,,train-72208.jpg,7,x - 400.jpg,x,train-7892.jpg,7,,train-72044.jpg,7,x - 103.jpg,x,train-8964.jpg,8,,train-72354.jpg,7,x - 78a.jpg,x,train-9876.jpg,9,
train-71668.jpg,7,x - 110a.jpg,x,validation-0424.jpg,0,,train-71745.jpg,7,x - 26.jpg,x,validation-1655.jpg,1,,train-71822.jpg,7,x - 46.jpg,x,validation-2885.jpg,2,,train-72131.jpg,7,x - 20a.jpg,x,train-34623.jpg,3,,train-71969.jpg,7,x - 83a.jpg,x,validation-4219.jpg,4,,train-72278.jpg,7,x - 58b.jpg,x,train-5985.jpg,5,,train-7190.jpg,7,x - 66.jpg,x,validation-6126.jpg,6,,train-72209.jpg,7,x - 40a.jpg,x,train-7893.jpg,7,,train-72045.jpg,7,x - 1030.jpg,x,train-8965.jpg,8,,train-72355.jpg,7,x - 78b.jpg,x,train-9877.jpg,9,
train-71669.jpg,7,x - 110b.jpg,x,validation-0425.jpg,0,,train-71746.jpg,7,x - 260.jpg,x,validation-1656.jpg,1,,train-71823.jpg,7,x - 460.jpg,x,validation-2886.jpg,2,,train-72132.jpg,7,x - 20b.jpg,x,train-34624.jpg,3,,train-7197.jpg,7,x - 83b.jpg,x,validation-422.jpg,4,,train-72279.jpg,7,x - 59.jpg,x,train-5986.jpg,5,,train-71900.jpg,7,x - 660.jpg,x,validation-6127.jpg,6,,train-7221.jpg,7,x - 40b.jpg,x,train-7894.jpg,7,,train-72046.jpg,7,x - 103a.jpg,x,train-8966.jpg,8,,train-72356.jpg,7,x - 79.jpg,x,train-9878.jpg,9,
train-7167.jpg,7,x - 111.jpg,x,validation-0426.jpg,0,,train-71747.jpg,7,x - 26a.jpg,x,validation-1657.jpg,1,,train-71824.jpg,7,x - 46a.jpg,x,validation-2887.jpg,2,,train-72133.jpg,7,x - 21.jpg,x,train-34625.jpg,3,,train-71970.jpg,7,x - 84.jpg,x,validation-4220.jpg,4,,train-7228.jpg,7,x - 590.jpg,x,train-5987.jpg,5,,train-71901.jpg,7,x - 66a.jpg,x,validation-6128.jpg,6,,train-72210.jpg,7,x - 41.jpg,x,train-7895.jpg,7,,train-72047.jpg,7,x - 103b.jpg,x,train-8967.jpg,8,,train-72357.jpg,7,x - 790.jpg,x,train-9879.jpg,9,
train-71670.jpg,7,x - 1110.jpg,x,validation-0427.jpg,0,,train-71748.jpg,7,x - 26b.jpg,x,validation-1658.jpg,1,,train-71825.jpg,7,x - 46b.jpg,x,validation-2888.jpg,2,,train-72134.jpg,7,x - 210.jpg,x,train-34626.jpg,3,,train-71971.jpg,7,x - 840.jpg,x,validation-4221.jpg,4,,train-72280.jpg,7,x - 59a.jpg,x,train-5988.jpg,5,,train-71902.jpg,7,x - 66b.jpg,x,validation-6129.jpg,6,,train-72211.jpg,7,x - 410.jpg,x,train-7896.jpg,7,,train-72048.jpg,7,x - 104.jpg,x,train-8968.jpg,8,,train-72358.jpg,7,x - 79a.jpg,x,train-988.jpg,9,
train-71671.jpg,7,x - 111a.jpg,x,validation-0428.jpg,0,,train-71749.jpg,7,x - 27.jpg,x,validation-1659.jpg,1,,train-71826.jpg,7,x - 47.jpg,x,validation-2889.jpg,2,,train-72135.jpg,7,x - 21a.jpg,x,train-34627.jpg,3,,train-71972.jpg,7,x - 84a.jpg,x,validation-4222.jpg,4,,train-72281.jpg,7,x - 59b.jpg,x,train-5989.jpg,5,,train-71903.jpg,7,x - 67.jpg,x,validation-613.jpg,6,,train-72212.jpg,7,x - 41a.jpg,x,train-7897.jpg,7,,train-72049.jpg,7,x - 1040.jpg,x,train-8969.jpg,8,,train-72359.jpg,7,x - 79b.jpg,x,train-9880.jpg,9,
train-71672.jpg,7,x - 111b.jpg,x,validation-0429.jpg,0,,train-7175.jpg,7,x - 270.jpg,x,validation-166.jpg,1,,train-71827.jpg,7,x - 470.jpg,x,validation-289.jpg,2,,train-72136.jpg,7,x - 21b.jpg,x,train-34628.jpg,3,,train-71973.jpg,7,x - 84b.jpg,x,validation-4223.jpg,4,,train-72282.jpg,7,x - 5a.jpg,x,train-599.jpg,5,,train-71904.jpg,7,x - 670.jpg,x,validation-6130.jpg,6,,train-72213.jpg,7,x - 41b.jpg,x,train-7898.jpg,7,,train-7205.jpg,7,x - 104a.jpg,x,train-897.jpg,8,,train-7236.jpg,7,x - 7a.jpg,x,train-9881.jpg,9,
train-71673.jpg,7,x - 112.jpg,x,validation-043.jpg,0,,train-71750.jpg,7,x - 27a.jpg,x,validation-1660.jpg,1,,train-71828.jpg,7,x - 47a.jpg,x,validation-2890.jpg,2,,train-72137.jpg,7,x - 22.jpg,x,train-34629.jpg,3,,train-71974.jpg,7,x - 85.jpg,x,validation-4224.jpg,4,,train-72283.jpg,7,x - 5b.jpg,x,train-5990.jpg,5,,train-71905.jpg,7,x - 67a.jpg,x,validation-6131.jpg,6,,train-72214.jpg,7,x - 42.jpg,x,train-7899.jpg,7,,train-72050.jpg,7,x - 104b.jpg,x,train-8970.jpg,8,,train-72360.jpg,7,x - 7b.jpg,x,train-9882.jpg,9,
train-71674.jpg,7,x - 1120.jpg,x,validation-0430.jpg,0,,train-71751.jpg,7,x - 27b.jpg,x,validation-1661.jpg,1,,train-71829.jpg,7,x - 47b.jpg,x,validation-2891.jpg,2,,train-72138.jpg,7,x - 220.jpg,x,train-3463.jpg,3,,train-71975.jpg,7,x - 850.jpg,x,validation-4225.jpg,4,,train-72284.jpg,7,x - 6.jpg,x,train-5991.jpg,5,,train-71906.jpg,7,x - 67b.jpg,x,validation-6132.jpg,6,,train-72215.jpg,7,x - 420.jpg,x,train-79.jpg,7,,train-72051.jpg,7,x - 105.jpg,x,train-8971.jpg,8,,train-72361.jpg,7,x - 8.jpg,x,train-9883.jpg,9,
train-71675.jpg,7,x - 112a.jpg,x,validation-0431.jpg,0,,train-71752.jpg,7,x - 28.jpg,x,validation-1662.jpg,1,,train-7183.jpg,7,x - 48.jpg,x,validation-2892.jpg,2,,train-72139.jpg,7,x - 22a.jpg,x,train-34630.jpg,3,,train-71976.jpg,7,x - 85a.jpg,x,validation-4226.jpg,4,,train-72285.jpg,7,x - 60.jpg,x,train-5992.jpg,5,,train-71907.jpg,7,x - 68.jpg,x,validation-6133.jpg,6,,train-72216.jpg,7,x - 42a.jpg,x,train-790.jpg,7,,train-72052.jpg,7,x - 1050.jpg,x,train-8972.jpg,8,,train-72362.jpg,7,x - 80.jpg,x,train-9884.jpg,9,
train-71676.jpg,7,x - 112b.jpg,x,validation-0432.jpg,0,,train-71753.jpg,7,x - 280.jpg,x,validation-1663.jpg,1,,train-71830.jpg,7,x - 480.jpg,x,validation-2893.jpg,2,,train-7214.jpg,7,x - 22b.jpg,x,train-34631.jpg,3,,train-71977.jpg,7,x - 85b.jpg,x,validation-4227.jpg,4,,train-72286.jpg,7,x - 600.jpg,x,train-5993.jpg,5,,train-71908.jpg,7,x - 680.jpg,x,validation-6134.jpg,6,,train-72217.jpg,7,x - 42b.jpg,x,train-7900.jpg,7,,train-72053.jpg,7,x - 105a.jpg,x,validation-8117.jpg,8,,train-72363.jpg,7,x - 800.jpg,x,train-9885.jpg,9,
train-71677.jpg,7,x - 113.jpg,x,validation-0433.jpg,0,,train-71754.jpg,7,x - 28a.jpg,x,validation-1664.jpg,1,,train-71831.jpg,7,x - 48a.jpg,x,validation-2894.jpg,2,,train-72140.jpg,7,x - 23.jpg,x,train-34373.jpg,3,,train-71978.jpg,7,x - 86.jpg,x,validation-4228.jpg,4,,train-72287.jpg,7,x - 60a.jpg,x,train-5994.jpg,5,,train-71909.jpg,7,x - 68a.jpg,x,validation-6135.jpg,6,,train-72218.jpg,7,x - 43.jpg,x,train-7901.jpg,7,,train-72054.jpg,7,x - 105b.jpg,x,validation-8118.jpg,8,,train-72364.jpg,7,x - 80a.jpg,x,train-9886.jpg,9,
train-71678.jpg,7,x - 1130.jpg,x,validation-0434.jpg,0,,train-71755.jpg,7,x - 28b.jpg,x,validation-1665.jpg,1,,train-71832.jpg,7,x - 48b.jpg,x,validation-2895.jpg,2,,train-72141.jpg,7,x - 230.jpg,x,train-34374.jpg,3,,train-71979.jpg,7,x - 860.jpg,x,validation-4204.jpg,4,,train-72288.jpg,7,x - 60b.jpg,x,train-5995.jpg,5,,train-7191.jpg,7,x - 68b.jpg,x,validation-6136.jpg,6,,train-72219.jpg,7,x - 430.jpg,x,train-7902.jpg,7,,train-72055.jpg,7,x - 106.jpg,x,validation-8119.jpg,8,,train-72365.jpg,7,x - 80b.jpg,x,train-9887.jpg,9,
train-71679.jpg,7,x - 113a.jpg,x,validation-0435.jpg,0,,train-71756.jpg,7,x - 29.jpg,x,validation-1666.jpg,1,,train-71833.jpg,7,x - 49.jpg,x,validation-2896.jpg,2,,train-72142.jpg,7,x - 23a.jpg,x,train-34375.jpg,3,,train-7198.jpg,7,x - 86a.jpg,x,train-4923.jpg,4,,train-72289.jpg,7,x - 61.jpg,x,train-5996.jpg,5,,train-71910.jpg,7,x - 69.jpg,x,validation-6137.jpg,6,,train-7222.jpg,7,x - 43a.jpg,x,train-7903.jpg,7,,train-72056.jpg,7,x - 1060.jpg,x,validation-812.jpg,8,,train-72366.jpg,7,x - 81.jpg,x,train-9888.jpg,9,
train-7168.jpg,7,x - 113b.jpg,x,validation-0436.jpg,0,,train-71757.jpg,7,x - 290.jpg,x,validation-1667.jpg,1,,train-71834.jpg,7,x - 490.jpg,x,validation-2897.jpg,2,,train-72143.jpg,7,x - 23b.jpg,x,train-34376.jpg,3,,train-71980.jpg,7,x - 86b.jpg,x,train-4924.jpg,4,,train-7229.jpg,7,x - 610.jpg,x,train-5997.jpg,5,,train-71911.jpg,7,x - 690.jpg,x,validation-6138.jpg,6,,train-72220.jpg,7,x - 43b.jpg,x,train-7904.jpg,7,,train-72057.jpg,7,x - 106a.jpg,x,validation-8120.jpg,8,,train-72367.jpg,7,x - 810.jpg,x,train-9889.jpg,9,
train-71680.jpg,7,x - 114.jpg,x,validation-0437.jpg,0,,train-71758.jpg,7,x - 29a.jpg,x,validation-1668.jpg,1,,train-71835.jpg,7,x - 49a.jpg,x,validation-2898.jpg,2,,train-72144.jpg,7,x - 24.jpg,x,train-34377.jpg,3,,train-71981.jpg,7,x - 87.jpg,x,train-4925.jpg,4,,train-72290.jpg,7,x - 61a.jpg,x,train-5998.jpg,5,,train-71912.jpg,7,x - 69a.jpg,x,validation-6139.jpg,6,,train-72221.jpg,7,x - 44.jpg,x,train-7905.jpg,7,,train-72058.jpg,7,x - 106b.jpg,x,validation-8121.jpg,8,,train-72368.jpg,7,x - 81a.jpg,x,train-989.jpg,9,
train-71681.jpg,7,x - 115.jpg,x,validation-0438.jpg,0,,train-71759.jpg,7,x - 29b.jpg,x,validation-1669.jpg,1,,train-71836.jpg,7,x - 49b.jpg,x,validation-2899.jpg,2,,train-72145.jpg,7,x - 240.jpg,x,train-34378.jpg,3,,train-71982.jpg,7,x - 870.jpg,x,train-4926.jpg,4,,train-72291.jpg,7,x - 61b.jpg,x,train-5999.jpg,5,,train-71913.jpg,7,x - 69b.jpg,x,validation-614.jpg,6,,train-72222.jpg,7,x - 440.jpg,x,train-7906.jpg,7,,train-72059.jpg,7,x - 107.jpg,x,validation-8122.jpg,8,,train-72369.jpg,7,x - 81b.jpg,x,train-9890.jpg,9,
train-71682.jpg,7,x - 116.jpg,x,validation-0439.jpg,0,,train-7176.jpg,7,x - 2a.jpg,x,validation-167.jpg,1,,train-71837.jpg,7,x - 4a.jpg,x,validation-29.jpg,2,,train-72146.jpg,7,x - 24a.jpg,x,train-34379.jpg,3,,train-71983.jpg,7,x - 87a.jpg,x,train-4927.jpg,4,,train-72292.jpg,7,x - 62.jpg,x,validation-5.jpg,5,,train-71914.jpg,7,x - 6a.jpg,x,validation-6140.jpg,6,,train-72223.jpg,7,x - 44a.jpg,x,train-7907.jpg,7,,train-7206.jpg,7,x - 1070.jpg,x,validation-8123.jpg,8,,train-7237.jpg,7,x - 82.jpg,x,train-9891.jpg,9,
train-71683.jpg,7,x - 117.jpg,x,validation-044.jpg,0,,train-71760.jpg,7,x - 2b.jpg,x,validation-1670.jpg,1,,train-71838.jpg,7,x - 4b.jpg,x,validation-290.jpg,2,,train-72147.jpg,7,x - 24b.jpg,x,train-3438.jpg,3,,train-71984.jpg,7,x - 87b.jpg,x,train-4928.jpg,4,,train-72293.jpg,7,x - 620.jpg,x,validation-50.jpg,5,,train-71915.jpg,7,x - 6b.jpg,x,validation-6141.jpg,6,,train-72224.jpg,7,x - 44b.jpg,x,train-7908.jpg,7,,train-72060.jpg,7,x - 107a.jpg,x,validation-8124.jpg,8,,train-72370.jpg,7,x - 820.jpg,x,train-9892.jpg,9,
train-71684.jpg,7,x - 118.jpg,x,validation-0440.jpg,0,,train-71761.jpg,7,x - 3.jpg,x,validation-1671.jpg,1,,train-71839.jpg,7,x - 5.jpg,x,validation-2900.jpg,2,,train-72148.jpg,7,x - 25.jpg,x,train-34380.jpg,3,,train-71985.jpg,7,x - 88.jpg,x,train-4929.jpg,4,,train-72294.jpg,7,x - 62a.jpg,x,validation-51.jpg,5,,train-71916.jpg,7,x - 7.jpg,x,validation-6195.jpg,6,,train-72225.jpg,7,x - 45.jpg,x,train-7909.jpg,7,,train-72061.jpg,7,x - 107b.jpg,x,validation-8125.jpg,8,,train-72371.jpg,7,x - 82a.jpg,x,train-9893.jpg,9,
train-71685.jpg,7,x - 119.jpg,x,validation-0441.jpg,0,,train-71762.jpg,7,x - 30.jpg,x,validation-1672.jpg,1,,train-7184.jpg,7,x - 50.jpg,x,validation-2901.jpg,2,,train-72149.jpg,7,x - 250.jpg,x,train-34381.jpg,3,,train-71986.jpg,7,x - 880.jpg,x,validation-4205.jpg,4,,train-72295.jpg,7,x - 62b.jpg,x,validation-510.jpg,5,,train-71917.jpg,7,x - 70.jpg,x,validation-6196.jpg,6,,train-72226.jpg,7,x - 450.jpg,x,train-791.jpg,7,,train-72062.jpg,7,x - 108.jpg,x,validation-8126.jpg,8,,train-72372.jpg,7,x - 82b.jpg,x,train-9894.jpg,9,
train-71686.jpg,7,x - 11a.jpg,x,validation-0442.jpg,0,,train-71763.jpg,7,x - 300.jpg,x,validation-1673.jpg,1,,train-71840.jpg,7,x - 500.jpg,x,validation-2902.jpg,2,,train-7215.jpg,7,x - 25a.jpg,x,train-34382.jpg,3,,train-71987.jpg,7,x - 88a.jpg,x,validation-4197.jpg,4,,train-72296.jpg,7,x - 63.jpg,x,validation-5100.jpg,5,,train-71918.jpg,7,x - 700.jpg,x,validation-6197.jpg,6,,train-72227.jpg,7,x - 45a.jpg,x,train-7910.jpg,7,,train-72063.jpg,7,x - 1080.jpg,x,validation-8127.jpg,8,,train-72373.jpg,7,x - 83.jpg,x,train-9895.jpg,9,
train-71687.jpg,7,x - 11b.jpg,x,validation-0443.jpg,0,,train-71764.jpg,7,x - 30a.jpg,x,validation-1674.jpg,1,,train-71841.jpg,7,x - 50a.jpg,x,validation-2903.jpg,2,,train-72150.jpg,7,x - 25b.jpg,x,train-34383.jpg,3,,train-71988.jpg,7,x - 88b.jpg,x,validation-4198.jpg,4,,train-72297.jpg,7,x - 630.jpg,x,validation-5101.jpg,5,,train-71919.jpg,7,x - 70a.jpg,x,validation-6198.jpg,6,,train-72228.jpg,7,x - 45b.jpg,x,train-7911.jpg,7,,train-72064.jpg,7,x - 108a.jpg,x,validation-8128.jpg,8,,train-72374.jpg,7,x - 830.jpg,x,train-9896.jpg,9,
train-71688.jpg,7,x - 12.jpg,x,validation-0444.jpg,0,,train-71765.jpg,7,x - 30b.jpg,x,validation-1675.jpg,1,,train-71842.jpg,7,x - 50b.jpg,x,validation-2904.jpg,2,,train-72151.jpg,7,x - 26.jpg,x,train-34384.jpg,3,,train-71989.jpg,7,x - 89.jpg,x,validation-4199.jpg,4,,train-72298.jpg,7,x - 63a.jpg,x,validation-5102.jpg,5,,train-7192.jpg,7,x - 70b.jpg,x,validation-6199.jpg,6,,train-72229.jpg,7,x - 46.jpg,x,train-7912.jpg,7,,train-72065.jpg,7,x - 108b.jpg,x,validation-8129.jpg,8,,train-72375.jpg,7,x - 83a.jpg,x,train-9897.jpg,9,
train-71689.jpg,7,x - 120.jpg,x,validation-0445.jpg,0,,train-71766.jpg,7,x - 31.jpg,x,validation-1676.jpg,1,,train-71843.jpg,7,x - 51.jpg,x,validation-2905.jpg,2,,train-72152.jpg,7,x - 260.jpg,x,train-34385.jpg,3,,train-7199.jpg,7,x - 890.jpg,x,validation-42.jpg,4,,train-72299.jpg,7,x - 63b.jpg,x,validation-5103.jpg,5,,train-71920.jpg,7,x - 71.jpg,x,validation-62.jpg,6,,train-7223.jpg,7,x - 460.jpg,x,train-7913.jpg,7,,train-72066.jpg,7,x - 109.jpg,x,validation-813.jpg,8,,train-72376.jpg,7,x - 83b.jpg,x,train-9898.jpg,9,
train-7169.jpg,7,x - 121.jpg,x,validation-0446.jpg,0,,train-71767.jpg,7,x - 310.jpg,x,validation-1677.jpg,1,,train-71844.jpg,7,x - 510.jpg,x,validation-2906.jpg,2,,train-72153.jpg,7,x - 26a.jpg,x,train-34386.jpg,3,,train-71990.jpg,7,x - 89a.jpg,x,validation-420.jpg,4,,train-723.jpg,7,x - 64.jpg,x,validation-5104.jpg,5,,train-71921.jpg,7,x - 710.jpg,x,validation-620.jpg,6,,train-72230.jpg,7,x - 46a.jpg,x,train-7914.jpg,7,,train-72067.jpg,7,x - 1090.jpg,x,validation-8130.jpg,8,,train-72377.jpg,7,x - 84.jpg,x,train-9899.jpg,9,
train-71690.jpg,7,x - 122.jpg,x,validation-0447.jpg,0,,train-71768.jpg,7,x - 31a.jpg,x,validation-1678.jpg,1,,train-71845.jpg,7,x - 51a.jpg,x,validation-2907.jpg,2,,train-72154.jpg,7,x - 26b.jpg,x,train-34387.jpg,3,,train-71991.jpg,7,x - 89b.jpg,x,validation-4200.jpg,4,,train-7230.jpg,7,x - 640.jpg,x,validation-5105.jpg,5,,train-71922.jpg,7,x - 71a.jpg,x,validation-6181.jpg,6,,train-72231.jpg,7,x - 46b.jpg,x,train-7915.jpg,7,,train-72068.jpg,7,x - 109a.jpg,x,validation-8131.jpg,8,,train-72378.jpg,7,x - 840.jpg,x,train-99.jpg,9,
train-71691.jpg,7,x - 123.jpg,x,validation-0448.jpg,0,,train-71769.jpg,7,x - 31b.jpg,x,validation-1679.jpg,1,,train-71846.jpg,7,x - 51b.jpg,x,validation-2908.jpg,2,,train-72155.jpg,7,x - 27.jpg,x,train-34388.jpg,3,,train-71992.jpg,7,x - 8a.jpg,x,validation-4201.jpg,4,,train-72300.jpg,7,x - 64a.jpg,x,validation-5106.jpg,5,,train-71923.jpg,7,x - 71b.jpg,x,validation-6182.jpg,6,,train-72232.jpg,7,x - 47.jpg,x,train-7916.jpg,7,,train-72069.jpg,7,x - 109b.jpg,x,validation-8132.jpg,8,,train-72379.jpg,7,x - 84a.jpg,x,train-990.jpg,9,
train-71692.jpg,7,x - 124.jpg,x,validation-0449.jpg,0,,train-7177.jpg,7,x - 32.jpg,x,validation-168.jpg,1,,train-71847.jpg,7,x - 52.jpg,x,validation-2909.jpg,2,,train-72156.jpg,7,x - 270.jpg,x,train-34389.jpg,3,,train-71993.jpg,7,x - 8b.jpg,x,validation-4202.jpg,4,,train-72301.jpg,7,x - 64b.jpg,x,validation-5107.jpg,5,,train-71924.jpg,7,x - 72.jpg,x,validation-6183.jpg,6,,train-72233.jpg,7,x - 470.jpg,x,train-7917.jpg,7,,train-7207.jpg,7,x - 10a.jpg,x,validation-8133.jpg,8,,train-7238.jpg,7,x - 84b.jpg,x,train-9900.jpg,9,
train-71693.jpg,7,x - 125.jpg,x,validation-045.jpg,0,,train-71770.jpg,7,x - 320.jpg,x,validation-1680.jpg,1,,train-71848.jpg,7,x - 520.jpg,x,validation-291.jpg,2,,train-72157.jpg,7,x - 27a.jpg,x,train-3439.jpg,3,,train-71994.jpg,7,x - 9.jpg,x,validation-4203.jpg,4,,train-72302.jpg,7,x - 65.jpg,x,validation-5108.jpg,5,,train-71925.jpg,7,x - 720.jpg,x,validation-6184.jpg,6,,train-72234.jpg,7,x - 47a.jpg,x,train-7918.jpg,7,,train-72070.jpg,7,x - 10b.jpg,x,validation-8134.jpg,8,,train-72380.jpg,7,x - 85.jpg,x,train-9901.jpg,9,
train-71694.jpg,7,x - 12a.jpg,x,validation-0450.jpg,0,,train-71771.jpg,7,x - 32a.jpg,x,validation-1681.jpg,1,,train-71849.jpg,7,x - 52a.jpg,x,validation-2910.jpg,2,,train-72158.jpg,7,x - 27b.jpg,x,train-34390.jpg,3,,train-71995.jpg,7,x - 90.jpg,x,validation-4384.jpg,4,,train-72303.jpg,7,x - 650.jpg,x,validation-5109.jpg,5,,train-72080.jpg,7,x - 1120.jpg,x,validation-6185.jpg,6,,train-72390.jpg,7,x - 87b.jpg,x,train-7919.jpg,7,,train-72071.jpg,7,x - 11.jpg,x,validation-867.jpg,8,,train-72381.jpg,7,x - 850.jpg,x,train-9902.jpg,9,
train-71695.jpg,7,x - 12b.jpg,x,validation-0451.jpg,0,,train-71772.jpg,7,x - 32b.jpg,x,validation-1682.jpg,1,,train-7185.jpg,7,x - 52b.jpg,x,validation-2911.jpg,2,,train-72159.jpg,7,x - 28.jpg,x,train-34391.jpg,3,,train-71996.jpg,7,x - 900.jpg,x,validation-4385.jpg,4,,train-72304.jpg,7,x - 65a.jpg,x,validation-511.jpg,5,,train-72081.jpg,7,x - 112a.jpg,x,validation-6186.jpg,6,,train-72391.jpg,7,x - 88.jpg,x,train-792.jpg,7,,train-72072.jpg,7,x - 110.jpg,x,validation-8670.jpg,8,,train-72382.jpg,7,x - 85a.jpg,x,train-9903.jpg,9,
train-71696.jpg,7,x - 13.jpg,x,validation-0452.jpg,0,,train-71773.jpg,7,x - 33.jpg,x,validation-1683.jpg,1,,train-71850.jpg,7,x - 53.jpg,x,validation-2912.jpg,2,,train-7216.jpg,7,x - 280.jpg,x,train-34573.jpg,3,,train-71997.jpg,7,x - 90a.jpg,x,validation-4386.jpg,4,,train-72305.jpg,7,x - 65b.jpg,x,validation-5110.jpg,5,,train-72082.jpg,7,x - 112b.jpg,x,validation-6187.jpg,6,,train-72392.jpg,7,x - 880.jpg,x,train-7920.jpg,7,,train-72073.jpg,7,x - 1100.jpg,x,validation-8671.jpg,8,,train-72383.jpg,7,x - 85b.jpg,x,train-9904.jpg,9,
train-71697.jpg,7,x - 130.jpg,x,validation-0453.jpg,0,,train-71774.jpg,7,x - 330.jpg,x,validation-1684.jpg,1,,train-71851.jpg,7,x - 530.jpg,x,validation-2913.jpg,2,,train-72160.jpg,7,x - 28a.jpg,x,train-34574.jpg,3,,train-71998.jpg,7,x - 90b.jpg,x,validation-4387.jpg,4,,train-72306.jpg,7,x - 66.jpg,x,validation-5111.jpg,5,,train-72083.jpg,7,x - 113.jpg,x,validation-6188.jpg,6,,train-72393.jpg,7,x - 88a.jpg,x,train-7921.jpg,7,,train-72074.jpg,7,x - 110a.jpg,x,validation-8944.jpg,8,,train-72384.jpg,7,x - 86.jpg,x,train-9905.jpg,9,
train-71698.jpg,7,x - 13a.jpg,x,validation-0454.jpg,0,,train-71775.jpg,7,x - 33a.jpg,x,validation-1685.jpg,1,,train-71852.jpg,7,x - 53a.jpg,x,validation-2914.jpg,2,,train-72161.jpg,7,x - 28b.jpg,x,train-34575.jpg,3,,train-71999.jpg,7,x - 91.jpg,x,validation-4388.jpg,4,,train-72307.jpg,7,x - 660.jpg,x,validation-5112.jpg,5,,train-72084.jpg,7,x - 1130.jpg,x,validation-6189.jpg,6,,train-72394.jpg,7,x - 88b.jpg,x,train-7922.jpg,7,,train-72075.jpg,7,x - 110b.jpg,x,validation-8945.jpg,8,,train-72385.jpg,7,x - 860.jpg,x,train-9906.jpg,9,
train-71699.jpg,7,x - 13b.jpg,x,validation-0455.jpg,0,,train-71776.jpg,7,x - 33b.jpg,x,validation-1686.jpg,1,,train-71853.jpg,7,x - 53b.jpg,x,validation-2915.jpg,2,,train-72162.jpg,7,x - 29.jpg,x,train-34576.jpg,3,,train-72.jpg,7,x - 910.jpg,x,validation-4389.jpg,4,,train-72308.jpg,7,x - 66a.jpg,x,validation-5113.jpg,5,,train-72085.jpg,7,x - 113a.jpg,x,validation-619.jpg,6,,train-72395.jpg,7,x - 89.jpg,x,train-7923.jpg,7,,train-72076.jpg,7,x - 111.jpg,x,validation-8946.jpg,8,,train-72386.jpg,7,x - 86a.jpg,x,train-9907.jpg,9,
train-717.jpg,7,x - 14.jpg,x,validation-0456.jpg,0,,train-71777.jpg,7,x - 34.jpg,x,validation-1687.jpg,1,,train-71854.jpg,7,x - 54.jpg,x,validation-2916.jpg,2,,train-72163.jpg,7,x - 290.jpg,x,train-34577.jpg,3,,train-720.jpg,7,x - 91a.jpg,x,validation-439.jpg,4,,train-72309.jpg,7,x - 66b.jpg,x,validation-5114.jpg,5,,train-72086.jpg,7,x - 113b.jpg,x,validation-6190.jpg,6,,train-72396.jpg,7,x - 890.jpg,x,train-7924.jpg,7,,train-72077.jpg,7,x - 1110.jpg,x,validation-8947.jpg,8,,train-72387.jpg,7,x - 86b.jpg,x,train-9908.jpg,9,
train-7170.jpg,7,x - 140.jpg,x,validation-0457.jpg,0,,train-71778.jpg,7,x - 340.jpg,x,validation-1688.jpg,1,,train-71855.jpg,7,x - 540.jpg,x,validation-2917.jpg,2,,train-72164.jpg,7,x - 29a.jpg,x,train-34578.jpg,3,,train-7200.jpg,7,x - 91b.jpg,x,validation-4194.jpg,4,,train-7231.jpg,7,x - 67.jpg,x,validation-5115.jpg,5,,train-72087.jpg,7,x - 114.jpg,x,validation-6191.jpg,6,,train-72397.jpg,7,x - 89a.jpg,x,train-7925.jpg,7,,train-72078.jpg,7,x - 111a.jpg,x,validation-8948.jpg,8,,train-72388.jpg,7,x - 87.jpg,x,train-9909.jpg,9,
train-71700.jpg,7,x - 14a.jpg,x,validation-0458.jpg,0,,train-71779.jpg,7,x - 34a.jpg,x,validation-1689.jpg,1,,train-71856.jpg,7,x - 54a.jpg,x,validation-2918.jpg,2,,train-72165.jpg,7,x - 29b.jpg,x,train-34579.jpg,3,,train-72000.jpg,7,x - 92.jpg,x,validation-4195.jpg,4,,train-72310.jpg,7,x - 670.jpg,x,validation-5116.jpg,5,,train-72088.jpg,7,x - 115.jpg,x,validation-6192.jpg,6,,train-72398.jpg,7,x - 89b.jpg,x,train-7926.jpg,7,,train-72079.jpg,7,x - 111b.jpg,x,validation-8949.jpg,8,,train-72389.jpg,7,x - 870.jpg,x,validation-9854.jpg,9,
train-71701.jpg,7,x - 14b.jpg,x,train-04073.jpg,0,,train-7178.jpg,7,x - 34b.jpg,x,validation-169.jpg,1,,train-71857.jpg,7,x - 54b.jpg,x,validation-2919.jpg,2,,train-72166.jpg,7,x - 2a.jpg,x,train-3458.jpg,3,,train-72001.jpg,7,x - 920.jpg,x,validation-4196.jpg,4,,train-72311.jpg,7,x - 67a.jpg,x,validation-5117.jpg,5,,train-72089.jpg,7,x - 116.jpg,x,validation-6193.jpg,6,,train-72399.jpg,7,x - 8a.jpg,x,train-7927.jpg,7,,train-7208.jpg,7,x - 112.jpg,x,validation-895.jpg,8,,train-7239.jpg,7,x - 87a.jpg,x,validation-9855.jpg,9,