train-02365.jpg,0,x - 6b.jpg,x,train-03377.jpg,0,,train-02288.jpg,0,x - 4b.jpg,x,train-13239.jpg,1,,train-0221.jpg,0,x - 2b.jpg,x,train-23331.jpg,2,,train-02132.jpg,0,x - 117.jpg,x,train-33351.jpg,3,,train-02055.jpg,0,x - 95.jpg,x,train-43377.jpg,4,,train-01979.jpg,0,x - 75.jpg,x,train-53458.jpg,5,,train-01900.jpg,0,x - 55.jpg,x,train-63399.jpg,6,,train-01823.jpg,0,x - 35.jpg,x,train-73335.jpg,7,,train-01746.jpg,0,x - 15.jpg,x,train-83384.jpg,8,,train-01669.jpg,0,x - 1.jpg,x,train-93352.jpg,9,
train-02366.jpg,0,x - 7.jpg,x,train-03378.jpg,0,,train-02289.jpg,0,x - 5.jpg,x,train-1324.jpg,1,,train-02210.jpg,0,x - 3.jpg,x,train-23332.jpg,2,,train-02133.jpg,0,x - 118.jpg,x,train-33352.jpg,3,,train-02056.jpg,0,x - 950.jpg,x,train-43378.jpg,4,,train-0198.jpg,0,x - 750.jpg,x,train-53459.jpg,5,,train-01901.jpg,0,x - 550.jpg,x,train-634.jpg,6,,train-01824.jpg,0,x - 350.jpg,x,train-73336.jpg,7,,train-01747.jpg,0,x - 150.jpg,x,train-83385.jpg,8,,train-0167.jpg,0,x - 10.jpg,x,train-93353.jpg,9,
train-02367.jpg,0,x - 70.jpg,x,train-03379.jpg,0,,train-0229.jpg,0,x - 50.jpg,x,train-13240.jpg,1,,train-02211.jpg,0,x - 30.jpg,x,train-23333.jpg,2,,train-02134.jpg,0,x - 119.jpg,x,train-33353.jpg,3,,train-02057.jpg,0,x - 95a.jpg,x,train-43379.jpg,4,,train-01980.jpg,0,x - 75a.jpg,x,train-5346.jpg,5,,train-01902.jpg,0,x - 55a.jpg,x,train-6340.jpg,6,,train-01825.jpg,0,x - 35a.jpg,x,train-73337.jpg,7,,train-01748.jpg,0,x - 15a.jpg,x,train-83386.jpg,8,,train-01670.jpg,0,x - 100.jpg,x,train-93354.jpg,9,
train-02368.jpg,0,x - 700.jpg,x,train-0338.jpg,0,,train-02290.jpg,0,x - 500.jpg,x,train-13241.jpg,1,,train-02212.jpg,0,x - 300.jpg,x,train-23334.jpg,2,,train-02135.jpg,0,x - 11a.jpg,x,train-33354.jpg,3,,train-02058.jpg,0,x - 95b.jpg,x,train-4338.jpg,4,,train-01981.jpg,0,x - 75b.jpg,x,train-53460.jpg,5,,train-01903.jpg,0,x - 55b.jpg,x,train-63400.jpg,6,,train-01826.jpg,0,x - 35b.jpg,x,train-73338.jpg,7,,train-01749.jpg,0,x - 15b.jpg,x,train-83387.jpg,8,,train-01671.jpg,0,x - 1000.jpg,x,train-93355.jpg,9,
train-02369.jpg,0,x - 70a.jpg,x,train-03380.jpg,0,,train-02291.jpg,0,x - 50a.jpg,x,train-13242.jpg,1,,train-02213.jpg,0,x - 30a.jpg,x,train-23335.jpg,2,,train-02136.jpg,0,x - 11b.jpg,x,train-33355.jpg,3,,train-02059.jpg,0,x - 96.jpg,x,train-43380.jpg,4,,train-01982.jpg,0,x - 76.jpg,x,train-53461.jpg,5,,train-01904.jpg,0,x - 56.jpg,x,train-63401.jpg,6,,train-01827.jpg,0,x - 36.jpg,x,train-73339.jpg,7,,train-0175.jpg,0,x - 16.jpg,x,train-83388.jpg,8,,train-01672.jpg,0,x - 100a.jpg,x,train-93356.jpg,9,
train-0237.jpg,0,x - 70b.jpg,x,train-03381.jpg,0,,train-02292.jpg,0,x - 50b.jpg,x,train-13243.jpg,1,,train-02214.jpg,0,x - 30b.jpg,x,train-23336.jpg,2,,train-02137.jpg,0,x - 12.jpg,x,train-33356.jpg,3,,train-0206.jpg,0,x - 960.jpg,x,train-43381.jpg,4,,train-01983.jpg,0,x - 760.jpg,x,train-53462.jpg,5,,train-01905.jpg,0,x - 560.jpg,x,train-63402.jpg,6,,train-01828.jpg,0,x - 360.jpg,x,train-7334.jpg,7,,train-01750.jpg,0,x - 160.jpg,x,train-83389.jpg,8,,train-01673.jpg,0,x - 100b.jpg,x,train-93357.jpg,9,
train-02370.jpg,0,x - 71.jpg,x,train-03382.jpg,0,,train-02293.jpg,0,x - 51.jpg,x,train-13244.jpg,1,,train-02215.jpg,0,x - 31.jpg,x,train-23337.jpg,2,,train-02138.jpg,0,x - 120.jpg,x,train-33357.jpg,3,,train-02060.jpg,0,x - 96a.jpg,x,train-43382.jpg,4,,train-01984.jpg,0,x - 76a.jpg,x,train-53463.jpg,5,,train-01906.jpg,0,x - 56a.jpg,x,train-63403.jpg,6,,train-01829.jpg,0,x - 36a.jpg,x,train-73340.jpg,7,,train-01751.jpg,0,x - 16a.jpg,x,train-8339.jpg,8,,train-01674.jpg,0,x - 101.jpg,x,train-93358.jpg,9,
train-02371.jpg,0,x - 710.jpg,x,train-03383.jpg,0,,train-02294.jpg,0,x - 510.jpg,x,train-13245.jpg,1,,train-02216.jpg,0,x - 310.jpg,x,train-23338.jpg,2,,train-02139.jpg,0,x - 121.jpg,x,train-33358.jpg,3,,train-02061.jpg,0,x - 96b.jpg,x,train-43383.jpg,4,,train-01985.jpg,0,x - 76b.jpg,x,train-53464.jpg,5,,train-01907.jpg,0,x - 56b.jpg,x,train-63404.jpg,6,,train-0183.jpg,0,x - 36b.jpg,x,train-73341.jpg,7,,train-01752.jpg,0,x - 16b.jpg,x,train-83390.jpg,8,,train-01675.jpg,0,x - 1010.jpg,x,train-93359.jpg,9,
train-02372.jpg,0,x - 71a.jpg,x,train-03384.jpg,0,,train-02295.jpg,0,x - 51a.jpg,x,train-13246.jpg,1,,train-02217.jpg,0,x - 31a.jpg,x,train-23339.jpg,2,,train-0214.jpg,0,x - 122.jpg,x,train-33359.jpg,3,,train-02062.jpg,0,x - 97.jpg,x,train-43384.jpg,4,,train-01986.jpg,0,x - 77.jpg,x,train-53465.jpg,5,,train-01908.jpg,0,x - 57.jpg,x,train-63405.jpg,6,,train-01830.jpg,0,x - 37.jpg,x,train-73342.jpg,7,,train-01753.jpg,0,x - 17.jpg,x,train-83391.jpg,8,,train-01676.jpg,0,x - 101a.jpg,x,train-9336.jpg,9,
train-02373.jpg,0,x - 71b.jpg,x,train-03385.jpg,0,,train-02296.jpg,0,x - 51b.jpg,x,train-13247.jpg,1,,train-02218.jpg,0,x - 31b.jpg,x,train-2334.jpg,2,,train-02140.jpg,0,x - 123.jpg,x,train-3336.jpg,3,,train-02063.jpg,0,x - 970.jpg,x,train-43385.jpg,4,,train-01987.jpg,0,x - 770.jpg,x,train-53466.jpg,5,,train-01909.jpg,0,x - 570.jpg,x,train-63406.jpg,6,,train-01831.jpg,0,x - 370.jpg,x,train-73343.jpg,7,,train-01754.jpg,0,x - 170.jpg,x,train-83392.jpg,8,,train-01677.jpg,0,x - 101b.jpg,x,train-93360.jpg,9,
train-02374.jpg,0,x - 72.jpg,x,train-03386.jpg,0,,train-02297.jpg,0,x - 52.jpg,x,train-13248.jpg,1,,train-02219.jpg,0,x - 32.jpg,x,train-23340.jpg,2,,train-02141.jpg,0,x - 124.jpg,x,train-33360.jpg,3,,train-02064.jpg,0,x - 97a.jpg,x,train-43386.jpg,4,,train-01988.jpg,0,x - 77a.jpg,x,train-53467.jpg,5,,train-0191.jpg,0,x - 57a.jpg,x,train-63407.jpg,6,,train-01832.jpg,0,x - 37a.jpg,x,train-73344.jpg,7,,train-01755.jpg,0,x - 17a.jpg,x,train-83393.jpg,8,,train-01678.jpg,0,x - 102.jpg,x,train-93361.jpg,9,
train-02375.jpg,0,x - 720.jpg,x,train-03387.jpg,0,,train-02298.jpg,0,x - 520.jpg,x,train-13249.jpg,1,,train-0222.jpg,0,x - 320.jpg,x,train-23341.jpg,2,,train-02142.jpg,0,x - 125.jpg,x,train-33361.jpg,3,,train-02065.jpg,0,x - 97b.jpg,x,train-43387.jpg,4,,train-01989.jpg,0,x - 77b.jpg,x,train-53468.jpg,5,,train-01910.jpg,0,x - 57b.jpg,x,train-63408.jpg,6,,train-01833.jpg,0,x - 37b.jpg,x,train-73345.jpg,7,,train-01756.jpg,0,x - 17b.jpg,x,train-83394.jpg,8,,train-01679.jpg,0,x - 1020.jpg,x,train-93362.jpg,9,
train-02376.jpg,0,x - 72a.jpg,x,train-03388.jpg,0,,train-02299.jpg,0,x - 52a.jpg,x,train-1325.jpg,1,,train-02220.jpg,0,x - 32a.jpg,x,train-23342.jpg,2,,train-02143.jpg,0,x - 12a.jpg,x,train-33362.jpg,3,,train-02066.jpg,0,x - 98.jpg,x,train-43388.jpg,4,,train-0199.jpg,0,x - 78.jpg,x,train-53469.jpg,5,,train-01911.jpg,0,x - 58.jpg,x,train-63409.jpg,6,,train-01834.jpg,0,x - 38.jpg,x,train-73346.jpg,7,,train-01757.jpg,0,x - 18.jpg,x,train-83395.jpg,8,,train-0168.jpg,0,x - 102a.jpg,x,train-93363.jpg,9,
train-02377.jpg,0,x - 72b.jpg,x,train-03389.jpg,0,,train-023.jpg,0,x - 52b.jpg,x,train-13250.jpg,1,,train-02221.jpg,0,x - 32b.jpg,x,train-23343.jpg,2,,train-02144.jpg,0,x - 12b.jpg,x,train-33363.jpg,3,,train-02067.jpg,0,x - 980.jpg,x,train-43389.jpg,4,,train-01990.jpg,0,x - 780.jpg,x,train-5347.jpg,5,,train-01912.jpg,0,x - 580.jpg,x,train-6341.jpg,6,,train-01835.jpg,0,x - 380.jpg,x,train-73347.jpg,7,,train-01758.jpg,0,x - 180.jpg,x,train-83396.jpg,8,,train-01680.jpg,0,x - 102b.jpg,x,train-93364.jpg,9,
train-02378.jpg,0,x - 73.jpg,x,train-0339.jpg,0,,train-0230.jpg,0,x - 53.jpg,x,train-13251.jpg,1,,train-02222.jpg,0,x - 33.jpg,x,train-23344.jpg,2,,train-02145.jpg,0,x - 13.jpg,x,train-33364.jpg,3,,train-02068.jpg,0,x - 98a.jpg,x,train-4339.jpg,4,,train-01991.jpg,0,x - 78a.jpg,x,train-53470.jpg,5,,train-01913.jpg,0,x - 58a.jpg,x,train-63410.jpg,6,,train-01836.jpg,0,x - 38a.jpg,x,train-73348.jpg,7,,train-01759.jpg,0,x - 18a.jpg,x,train-83397.jpg,8,,train-01681.jpg,0,x - 103.jpg,x,train-93365.jpg,9,
train-02379.jpg,0,x - 730.jpg,x,train-03390.jpg,0,,train-02300.jpg,0,x - 530.jpg,x,train-13252.jpg,1,,train-02223.jpg,0,x - 330.jpg,x,train-23345.jpg,2,,train-02146.jpg,0,x - 130.jpg,x,train-33365.jpg,3,,train-02069.jpg,0,x - 98b.jpg,x,train-43390.jpg,4,,train-01992.jpg,0,x - 78b.jpg,x,train-53471.jpg,5,,train-01914.jpg,0,x - 58b.jpg,x,train-63411.jpg,6,,train-01837.jpg,0,x - 38b.jpg,x,train-73349.jpg,7,,train-0176.jpg,0,x - 18b.jpg,x,train-83398.jpg,8,,train-01682.jpg,0,x - 1030.jpg,x,train-93366.jpg,9,
train-0238.jpg,0,x - 73a.jpg,x,train-03391.jpg,0,,train-02301.jpg,0,x - 53a.jpg,x,train-13253.jpg,1,,train-02224.jpg,0,x - 33a.jpg,x,train-23346.jpg,2,,train-02147.jpg,0,x - 13a.jpg,x,train-33366.jpg,3,,train-0207.jpg,0,x - 99.jpg,x,train-43391.jpg,4,,train-01993.jpg,0,x - 79.jpg,x,train-53472.jpg,5,,train-01915.jpg,0,x - 59.jpg,x,train-63412.jpg,6,,train-01838.jpg,0,x - 39.jpg,x,train-7335.jpg,7,,train-01760.jpg,0,x - 19.jpg,x,train-83399.jpg,8,,train-01683.jpg,0,x - 103a.jpg,x,train-93367.jpg,9,
train-02380.jpg,0,x - 73b.jpg,x,train-03392.jpg,0,,train-02302.jpg,0,x - 53b.jpg,x,train-13254.jpg,1,,train-02225.jpg,0,x - 33b.jpg,x,train-23347.jpg,2,,train-02148.jpg,0,x - 13b.jpg,x,train-33367.jpg,3,,train-02070.jpg,0,x - 990.jpg,x,train-43392.jpg,4,,train-01994.jpg,0,x - 790.jpg,x,train-53473.jpg,5,,train-01916.jpg,0,x - 590.jpg,x,train-63413.jpg,6,,train-01839.jpg,0,x - 390.jpg,x,train-73350.jpg,7,,train-01761.jpg,0,x - 190.jpg,x,train-834.jpg,8,,train-01684.jpg,0,x - 103b.jpg,x,train-93368.jpg,9,
train-02381.jpg,0,x - 74.jpg,x,train-03393.jpg,0,,train-02303.jpg,0,x - 54.jpg,x,train-13255.jpg,1,,train-02226.jpg,0,x - 34.jpg,x,train-23348.jpg,2,,train-02149.jpg,0,x - 14.jpg,x,train-33368.jpg,3,,train-02071.jpg,0,x - 99a.jpg,x,train-43393.jpg,4,,train-01995.jpg,0,x - 79a.jpg,x,train-53474.jpg,5,,train-01917.jpg,0,x - 59a.jpg,x,train-63414.jpg,6,,train-0184.jpg,0,x - 39a.jpg,x,train-73351.jpg,7,,train-01762.jpg,0,x - 19a.jpg,x,train-8340.jpg,8,,train-01685.jpg,0,x - 104.jpg,x,train-93369.jpg,9,
train-02382.jpg,0,x - 740.jpg,x,train-03394.jpg,0,,train-02304.jpg,0,x - 540.jpg,x,train-13256.jpg,1,,train-02227.jpg,0,x - 340.jpg,x,train-23349.jpg,2,,train-0215.jpg,0,x - 140.jpg,x,train-33369.jpg,3,,train-02072.jpg,0,x - 99b.jpg,x,train-43394.jpg,4,,train-01996.jpg,0,x - 79b.jpg,x,train-53475.jpg,5,,train-01918.jpg,0,x - 59b.jpg,x,train-63415.jpg,6,,train-01840.jpg,0,x - 39b.jpg,x,train-73352.jpg,7,,train-01763.jpg,0,x - 19b.jpg,x,train-83400.jpg,8,,train-01686.jpg,0,x - 1040.jpg,x,train-9337.jpg,9,
train-02383.jpg,0,x - 74a.jpg,x,train-03395.jpg,0,,train-02305.jpg,0,x - 54a.jpg,x,train-13257.jpg,1,,train-02228.jpg,0,x - 34a.jpg,x,train-2335.jpg,2,,train-02150.jpg,0,x - 14a.jpg,x,train-3337.jpg,3,,train-02073.jpg,0,x - 9a.jpg,x,train-43395.jpg,4,,train-01997.jpg,0,x - 7a.jpg,x,train-53476.jpg,5,,train-01919.jpg,0,x - 5a.jpg,x,train-63416.jpg,6,,train-01841.jpg,0,x - 3a.jpg,x,train-73353.jpg,7,,train-01764.jpg,0,x - 1a.jpg,x,train-83401.jpg,8,,train-01687.jpg,0,x - 104a.jpg,x,train-93370.jpg,9,
train-02384.jpg,0,x - 74b.jpg,x,train-03396.jpg,0,,train-02306.jpg,0,x - 54b.jpg,x,train-13258.jpg,1,,train-02229.jpg,0,x - 34b.jpg,x,train-23350.jpg,2,,train-02151.jpg,0,x - 14b.jpg,x,train-33370.jpg,3,,train-02074.jpg,0,x - 9b.jpg,x,train-43396.jpg,4,,train-01998.jpg,0,x - 7b.jpg,x,train-53477.jpg,5,,train-0192.jpg,0,x - 5b.jpg,x,train-63417.jpg,6,,train-01842.jpg,0,x - 3b.jpg,x,train-73354.jpg,7,,train-01765.jpg,0,x - 1b.jpg,x,train-83402.jpg,8,,train-01688.jpg,0,x - 104b.jpg,x,train-93371.jpg,9,
train-02385.jpg,0,x - 75.jpg,x,train-03397.jpg,0,,train-02307.jpg,0,x - 55.jpg,x,train-13259.jpg,1,,train-0223.jpg,0,x - 35.jpg,x,train-23351.jpg,2,,train-02152.jpg,0,x - 15.jpg,x,train-33371.jpg,3,,train-02075.jpg,0,x - 1.jpg,x,train-43397.jpg,4,,train-01999.jpg,0,x - 8.jpg,x,train-53478.jpg,5,,train-01920.jpg,0,x - 6.jpg,x,train-63418.jpg,6,,train-01843.jpg,0,x - 4.jpg,x,train-73355.jpg,7,,train-01766.jpg,0,x - 2.jpg,x,train-83403.jpg,8,,train-01689.jpg,0,x - 105.jpg,x,train-93372.jpg,9,
train-02386.jpg,0,x - 750.jpg,x,train-03398.jpg,0,,train-02308.jpg,0,x - 550.jpg,x,train-1326.jpg,1,,train-02230.jpg,0,x - 350.jpg,x,train-23352.jpg,2,,train-02153.jpg,0,x - 150.jpg,x,train-33372.jpg,3,,train-02076.jpg,0,x - 10.jpg,x,train-43398.jpg,4,,train-02.jpg,0,x - 80.jpg,x,train-53479.jpg,5,,train-01921.jpg,0,x - 60.jpg,x,train-63419.jpg,6,,train-01844.jpg,0,x - 40.jpg,x,train-73356.jpg,7,,train-01767.jpg,0,x - 20.jpg,x,train-83404.jpg,8,,train-0169.jpg,0,x - 1050.jpg,x,train-93373.jpg,9,
train-02387.jpg,0,x - 75a.jpg,x,train-03399.jpg,0,,train-02309.jpg,0,x - 55a.jpg,x,train-13260.jpg,1,,train-02231.jpg,0,x - 35a.jpg,x,train-23353.jpg,2,,train-02154.jpg,0,x - 15a.jpg,x,train-33373.jpg,3,,train-02077.jpg,0,x - 100.jpg,x,train-43399.jpg,4,,train-020.jpg,0,x - 800.jpg,x,train-5348.jpg,5,,train-01922.jpg,0,x - 600.jpg,x,train-6342.jpg,6,,train-01845.jpg,0,x - 400.jpg,x,train-73357.jpg,7,,train-01768.jpg,0,x - 200.jpg,x,train-83405.jpg,8,,train-01690.jpg,0,x - 105a.jpg,x,train-93374.jpg,9,
train-02388.jpg,0,x - 75b.jpg,x,train-034.jpg,0,,train-0231.jpg,0,x - 55b.jpg,x,train-13261.jpg,1,,train-02232.jpg,0,x - 35b.jpg,x,train-23354.jpg,2,,train-02155.jpg,0,x - 15b.jpg,x,train-33374.jpg,3,,train-02078.jpg,0,x - 1000.jpg,x,train-434.jpg,4,,train-0200.jpg,0,x - 80a.jpg,x,train-53480.jpg,5,,train-01923.jpg,0,x - 60a.jpg,x,train-63420.jpg,6,,train-01846.jpg,0,x - 40a.jpg,x,train-73358.jpg,7,,train-01769.jpg,0,x - 20a.jpg,x,train-83406.jpg,8,,train-01691.jpg,0,x - 105b.jpg,x,train-93375.jpg,9,
train-02389.jpg,0,x - 76.jpg,x,train-0340.jpg,0,,train-02310.jpg,0,x - 56.jpg,x,train-13262.jpg,1,,train-02233.jpg,0,x - 36.jpg,x,train-23355.jpg,2,,train-02156.jpg,0,x - 16.jpg,x,train-33375.jpg,3,,train-02079.jpg,0,x - 100a.jpg,x,train-4340.jpg,4,,train-02000.jpg,0,x - 80b.jpg,x,train-53481.jpg,5,,train-01924.jpg,0,x - 60b.jpg,x,train-63421.jpg,6,,train-01847.jpg,0,x - 40b.jpg,x,train-73359.jpg,7,,train-0177.jpg,0,x - 20b.jpg,x,train-83407.jpg,8,,train-01692.jpg,0,x - 106.jpg,x,train-93376.jpg,9,
train-0239.jpg,0,x - 760.jpg,x,train-03400.jpg,0,,train-02311.jpg,0,x - 560.jpg,x,train-13263.jpg,1,,train-02234.jpg,0,x - 360.jpg,x,train-23356.jpg,2,,train-02157.jpg,0,x - 160.jpg,x,train-33376.jpg,3,,train-0208.jpg,0,x - 100b.jpg,x,train-43400.jpg,4,,train-02001.jpg,0,x - 81.jpg,x,train-53482.jpg,5,,train-01925.jpg,0,x - 61.jpg,x,train-63422.jpg,6,,train-01848.jpg,0,x - 41.jpg,x,train-7336.jpg,7,,train-01770.jpg,0,x - 21.jpg,x,train-83408.jpg,8,,train-01693.jpg,0,x - 1060.jpg,x,train-93377.jpg,9,
train-02390.jpg,0,x - 76a.jpg,x,train-03401.jpg,0,,train-02312.jpg,0,x - 56a.jpg,x,train-13264.jpg,1,,train-02235.jpg,0,x - 36a.jpg,x,train-23357.jpg,2,,train-02158.jpg,0,x - 16a.jpg,x,train-33377.jpg,3,,train-02080.jpg,0,x - 101.jpg,x,train-43401.jpg,4,,train-02002.jpg,0,x - 810.jpg,x,train-53483.jpg,5,,train-01926.jpg,0,x - 610.jpg,x,train-63423.jpg,6,,train-01849.jpg,0,x - 410.jpg,x,train-73360.jpg,7,,train-01771.jpg,0,x - 210.jpg,x,train-83409.jpg,8,,train-01694.jpg,0,x - 106a.jpg,x,train-93378.jpg,9,
train-02391.jpg,0,x - 76b.jpg,x,train-03402.jpg,0,,train-02313.jpg,0,x - 56b.jpg,x,train-13265.jpg,1,,train-02236.jpg,0,x - 36b.jpg,x,train-23358.jpg,2,,train-02159.jpg,0,x - 16b.jpg,x,train-33378.jpg,3,,train-02081.jpg,0,x - 1010.jpg,x,train-43402.jpg,4,,train-02003.jpg,0,x - 81a.jpg,x,train-53484.jpg,5,,train-01927.jpg,0,x - 61a.jpg,x,train-63424.jpg,6,,train-0185.jpg,0,x - 41a.jpg,x,train-73361.jpg,7,,train-01772.jpg,0,x - 21a.jpg,x,train-8341.jpg,8,,train-01695.jpg,0,x - 106b.jpg,x,train-93379.jpg,9,
train-02392.jpg,0,x - 77.jpg,x,train-03403.jpg,0,,train-02314.jpg,0,x - 57.jpg,x,train-13266.jpg,1,,train-02237.jpg,0,x - 37.jpg,x,train-23359.jpg,2,,train-0216.jpg,0,x - 17.jpg,x,train-33379.jpg,3,,train-02082.jpg,0,x - 101a.jpg,x,train-43403.jpg,4,,train-02004.jpg,0,x - 81b.jpg,x,train-53485.jpg,5,,train-01928.jpg,0,x - 61b.jpg,x,train-63425.jpg,6,,train-01850.jpg,0,x - 41b.jpg,x,train-73362.jpg,7,,train-01773.jpg,0,x - 21b.jpg,x,train-83410.jpg,8,,train-01696.jpg,0,x - 107.jpg,x,train-9338.jpg,9,
train-02393.jpg,0,x - 770.jpg,x,train-03404.jpg,0,,train-02315.jpg,0,x - 570.jpg,x,train-13267.jpg,1,,train-02238.jpg,0,x - 370.jpg,x,train-2336.jpg,2,,train-02160.jpg,0,x - 170.jpg,x,train-3338.jpg,3,,train-02083.jpg,0,x - 101b.jpg,x,train-43404.jpg,4,,train-02005.jpg,0,x - 82.jpg,x,train-53486.jpg,5,,train-01929.jpg,0,x - 62.jpg,x,train-63426.jpg,6,,train-01851.jpg,0,x - 42.jpg,x,train-73363.jpg,7,,train-01774.jpg,0,x - 22.jpg,x,train-83411.jpg,8,,train-01697.jpg,0,x - 1070.jpg,x,train-93380.jpg,9,
train-02394.jpg,0,x - 77a.jpg,x,train-03405.jpg,0,,train-02316.jpg,0,x - 57a.jpg,x,train-13268.jpg,1,,train-02239.jpg,0,x - 37a.jpg,x,train-23360.jpg,2,,train-02161.jpg,0,x - 17a.jpg,x,train-33380.jpg,3,,train-02084.jpg,0,x - 102.jpg,x,train-43405.jpg,4,,train-02006.jpg,0,x - 820.jpg,x,train-53487.jpg,5,,train-0193.jpg,0,x - 620.jpg,x,train-63427.jpg,6,,train-01852.jpg,0,x - 420.jpg,x,train-73364.jpg,7,,train-01775.jpg,0,x - 220.jpg,x,train-83412.jpg,8,,train-01698.jpg,0,x - 107a.jpg,x,train-93381.jpg,9,
train-02395.jpg,0,x - 77b.jpg,x,train-03406.jpg,0,,train-02317.jpg,0,x - 57b.jpg,x,train-13269.jpg,1,,train-0224.jpg,0,x - 37b.jpg,x,train-23361.jpg,2,,train-02162.jpg,0,x - 17b.jpg,x,train-33381.jpg,3,,train-02085.jpg,0,x - 1020.jpg,x,train-43406.jpg,4,,train-02007.jpg,0,x - 82a.jpg,x,train-53488.jpg,5,,train-01930.jpg,0,x - 62a.jpg,x,train-63428.jpg,6,,train-01853.jpg,0,x - 42a.jpg,x,train-73365.jpg,7,,train-01776.jpg,0,x - 22a.jpg,x,train-83413.jpg,8,,train-01699.jpg,0,x - 107b.jpg,x,train-93382.jpg,9,
train-02396.jpg,0,x - 78.jpg,x,train-03407.jpg,0,,train-02318.jpg,0,x - 58.jpg,x,train-1327.jpg,1,,train-02240.jpg,0,x - 38.jpg,x,train-23362.jpg,2,,train-02163.jpg,0,x - 18.jpg,x,train-33382.jpg,3,,train-02086.jpg,0,x - 102a.jpg,x,train-43407.jpg,4,,train-02008.jpg,0,x - 82b.jpg,x,train-53489.jpg,5,,train-01931.jpg,0,x - 62b.jpg,x,train-63429.jpg,6,,train-01854.jpg,0,x - 42b.jpg,x,train-73366.jpg,7,,train-01777.jpg,0,x - 22b.jpg,x,train-83414.jpg,8,,train-017.jpg,0,x - 108.jpg,x,train-93383.jpg,9,
train-02397.jpg,0,x - 780.jpg,x,train-03408.jpg,0,,train-02319.jpg,0,x - 580.jpg,x,train-13270.jpg,1,,train-02241.jpg,0,x - 380.jpg,x,train-23363.jpg,2,,train-02164.jpg,0,x - 180.jpg,x,train-33383.jpg,3,,train-02087.jpg,0,x - 102b.jpg,x,train-43408.jpg,4,,train-02009.jpg,0,x - 83.jpg,x,train-5349.jpg,5,,train-01932.jpg,0,x - 63.jpg,x,train-6343.jpg,6,,train-01855.jpg,0,x - 43.jpg,x,train-73367.jpg,7,,train-01778.jpg,0,x - 23.jpg,x,train-83415.jpg,8,,train-0170.jpg,0,x - 1080.jpg,x,train-93384.jpg,9,
train-02398.jpg,0,x - 78a.jpg,x,train-03409.jpg,0,,train-0232.jpg,0,x - 58a.jpg,x,train-13271.jpg,1,,train-02242.jpg,0,x - 38a.jpg,x,train-23364.jpg,2,,train-02165.jpg,0,x - 18a.jpg,x,train-33384.jpg,3,,train-02088.jpg,0,x - 103.jpg,x,train-43409.jpg,4,,train-0201.jpg,0,x - 830.jpg,x,train-53490.jpg,5,,train-01933.jpg,0,x - 630.jpg,x,train-63430.jpg,6,,train-01856.jpg,0,x - 430.jpg,x,train-73368.jpg,7,,train-01779.jpg,0,x - 230.jpg,x,train-83416.jpg,8,,train-01700.jpg,0,x - 108a.jpg,x,train-93385.jpg,9,
train-02399.jpg,0,x - 78b.jpg,x,train-0341.jpg,0,,train-02320.jpg,0,x - 58b.jpg,x,train-13272.jpg,1,,train-02243.jpg,0,x - 38b.jpg,x,train-23365.jpg,2,,train-02166.jpg,0,x - 18b.jpg,x,train-33385.jpg,3,,train-02089.jpg,0,x - 1030.jpg,x,train-4341.jpg,4,,train-02010.jpg,0,x - 83a.jpg,x,train-53491.jpg,5,,train-01934.jpg,0,x - 63a.jpg,x,train-63431.jpg,6,,train-01857.jpg,0,x - 43a.jpg,x,train-73369.jpg,7,,train-0178.jpg,0,x - 23a.jpg,x,train-83417.jpg,8,,train-01701.jpg,0,x - 108b.jpg,x,train-93386.jpg,9,
train-024.jpg,0,x - 79.jpg,x,train-03410.jpg,0,,train-02321.jpg,0,x - 59.jpg,x,train-13273.jpg,1,,train-02244.jpg,0,x - 39.jpg,x,train-23366.jpg,2,,train-02167.jpg,0,x - 19.jpg,x,train-33386.jpg,3,,train-0209.jpg,0,x - 103a.jpg,x,train-43410.jpg,4,,train-02011.jpg,0,x - 83b.jpg,x,train-53492.jpg,5,,train-01935.jpg,0,x - 63b.jpg,x,train-63432.jpg,6,,train-01858.jpg,0,x - 43b.jpg,x,train-7337.jpg,7,,train-01780.jpg,0,x - 23b.jpg,x,train-83418.jpg,8,,train-01702.jpg,0,x - 109.jpg,x,train-93387.jpg,9,
train-0240.jpg,0,x - 790.jpg,x,train-03411.jpg,0,,train-02322.jpg,0,x - 590.jpg,x,train-13274.jpg,1,,train-02245.jpg,0,x - 390.jpg,x,train-23367.jpg,2,,train-02168.jpg,0,x - 190.jpg,x,train-33387.jpg,3,,train-02090.jpg,0,x - 103b.jpg,x,train-43411.jpg,4,,train-02012.jpg,0,x - 84.jpg,x,train-53493.jpg,5,,train-01936.jpg,0,x - 64.jpg,x,train-63433.jpg,6,,train-01859.jpg,0,x - 44.jpg,x,train-73370.jpg,7,,train-01781.jpg,0,x - 24.jpg,x,train-83419.jpg,8,,train-01703.jpg,0,x - 1090.jpg,x,train-93388.jpg,9,
train-02400.jpg,0,x - 79a.jpg,x,train-03412.jpg,0,,train-02323.jpg,0,x - 59a.jpg,x,train-13275.jpg,1,,train-02246.jpg,0,x - 39a.jpg,x,train-23368.jpg,2,,train-02169.jpg,0,x - 19a.jpg,x,train-33388.jpg,3,,train-02091.jpg,0,x - 104.jpg,x,train-43412.jpg,4,,train-02013.jpg,0,x - 840.jpg,x,train-53494.jpg,5,,train-01937.jpg,0,x - 640.jpg,x,train-63434.jpg,6,,train-0186.jpg,0,x - 440.jpg,x,train-73371.jpg,7,,train-01782.jpg,0,x - 240.jpg,x,train-8342.jpg,8,,train-01704.jpg,0,x - 109a.jpg,x,train-93389.jpg,9,
train-02401.jpg,0,x - 79b.jpg,x,train-03413.jpg,0,,train-02324.jpg,0,x - 59b.jpg,x,train-13276.jpg,1,,train-02247.jpg,0,x - 39b.jpg,x,train-23369.jpg,2,,train-0217.jpg,0,x - 19b.jpg,x,train-33389.jpg,3,,train-02092.jpg,0,x - 1040.jpg,x,train-43413.jpg,4,,train-02014.jpg,0,x - 84a.jpg,x,train-53495.jpg,5,,train-01938.jpg,0,x - 64a.jpg,x,train-63435.jpg,6,,train-01860.jpg,0,x - 44a.jpg,x,train-73372.jpg,7,,train-01783.jpg,0,x - 24a.jpg,x,train-83420.jpg,8,,train-01705.jpg,0,x - 109b.jpg,x,train-9339.jpg,9,
train-02402.jpg,0,x - 7a.jpg,x,train-03414.jpg,0,,train-02325.jpg,0,x - 5a.jpg,x,train-13277.jpg,1,,train-02248.jpg,0,x - 3a.jpg,x,train-2337.jpg,2,,train-02170.jpg,0,x - 1a.jpg,x,train-3339.jpg,3,,train-02093.jpg,0,x - 104a.jpg,x,train-43414.jpg,4,,train-02015.jpg,0,x - 84b.jpg,x,train-53496.jpg,5,,train-01939.jpg,0,x - 64b.jpg,x,train-63436.jpg,6,,train-01861.jpg,0,x - 44b.jpg,x,train-73373.jpg,7,,train-01784.jpg,0,x - 24b.jpg,x,train-83421.jpg,8,,train-01706.jpg,0,x - 10a.jpg,x,train-93390.jpg,9,
train-02403.jpg,0,x - 7b.jpg,x,train-03415.jpg,0,,train-02326.jpg,0,x - 5b.jpg,x,train-13278.jpg,1,,train-02249.jpg,0,x - 3b.jpg,x,train-23370.jpg,2,,train-02171.jpg,0,x - 1b.jpg,x,train-33390.jpg,3,,train-02094.jpg,0,x - 104b.jpg,x,train-43415.jpg,4,,train-02016.jpg,0,x - 85.jpg,x,train-53497.jpg,5,,train-0194.jpg,0,x - 65.jpg,x,train-63437.jpg,6,,train-01862.jpg,0,x - 45.jpg,x,train-73374.jpg,7,,train-01785.jpg,0,x - 25.jpg,x,train-83422.jpg,8,,train-01707.jpg,0,x - 10b.jpg,x,train-93391.jpg,9,
train-02404.jpg,0,x - 8.jpg,x,train-03416.jpg,0,,train-02327.jpg,0,x - 6.jpg,x,train-13279.jpg,1,,train-0225.jpg,0,x - 4.jpg,x,train-23371.jpg,2,,train-02172.jpg,0,x - 2.jpg,x,train-33391.jpg,3,,train-02095.jpg,0,x - 105.jpg,x,train-43416.jpg,4,,train-02017.jpg,0,x - 850.jpg,x,train-53498.jpg,5,,train-01940.jpg,0,x - 650.jpg,x,train-63438.jpg,6,,train-01863.jpg,0,x - 450.jpg,x,train-73375.jpg,7,,train-01786.jpg,0,x - 250.jpg,x,train-83423.jpg,8,,train-01708.jpg,0,x - 11.jpg,x,train-93392.jpg,9,
train-02405.jpg,0,x - 80.jpg,x,train-03417.jpg,0,,train-02328.jpg,0,x - 60.jpg,x,train-1328.jpg,1,,train-02250.jpg,0,x - 40.jpg,x,train-23372.jpg,2,,train-02173.jpg,0,x - 20.jpg,x,train-33392.jpg,3,,train-02096.jpg,0,x - 1050.jpg,x,train-43417.jpg,4,,train-02018.jpg,0,x - 85a.jpg,x,train-53499.jpg,5,,train-01941.jpg,0,x - 65a.jpg,x,train-63439.jpg,6,,train-01864.jpg,0,x - 45a.jpg,x,train-73376.jpg,7,,train-01787.jpg,0,x - 25a.jpg,x,train-83424.jpg,8,,train-01709.jpg,0,x - 110.jpg,x,train-93393.jpg,9,
train-02406.jpg,0,x - 800.jpg,x,train-03418.jpg,0,,train-02329.jpg,0,x - 600.jpg,x,train-13280.jpg,1,,train-02251.jpg,0,x - 400.jpg,x,train-23373.jpg,2,,train-02174.jpg,0,x - 200.jpg,x,train-33393.jpg,3,,train-02097.jpg,0,x - 105a.jpg,x,train-43418.jpg,4,,train-02019.jpg,0,x - 85b.jpg,x,train-535.jpg,5,,train-01942.jpg,0,x - 65b.jpg,x,train-6344.jpg,6,,train-01865.jpg,0,x - 45b.jpg,x,train-73377.jpg,7,,train-01788.jpg,0,x - 25b.jpg,x,train-83425.jpg,8,,train-0171.jpg,0,x - 1100.jpg,x,train-93394.jpg,9,
train-02407.jpg,0,x - 80a.jpg,x,train-03419.jpg,0,,train-0233.jpg,0,x - 60a.jpg,x,train-13281.jpg,1,,train-02252.jpg,0,x - 40a.jpg,x,train-23374.jpg,2,,train-02175.jpg,0,x - 20a.jpg,x,train-33394.jpg,3,,train-02098.jpg,0,x - 105b.jpg,x,train-43419.jpg,4,,train-0202.jpg,0,x - 86.jpg,x,train-5350.jpg,5,,train-01943.jpg,0,x - 66.jpg,x,train-63440.jpg,6,,train-01866.jpg,0,x - 46.jpg,x,train-73378.jpg,7,,train-01789.jpg,0,x - 26.jpg,x,train-83426.jpg,8,,train-01710.jpg,0,x - 110a.jpg,x,train-93395.jpg,9,
train-02408.jpg,0,x - 80b.jpg,x,train-0342.jpg,0,,train-02330.jpg,0,x - 60b.jpg,x,train-13282.jpg,1,,train-02253.jpg,0,x - 40b.jpg,x,train-23375.jpg,2,,train-02176.jpg,0,x - 20b.jpg,x,train-33395.jpg,3,,train-02099.jpg,0,x - 106.jpg,x,train-4342.jpg,4,,train-02020.jpg,0,x - 860.jpg,x,train-53500.jpg,5,,train-01944.jpg,0,x - 660.jpg,x,train-63441.jpg,6,,train-01867.jpg,0,x - 460.jpg,x,train-73379.jpg,7,,train-0179.jpg,0,x - 260.jpg,x,train-83427.jpg,8,,train-01711.jpg,0,x - 110b.jpg,x,train-93396.jpg,9,
train-02409.jpg,0,x - 81.jpg,x,train-03420.jpg,0,,train-02331.jpg,0,x - 61.jpg,x,train-13283.jpg,1,,train-02254.jpg,0,x - 41.jpg,x,train-23376.jpg,2,,train-02177.jpg,0,x - 21.jpg,x,train-33396.jpg,3,,train-021.jpg,0,x - 1060.jpg,x,train-43420.jpg,4,,train-02021.jpg,0,x - 86a.jpg,x,train-53501.jpg,5,,train-01945.jpg,0,x - 66a.jpg,x,train-63442.jpg,6,,train-01868.jpg,0,x - 46a.jpg,x,train-7338.jpg,7,,train-01790.jpg,0,x - 26a.jpg,x,train-83428.jpg,8,,train-01712.jpg,0,x - 111.jpg,x,train-93397.jpg,9,
train-0241.jpg,0,x - 810.jpg,x,train-03421.jpg,0,,train-02332.jpg,0,x - 610.jpg,x,train-13284.jpg,1,,train-02255.jpg,0,x - 410.jpg,x,train-23377.jpg,2,,train-02178.jpg,0,x - 210.jpg,x,train-33397.jpg,3,,train-0210.jpg,0,x - 106a.jpg,x,train-43421.jpg,4,,train-02022.jpg,0,x - 86b.jpg,x,train-53502.jpg,5,,train-01946.jpg,0,x - 66b.jpg,x,train-63443.jpg,6,,train-01869.jpg,0,x - 46b.jpg,x,train-73380.jpg,7,,train-01791.jpg,0,x - 26b.jpg,x,train-83429.jpg,8,,train-01713.jpg,0,x - 1110.jpg,x,train-93398.jpg,9,
train-02410.jpg,0,x - 81a.jpg,x,train-03422.jpg,0,,train-02333.jpg,0,x - 61a.jpg,x,train-13285.jpg,1,,train-02256.jpg,0,x - 41a.jpg,x,train-23378.jpg,2,,train-02179.jpg,0,x - 21a.jpg,x,train-33398.jpg,3,,train-02100.jpg,0,x - 106b.jpg,x,train-43422.jpg,4,,train-02023.jpg,0,x - 87.jpg,x,train-53503.jpg,5,,train-01947.jpg,0,x - 67.jpg,x,train-63444.jpg,6,,train-0187.jpg,0,x - 47.jpg,x,train-73381.jpg,7,,train-01792.jpg,0,x - 27.jpg,x,train-8343.jpg,8,,train-01714.jpg,0,x - 111a.jpg,x,train-93399.jpg,9,
train-02411.jpg,0,x - 81b.jpg,x,train-03423.jpg,0,,train-02334.jpg,0,x - 61b.jpg,x,train-13286.jpg,1,,train-02257.jpg,0,x - 41b.jpg,x,train-23379.jpg,2,,train-0218.jpg,0,x - 21b.jpg,x,train-33399.jpg,3,,train-02101.jpg,0,x - 107.jpg,x,train-43423.jpg,4,,train-02024.jpg,0,x - 870.jpg,x,train-53504.jpg,5,,train-01948.jpg,0,x - 670.jpg,x,train-63445.jpg,6,,train-01870.jpg,0,x - 470.jpg,x,train-73382.jpg,7,,train-01793.jpg,0,x - 270.jpg,x,train-83430.jpg,8,,train-01715.jpg,0,x - 111b.jpg,x,train-934.jpg,9,
train-02412.jpg,0,x - 82.jpg,x,train-03424.jpg,0,,train-02335.jpg,0,x - 62.jpg,x,train-13287.jpg,1,,train-02258.jpg,0,x - 42.jpg,x,train-2338.jpg,2,,train-02180.jpg,0,x - 22.jpg,x,train-334.jpg,3,,train-02102.jpg,0,x - 1070.jpg,x,train-43424.jpg,4,,train-02025.jpg,0,x - 87a.jpg,x,train-53505.jpg,5,,train-01949.jpg,0,x - 67a.jpg,x,train-63446.jpg,6,,train-01871.jpg,0,x - 47a.jpg,x,train-73383.jpg,7,,train-01794.jpg,0,x - 27a.jpg,x,train-83431.jpg,8,,train-01716.jpg,0,x - 112.jpg,x,train-9340.jpg,9,
train-02413.jpg,0,x - 820.jpg,x,train-03425.jpg,0,,train-02336.jpg,0,x - 620.jpg,x,train-13288.jpg,1,,train-02259.jpg,0,x - 420.jpg,x,train-23380.jpg,2,,train-02181.jpg,0,x - 220.jpg,x,train-3340.jpg,3,,train-02103.jpg,0,x - 107a.jpg,x,train-43425.jpg,4,,train-02026.jpg,0,x - 87b.jpg,x,train-53506.jpg,5,,train-0195.jpg,0,x - 67b.jpg,x,train-63447.jpg,6,,train-01872.jpg,0,x - 47b.jpg,x,train-73384.jpg,7,,train-01795.jpg,0,x - 27b.jpg,x,train-83432.jpg,8,,train-01717.jpg,0,x - 1120.jpg,x,train-93400.jpg,9,
train-02414.jpg,0,x - 82a.jpg,x,train-03426.jpg,0,,train-02337.jpg,0,x - 62a.jpg,x,train-13289.jpg,1,,train-0226.jpg,0,x - 42a.jpg,x,train-23381.jpg,2,,train-02182.jpg,0,x - 22a.jpg,x,train-33400.jpg,3,,train-02104.jpg,0,x - 107b.jpg,x,train-43426.jpg,4,,train-02027.jpg,0,x - 88.jpg,x,train-53507.jpg,5,,train-01950.jpg,0,x - 68.jpg,x,train-63448.jpg,6,,train-01873.jpg,0,x - 48.jpg,x,train-73385.jpg,7,,train-01796.jpg,0,x - 28.jpg,x,train-83433.jpg,8,,train-01718.jpg,0,x - 112a.jpg,x,train-93401.jpg,9,
train-02415.jpg,0,x - 82b.jpg,x,train-03427.jpg,0,,train-02338.jpg,0,x - 62b.jpg,x,train-1329.jpg,1,,train-02260.jpg,0,x - 42b.jpg,x,train-23382.jpg,2,,train-02183.jpg,0,x - 22b.jpg,x,train-33401.jpg,3,,train-02105.jpg,0,x - 108.jpg,x,train-43427.jpg,4,,train-02028.jpg,0,x - 880.jpg,x,train-53508.jpg,5,,train-01951.jpg,0,x - 680.jpg,x,train-63449.jpg,6,,train-01874.jpg,0,x - 480.jpg,x,train-73386.jpg,7,,train-01797.jpg,0,x - 280.jpg,x,train-83434.jpg,8,,train-01719.jpg,0,x - 112b.jpg,x,train-93402.jpg,9,
train-02416.jpg,0,x - 83.jpg,x,train-03428.jpg,0,,train-02339.jpg,0,x - 63.jpg,x,train-13290.jpg,1,,train-02261.jpg,0,x - 43.jpg,x,train-23383.jpg,2,,train-02184.jpg,0,x - 23.jpg,x,train-33402.jpg,3,,train-02106.jpg,0,x - 1080.jpg,x,train-43428.jpg,4,,train-02029.jpg,0,x - 88a.jpg,x,train-53509.jpg,5,,train-01952.jpg,0,x - 68a.jpg,x,train-6345.jpg,6,,train-01875.jpg,0,x - 48a.jpg,x,train-73387.jpg,7,,train-01798.jpg,0,x - 28a.jpg,x,train-83435.jpg,8,,train-0172.jpg,0,x - 113.jpg,x,train-93403.jpg,9,
train-02417.jpg,0,x - 830.jpg,x,train-03429.jpg,0,,train-0234.jpg,0,x - 630.jpg,x,train-13291.jpg,1,,train-02262.jpg,0,x - 430.jpg,x,train-23384.jpg,2,,train-02185.jpg,0,x - 230.jpg,x,train-33403.jpg,3,,train-02107.jpg,0,x - 108a.jpg,x,train-43429.jpg,4,,train-0203.jpg,0,x - 88b.jpg,x,train-5351.jpg,5,,train-01953.jpg,0,x - 68b.jpg,x,train-63450.jpg,6,,train-01876.jpg,0,x - 48b.jpg,x,train-73388.jpg,7,,train-01799.jpg,0,x - 28b.jpg,x,train-83436.jpg,8,,train-01720.jpg,0,x - 1130.jpg,x,train-93404.jpg,9,
train-02418.jpg,0,x - 83a.jpg,x,train-0343.jpg,0,,train-02340.jpg,0,x - 63a.jpg,x,train-13292.jpg,1,,train-02263.jpg,0,x - 43a.jpg,x,train-23385.jpg,2,,train-02186.jpg,0,x - 23a.jpg,x,train-33404.jpg,3,,train-02108.jpg,0,x - 108b.jpg,x,train-4343.jpg,4,,train-02030.jpg,0,x - 89.jpg,x,train-53510.jpg,5,,train-01954.jpg,0,x - 69.jpg,x,train-63451.jpg,6,,train-01877.jpg,0,x - 49.jpg,x,train-73389.jpg,7,,train-018.jpg,0,x - 29.jpg,x,train-83437.jpg,8,,train-01721.jpg,0,x - 113a.jpg,x,train-93405.jpg,9,
train-02419.jpg,0,x - 83b.jpg,x,train-03430.jpg,0,,train-02341.jpg,0,x - 63b.jpg,x,train-13293.jpg,1,,train-02264.jpg,0,x - 43b.jpg,x,train-23386.jpg,2,,train-02187.jpg,0,x - 23b.jpg,x,train-33405.jpg,3,,train-02109.jpg,0,x - 109.jpg,x,train-43430.jpg,4,,train-02031.jpg,0,x - 890.jpg,x,train-53511.jpg,5,,train-01955.jpg,0,x - 690.jpg,x,train-63452.jpg,6,,train-01878.jpg,0,x - 490.jpg,x,train-7339.jpg,7,,train-0180.jpg,0,x - 290.jpg,x,train-83438.jpg,8,,train-01722.jpg,0,x - 113b.jpg,x,train-93406.jpg,9,
train-0242.jpg,0,x - 84.jpg,x,train-03431.jpg,0,,train-02342.jpg,0,x - 64.jpg,x,train-13294.jpg,1,,train-02265.jpg,0,x - 44.jpg,x,train-23387.jpg,2,,train-02188.jpg,0,x - 24.jpg,x,train-33406.jpg,3,,train-0211.jpg,0,x - 1090.jpg,x,train-43431.jpg,4,,train-02032.jpg,0,x - 89a.jpg,x,train-53512.jpg,5,,train-01956.jpg,0,x - 69a.jpg,x,train-63453.jpg,6,,train-01879.jpg,0,x - 49a.jpg,x,train-73390.jpg,7,,train-01800.jpg,0,x - 29a.jpg,x,train-83439.jpg,8,,train-01723.jpg,0,x - 114.jpg,x,train-93407.jpg,9,
train-02420.jpg,0,x - 840.jpg,x,train-03432.jpg,0,,train-02343.jpg,0,x - 640.jpg,x,train-13295.jpg,1,,train-02266.jpg,0,x - 440.jpg,x,train-23388.jpg,2,,train-02189.jpg,0,x - 240.jpg,x,train-33407.jpg,3,,train-02110.jpg,0,x - 109a.jpg,x,train-43432.jpg,4,,train-02033.jpg,0,x - 89b.jpg,x,train-53513.jpg,5,,train-01957.jpg,0,x - 69b.jpg,x,train-63454.jpg,6,,train-0188.jpg,0,x - 49b.jpg,x,train-73391.jpg,7,,train-01801.jpg,0,x - 29b.jpg,x,train-8344.jpg,8,,train-01724.jpg,0,x - 115.jpg,x,train-93408.jpg,9,
train-02421.jpg,0,x - 84a.jpg,x,train-03433.jpg,0,,train-02344.jpg,0,x - 64a.jpg,x,train-13296.jpg,1,,train-02267.jpg,0,x - 44a.jpg,x,train-23389.jpg,2,,train-0219.jpg,0,x - 24a.jpg,x,train-33408.jpg,3,,train-02111.jpg,0,x - 109b.jpg,x,train-43433.jpg,4,,train-02034.jpg,0,x - 8a.jpg,x,train-53514.jpg,5,,train-01958.jpg,0,x - 6a.jpg,x,train-63455.jpg,6,,train-01880.jpg,0,x - 4a.jpg,x,train-73392.jpg,7,,train-01802.jpg,0,x - 2a.jpg,x,train-83440.jpg,8,,train-01725.jpg,0,x - 116.jpg,x,train-93409.jpg,9,
train-02422.jpg,0,x - 84b.jpg,x,train-03434.jpg,0,,train-02345.jpg,0,x - 64b.jpg,x,train-13297.jpg,1,,train-02268.jpg,0,x - 44b.jpg,x,train-2339.jpg,2,,train-02190.jpg,0,x - 24b.jpg,x,train-33409.jpg,3,,train-02112.jpg,0,x - 10a.jpg,x,train-43434.jpg,4,,train-02035.jpg,0,x - 8b.jpg,x,train-53515.jpg,5,,train-01959.jpg,0,x - 6b.jpg,x,train-63456.jpg,6,,train-01881.jpg,0,x - 4b.jpg,x,train-73393.jpg,7,,train-01803.jpg,0,x - 2b.jpg,x,train-83441.jpg,8,,train-01726.jpg,0,x - 117.jpg,x,train-9341.jpg,9,
train-02423.jpg,0,x - 85.jpg,x,train-03435.jpg,0,,train-02346.jpg,0,x - 65.jpg,x,train-13298.jpg,1,,train-02269.jpg,0,x - 45.jpg,x,train-23390.jpg,2,,train-02191.jpg,0,x - 25.jpg,x,train-3341.jpg,3,,train-02113.jpg,0,x - 10b.jpg,x,train-43435.jpg,4,,train-02036.jpg,0,x - 9.jpg,x,train-53516.jpg,5,,train-0196.jpg,0,x - 7.jpg,x,train-63457.jpg,6,,train-01882.jpg,0,x - 5.jpg,x,train-73394.jpg,7,,train-01804.jpg,0,x - 3.jpg,x,train-83442.jpg,8,,train-01727.jpg,0,x - 118.jpg,x,train-93410.jpg,9,
train-02424.jpg,0,x - 850.jpg,x,train-03436.jpg,0,,train-02347.jpg,0,x - 650.jpg,x,train-13299.jpg,1,,train-0227.jpg,0,x - 450.jpg,x,train-23391.jpg,2,,train-02192.jpg,0,x - 250.jpg,x,train-33410.jpg,3,,train-02114.jpg,0,x - 11.jpg,x,train-43436.jpg,4,,train-02037.jpg,0,x - 90.jpg,x,train-53517.jpg,5,,train-01960.jpg,0,x - 70.jpg,x,train-63458.jpg,6,,train-01883.jpg,0,x - 50.jpg,x,train-73395.jpg,7,,train-01805.jpg,0,x - 30.jpg,x,train-83443.jpg,8,,train-01728.jpg,0,x - 119.jpg,x,train-93411.jpg,9,
train-02425.jpg,0,x - 85a.jpg,x,train-03437.jpg,0,,train-02348.jpg,0,x - 65a.jpg,x,train-133.jpg,1,,train-02270.jpg,0,x - 45a.jpg,x,train-23392.jpg,2,,train-02193.jpg,0,x - 25a.jpg,x,train-33411.jpg,3,,train-02115.jpg,0,x - 110.jpg,x,train-43437.jpg,4,,train-02038.jpg,0,x - 900.jpg,x,train-53518.jpg,5,,train-01961.jpg,0,x - 700.jpg,x,train-63459.jpg,6,,train-01884.jpg,0,x - 500.jpg,x,train-73396.jpg,7,,train-01806.jpg,0,x - 300.jpg,x,train-83444.jpg,8,,train-01729.jpg,0,x - 11a.jpg,x,train-93412.jpg,9,
train-02426.jpg,0,x - 85b.jpg,x,train-03438.jpg,0,,train-02349.jpg,0,x - 65b.jpg,x,train-1330.jpg,1,,train-02271.jpg,0,x - 45b.jpg,x,train-23393.jpg,2,,train-02194.jpg,0,x - 25b.jpg,x,train-33412.jpg,3,,train-02116.jpg,0,x - 1100.jpg,x,train-43438.jpg,4,,train-02039.jpg,0,x - 90a.jpg,x,train-53519.jpg,5,,train-01962.jpg,0,x - 70a.jpg,x,train-6346.jpg,6,,train-01885.jpg,0,x - 50a.jpg,x,train-73397.jpg,7,,train-01807.jpg,0,x - 30a.jpg,x,train-83445.jpg,8,,train-0173.jpg,0,x - 11b.jpg,x,train-93413.jpg,9,
train-02427.jpg,0,x - 86.jpg,x,train-03439.jpg,0,,train-0235.jpg,0,x - 66.jpg,x,train-13300.jpg,1,,train-02272.jpg,0,x - 46.jpg,x,train-23394.jpg,2,,train-02195.jpg,0,x - 26.jpg,x,train-33413.jpg,3,,train-02117.jpg,0,x - 110a.jpg,x,train-43439.jpg,4,,train-0204.jpg,0,x - 90b.jpg,x,train-5352.jpg,5,,train-01963.jpg,0,x - 70b.jpg,x,train-63460.jpg,6,,train-01886.jpg,0,x - 50b.jpg,x,train-73398.jpg,7,,train-01808.jpg,0,x - 30b.jpg,x,train-83446.jpg,8,,train-01730.jpg,0,x - 12.jpg,x,train-93414.jpg,9,
train-02428.jpg,0,x - 860.jpg,x,train-0344.jpg,0,,train-02350.jpg,0,x - 660.jpg,x,train-13301.jpg,1,,train-02273.jpg,0,x - 460.jpg,x,train-23395.jpg,2,,train-02196.jpg,0,x - 260.jpg,x,train-33414.jpg,3,,train-02118.jpg,0,x - 110b.jpg,x,train-4344.jpg,4,,train-02040.jpg,0,x - 91.jpg,x,train-53520.jpg,5,,train-01964.jpg,0,x - 71.jpg,x,train-63461.jpg,6,,train-01887.jpg,0,x - 51.jpg,x,train-73399.jpg,7,,train-01809.jpg,0,x - 31.jpg,x,train-83447.jpg,8,,train-01731.jpg,0,x - 120.jpg,x,train-93415.jpg,9,
train-02429.jpg,0,x - 86a.jpg,x,train-03440.jpg,0,,train-02351.jpg,0,x - 66a.jpg,x,train-13302.jpg,1,,train-02274.jpg,0,x - 46a.jpg,x,train-23396.jpg,2,,train-02197.jpg,0,x - 26a.jpg,x,train-33415.jpg,3,,train-02119.jpg,0,x - 111.jpg,x,train-43440.jpg,4,,train-02041.jpg,0,x - 910.jpg,x,train-53521.jpg,5,,train-01965.jpg,0,x - 710.jpg,x,train-63462.jpg,6,,train-01888.jpg,0,x - 510.jpg,x,train-734.jpg,7,,train-0181.jpg,0,x - 310.jpg,x,train-83448.jpg,8,,train-01732.jpg,0,x - 121.jpg,x,train-93416.jpg,9,
train-0243.jpg,0,x - 86b.jpg,x,train-03441.jpg,0,,train-02352.jpg,0,x - 66b.jpg,x,train-13303.jpg,1,,train-02275.jpg,0,x - 46b.jpg,x,train-23397.jpg,2,,train-02198.jpg,0,x - 26b.jpg,x,train-33416.jpg,3,,train-0212.jpg,0,x - 1110.jpg,x,train-43441.jpg,4,,train-02042.jpg,0,x - 91a.jpg,x,train-53522.jpg,5,,train-01966.jpg,0,x - 71a.jpg,x,train-63463.jpg,6,,train-01889.jpg,0,x - 51a.jpg,x,train-7340.jpg,7,,train-01810.jpg,0,x - 31a.jpg,x,train-83449.jpg,8,,train-01733.jpg,0,x - 122.jpg,x,train-93417.jpg,9,
train-02430.jpg,0,x - 87.jpg,x,train-03442.jpg,0,,train-02353.jpg,0,x - 67.jpg,x,train-13304.jpg,1,,train-02276.jpg,0,x - 47.jpg,x,train-23398.jpg,2,,train-02199.jpg,0,x - 27.jpg,x,train-33417.jpg,3,,train-02120.jpg,0,x - 111a.jpg,x,train-43442.jpg,4,,train-02043.jpg,0,x - 91b.jpg,x,train-53523.jpg,5,,train-01967.jpg,0,x - 71b.jpg,x,train-63464.jpg,6,,train-0189.jpg,0,x - 51b.jpg,x,train-73400.jpg,7,,train-01811.jpg,0,x - 31b.jpg,x,train-8345.jpg,8,,train-01734.jpg,0,x - 123.jpg,x,train-93418.jpg,9,
train-02431.jpg,0,x - 870.jpg,x,train-03443.jpg,0,,train-02354.jpg,0,x - 670.jpg,x,train-13305.jpg,1,,train-02277.jpg,0,x - 470.jpg,x,train-23399.jpg,2,,train-022.jpg,0,x - 270.jpg,x,train-33418.jpg,3,,train-02121.jpg,0,x - 111b.jpg,x,train-43443.jpg,4,,train-02044.jpg,0,x - 92.jpg,x,train-53524.jpg,5,,train-01968.jpg,0,x - 72.jpg,x,train-63465.jpg,6,,train-01890.jpg,0,x - 52.jpg,x,train-73401.jpg,7,,train-01812.jpg,0,x - 32.jpg,x,train-83450.jpg,8,,train-01735.jpg,0,x - 124.jpg,x,train-93419.jpg,9,
train-02432.jpg,0,x - 87a.jpg,x,train-03444.jpg,0,,train-02355.jpg,0,x - 67a.jpg,x,train-13306.jpg,1,,train-02278.jpg,0,x - 47a.jpg,x,train-234.jpg,2,,train-0220.jpg,0,x - 27a.jpg,x,train-33419.jpg,3,,train-02122.jpg,0,x - 112.jpg,x,train-43444.jpg,4,,train-02045.jpg,0,x - 920.jpg,x,train-53525.jpg,5,,train-01969.jpg,0,x - 720.jpg,x,train-63466.jpg,6,,train-01891.jpg,0,x - 520.jpg,x,train-73402.jpg,7,,train-01813.jpg,0,x - 320.jpg,x,train-83451.jpg,8,,train-01736.jpg,0,x - 125.jpg,x,train-9342.jpg,9,
train-02433.jpg,0,x - 87b.jpg,x,train-03445.jpg,0,,train-02356.jpg,0,x - 67b.jpg,x,train-13307.jpg,1,,train-02279.jpg,0,x - 47b.jpg,x,train-2340.jpg,2,,train-02200.jpg,0,x - 27b.jpg,x,train-3342.jpg,3,,train-02123.jpg,0,x - 1120.jpg,x,train-43445.jpg,4,,train-02046.jpg,0,x - 92a.jpg,x,train-53526.jpg,5,,train-0197.jpg,0,x - 72a.jpg,x,train-63467.jpg,6,,train-01892.jpg,0,x - 52a.jpg,x,train-73403.jpg,7,,train-01814.jpg,0,x - 32a.jpg,x,train-83452.jpg,8,,train-01737.jpg,0,x - 12a.jpg,x,train-93420.jpg,9,
train-02434.jpg,0,x - 88.jpg,x,train-03446.jpg,0,,train-02357.jpg,0,x - 68.jpg,x,train-13308.jpg,1,,train-0228.jpg,0,x - 48.jpg,x,train-23400.jpg,2,,train-02201.jpg,0,x - 28.jpg,x,train-33420.jpg,3,,train-02124.jpg,0,x - 112a.jpg,x,train-43446.jpg,4,,train-02047.jpg,0,x - 92b.jpg,x,train-53527.jpg,5,,train-01970.jpg,0,x - 72b.jpg,x,train-63468.jpg,6,,train-01893.jpg,0,x - 52b.jpg,x,train-73404.jpg,7,,train-01815.jpg,0,x - 32b.jpg,x,train-83453.jpg,8,,train-01738.jpg,0,x - 12b.jpg,x,train-93421.jpg,9,
train-02435.jpg,0,x - 880.jpg,x,train-03447.jpg,0,,train-02358.jpg,0,x - 680.jpg,x,train-13309.jpg,1,,train-02280.jpg,0,x - 480.jpg,x,train-23401.jpg,2,,train-02202.jpg,0,x - 280.jpg,x,train-33421.jpg,3,,train-02125.jpg,0,x - 112b.jpg,x,train-43447.jpg,4,,train-02048.jpg,0,x - 93.jpg,x,train-53528.jpg,5,,train-01971.jpg,0,x - 73.jpg,x,train-63469.jpg,6,,train-01894.jpg,0,x - 53.jpg,x,train-73405.jpg,7,,train-01816.jpg,0,x - 33.jpg,x,train-83454.jpg,8,,train-01739.jpg,0,x - 13.jpg,x,train-93422.jpg,9,
train-02436.jpg,0,x - 88a.jpg,x,train-03448.jpg,0,,train-02359.jpg,0,x - 68a.jpg,x,train-1331.jpg,1,,train-02281.jpg,0,x - 48a.jpg,x,train-23402.jpg,2,,train-02203.jpg,0,x - 28a.jpg,x,train-33422.jpg,3,,train-02126.jpg,0,x - 113.jpg,x,train-43448.jpg,4,,train-02049.jpg,0,x - 930.jpg,x,train-53529.jpg,5,,train-01972.jpg,0,x - 730.jpg,x,train-6347.jpg,6,,train-01895.jpg,0,x - 530.jpg,x,train-73406.jpg,7,,train-01817.jpg,0,x - 330.jpg,x,train-83455.jpg,8,,train-0174.jpg,0,x - 130.jpg,x,train-93423.jpg,9,
train-02437.jpg,0,x - 88b.jpg,x,train-03449.jpg,0,,train-0236.jpg,0,x - 68b.jpg,x,train-13310.jpg,1,,train-02282.jpg,0,x - 48b.jpg,x,train-23403.jpg,2,,train-02204.jpg,0,x - 28b.jpg,x,train-33423.jpg,3,,train-02127.jpg,0,x - 1130.jpg,x,train-43449.jpg,4,,train-0205.jpg,0,x - 93a.jpg,x,train-5353.jpg,5,,train-01973.jpg,0,x - 73a.jpg,x,train-63470.jpg,6,,train-01896.jpg,0,x - 53a.jpg,x,train-73407.jpg,7,,train-01818.jpg,0,x - 33a.jpg,x,train-83456.jpg,8,,train-01740.jpg,0,x - 13a.jpg,x,train-93424.jpg,9,
train-02438.jpg,0,x - 89.jpg,x,train-0345.jpg,0,,train-02360.jpg,0,x - 69.jpg,x,train-13311.jpg,1,,train-02283.jpg,0,x - 49.jpg,x,train-23404.jpg,2,,train-02205.jpg,0,x - 29.jpg,x,train-33424.jpg,3,,train-02128.jpg,0,x - 113a.jpg,x,train-4345.jpg,4,,train-02050.jpg,0,x - 93b.jpg,x,train-53530.jpg,5,,train-01974.jpg,0,x - 73b.jpg,x,train-63471.jpg,6,,train-01897.jpg,0,x - 53b.jpg,x,train-73408.jpg,7,,train-01819.jpg,0,x - 33b.jpg,x,train-83457.jpg,8,,train-01741.jpg,0,x - 13b.jpg,x,train-93425.jpg,9,
train-02439.jpg,0,x - 890.jpg,x,train-03450.jpg,0,,train-02361.jpg,0,x - 690.jpg,x,train-13312.jpg,1,,train-02284.jpg,0,x - 490.jpg,x,train-23405.jpg,2,,train-02206.jpg,0,x - 290.jpg,x,train-33425.jpg,3,,train-02129.jpg,0,x - 113b.jpg,x,train-43450.jpg,4,,train-02051.jpg,0,x - 94.jpg,x,train-53531.jpg,5,,train-01975.jpg,0,x - 74.jpg,x,train-63472.jpg,6,,train-01898.jpg,0,x - 54.jpg,x,train-73409.jpg,7,,train-0182.jpg,0,x - 34.jpg,x,train-83458.jpg,8,,train-01742.jpg,0,x - 14.jpg,x,train-93426.jpg,9,
train-0244.jpg,0,x - 89a.jpg,x,train-03451.jpg,0,,train-02362.jpg,0,x - 69a.jpg,x,train-13313.jpg,1,,train-02285.jpg,0,x - 49a.jpg,x,train-23406.jpg,2,,train-02207.jpg,0,x - 29a.jpg,x,train-33426.jpg,3,,train-0213.jpg,0,x - 114.jpg,x,train-43451.jpg,4,,train-02052.jpg,0,x - 940.jpg,x,train-53532.jpg,5,,train-01976.jpg,0,x - 740.jpg,x,train-63473.jpg,6,,train-01899.jpg,0,x - 540.jpg,x,train-7341.jpg,7,,train-01820.jpg,0,x - 340.jpg,x,train-83459.jpg,8,,train-01743.jpg,0,x - 140.jpg,x,train-93427.jpg,9,
train-02440.jpg,0,x - 89b.jpg,x,train-03452.jpg,0,,train-02363.jpg,0,x - 69b.jpg,x,train-13314.jpg,1,,train-02286.jpg,0,x - 49b.jpg,x,train-23407.jpg,2,,train-02208.jpg,0,x - 29b.jpg,x,train-33427.jpg,3,,train-02130.jpg,0,x - 115.jpg,x,train-43452.jpg,4,,train-02053.jpg,0,x - 94a.jpg,x,train-53533.jpg,5,,train-01977.jpg,0,x - 74a.jpg,x,train-63474.jpg,6,,train-019.jpg,0,x - 54a.jpg,x,train-73410.jpg,7,,train-01821.jpg,0,x - 34a.jpg,x,train-8346.jpg,8,,train-01744.jpg,0,x - 14a.jpg,x,train-93428.jpg,9,
train-02441.jpg,0,x - 8a.jpg,x,train-03453.jpg,0,,train-02364.jpg,0,x - 6a.jpg,x,train-13315.jpg,1,,train-02287.jpg,0,x - 4a.jpg,x,train-23408.jpg,2,,train-02209.jpg,0,x - 2a.jpg,x,train-33428.jpg,3,,train-02131.jpg,0,x - 116.jpg,x,train-43453.jpg,4,,train-02054.jpg,0,x - 94b.jpg,x,train-53534.jpg,5,,train-01978.jpg,0,x - 74b.jpg,x,train-63475.jpg,6,,train-0190.jpg,0,x - 54b.jpg,x,train-73411.jpg,7,,train-01822.jpg,0,x - 34b.jpg,x,train-83460.jpg,8,,train-01745.jpg,0,x - 14b.jpg,x,train-93429.jpg,9,