test-2.jpg,2,+ - 1.jpg,+,validation-0682.jpg,0,,test-2539.jpg,2,+ - 9b.jpg,+,train-14139.jpg,1,,test-2378.jpg,2,+ - 67b.jpg,+,train-2927.jpg,2,,test-2776.jpg,2,+ - 52.jpg,+,train-3937.jpg,3,,test-2306.jpg,2,+ - 52c.jpg,+,train-44854.jpg,4,,test-27.jpg,2,+ - 37.jpg,+,validation-5559.jpg,5,,test-223.jpg,2,+ - 37c.jpg,+,validation-6553.jpg,6,,test-2458.jpg,2,+ - 83a.jpg,+,train-74892.jpg,7,,test-2619.jpg,2,+ - 1a.jpg,+,validation-8374.jpg,8,,test-2151.jpg,2,+ - 20.jpg,+,validation-931.jpg,9,
test-20.jpg,2,+ - 10.jpg,+,validation-0683.jpg,0,,test-254.jpg,2,+ - 9c.jpg,+,train-1414.jpg,1,,test-2379.jpg,2,+ - 67c.jpg,+,train-2928.jpg,2,,test-2777.jpg,2,+ - 52a.jpg,+,train-3938.jpg,3,,test-2307.jpg,2,+ - 52o.jpg,+,train-44855.jpg,4,,test-270.jpg,2,+ - 37a.jpg,+,validation-556.jpg,5,,test-2230.jpg,2,+ - 37o.jpg,+,validation-6554.jpg,6,,test-2459.jpg,2,+ - 83b.jpg,+,train-74893.jpg,7,,test-262.jpg,2,+ - 1b.jpg,+,validation-8375.jpg,8,,test-2152.jpg,2,+ - 20a.jpg,+,validation-9310.jpg,9,
test-21.jpg,2,+ - 100.jpg,+,validation-0684.jpg,0,,test-2540.jpg,2,+ - 9o.jpg,+,train-14140.jpg,1,,test-238.jpg,2,+ - 67o.jpg,+,train-2929.jpg,2,,test-2778.jpg,2,+ - 52b.jpg,+,train-3939.jpg,3,,test-2308.jpg,2,+ - 53.jpg,+,train-44856.jpg,4,,test-2700.jpg,2,+ - 37b.jpg,+,validation-5560.jpg,5,,test-2231.jpg,2,+ - 38.jpg,+,validation-6555.jpg,6,,test-246.jpg,2,+ - 83c.jpg,+,train-74894.jpg,7,,test-2620.jpg,2,+ - 1c.jpg,+,validation-8376.jpg,8,,test-2153.jpg,2,+ - 20b.jpg,+,validation-9311.jpg,9,
test-210.jpg,2,+ - 100a.jpg,+,validation-0685.jpg,0,,test-2541.jpg,2,+ - 1.jpg,+,train-14141.jpg,1,,test-2380.jpg,2,+ - 68.jpg,+,train-293.jpg,2,,test-2779.jpg,2,+ - 52c.jpg,+,train-394.jpg,3,,test-2309.jpg,2,+ - 53a.jpg,+,train-44857.jpg,4,,test-2701.jpg,2,+ - 37c.jpg,+,validation-5561.jpg,5,,test-2232.jpg,2,+ - 38a.jpg,+,validation-6556.jpg,6,,test-2460.jpg,2,+ - 83o.jpg,+,train-74895.jpg,7,,test-2621.jpg,2,+ - 1o.jpg,+,validation-8377.jpg,8,,test-2154.jpg,2,+ - 20c.jpg,+,validation-9312.jpg,9,
test-2100.jpg,2,+ - 100b.jpg,+,validation-0686.jpg,0,,test-2542.jpg,2,+ - 10.jpg,+,train-14142.jpg,1,,test-2381.jpg,2,+ - 68a.jpg,+,train-2930.jpg,2,,test-278.jpg,2,+ - 52o.jpg,+,train-3940.jpg,3,,test-231.jpg,2,+ - 53b.jpg,+,train-4486.jpg,4,,test-2702.jpg,2,+ - 37o.jpg,+,validation-5562.jpg,5,,test-2233.jpg,2,+ - 38b.jpg,+,validation-6557.jpg,6,,test-2461.jpg,2,+ - 84.jpg,+,train-74896.jpg,7,,test-2622.jpg,2,+ - 2.jpg,+,validation-8378.jpg,8,,test-2155.jpg,2,+ - 20o.jpg,+,validation-9313.jpg,9,
test-21000.jpg,2,+ - 100c.jpg,+,validation-0687.jpg,0,,test-2543.jpg,2,+ - 100.jpg,+,train-14143.jpg,1,,test-2382.jpg,2,+ - 68b.jpg,+,train-2931.jpg,2,,test-2780.jpg,2,+ - 53.jpg,+,train-3941.jpg,3,,test-2310.jpg,2,+ - 53c.jpg,+,train-4487.jpg,4,,test-2703.jpg,2,+ - 38.jpg,+,validation-5563.jpg,5,,test-2234.jpg,2,+ - 38c.jpg,+,validation-6558.jpg,6,,test-2462.jpg,2,+ - 84a.jpg,+,train-74897.jpg,7,,test-2623.jpg,2,+ - 20.jpg,+,validation-8379.jpg,8,,test-2156.jpg,2,+ - 21.jpg,+,validation-9314.jpg,9,
test-21001.jpg,2,+ - 100o.jpg,+,validation-0688.jpg,0,,test-2544.jpg,2,+ - 100a.jpg,+,train-14144.jpg,1,,test-2383.jpg,2,+ - 68c.jpg,+,train-2932.jpg,2,,test-2781.jpg,2,+ - 53a.jpg,+,train-3942.jpg,3,,test-2311.jpg,2,+ - 53o.jpg,+,train-4488.jpg,4,,test-2704.jpg,2,+ - 38a.jpg,+,validation-5564.jpg,5,,test-2235.jpg,2,+ - 38o.jpg,+,validation-6559.jpg,6,,test-2463.jpg,2,+ - 84b.jpg,+,train-74898.jpg,7,,test-2624.jpg,2,+ - 20a.jpg,+,validation-838.jpg,8,,test-2157.jpg,2,+ - 21a.jpg,+,validation-9315.jpg,9,
test-21002.jpg,2,+ - 101.jpg,+,validation-0689.jpg,0,,test-2545.jpg,2,+ - 100b.jpg,+,train-14145.jpg,1,,test-2384.jpg,2,+ - 68o.jpg,+,train-2933.jpg,2,,test-2782.jpg,2,+ - 53b.jpg,+,train-3943.jpg,3,,test-2312.jpg,2,+ - 54.jpg,+,train-4489.jpg,4,,test-2705.jpg,2,+ - 38b.jpg,+,validation-5565.jpg,5,,test-2236.jpg,2,+ - 39.jpg,+,validation-656.jpg,6,,test-2464.jpg,2,+ - 84c.jpg,+,train-74899.jpg,7,,test-2625.jpg,2,+ - 20b.jpg,+,validation-8380.jpg,8,,test-2158.jpg,2,+ - 21b.jpg,+,validation-9316.jpg,9,
test-21003.jpg,2,+ - 101a.jpg,+,validation-069.jpg,0,,test-2546.jpg,2,+ - 100c.jpg,+,train-14146.jpg,1,,test-2385.jpg,2,+ - 69.jpg,+,train-2934.jpg,2,,test-2783.jpg,2,+ - 53c.jpg,+,train-3944.jpg,3,,test-2313.jpg,2,+ - 54a.jpg,+,train-449.jpg,4,,test-2706.jpg,2,+ - 38c.jpg,+,validation-5566.jpg,5,,test-2237.jpg,2,+ - 39a.jpg,+,validation-6560.jpg,6,,test-2465.jpg,2,+ - 84o.jpg,+,train-749.jpg,7,,test-2626.jpg,2,+ - 20c.jpg,+,validation-8381.jpg,8,,test-2159.jpg,2,+ - 21c.jpg,+,validation-9317.jpg,9,
test-21004.jpg,2,+ - 101b.jpg,+,validation-0690.jpg,0,,test-2547.jpg,2,+ - 100o.jpg,+,train-14147.jpg,1,,test-2386.jpg,2,+ - 69a.jpg,+,train-2935.jpg,2,,test-2784.jpg,2,+ - 53o.jpg,+,train-3945.jpg,3,,test-2314.jpg,2,+ - 54b.jpg,+,train-4490.jpg,4,,test-2707.jpg,2,+ - 38o.jpg,+,validation-5567.jpg,5,,test-2238.jpg,2,+ - 39b.jpg,+,validation-6561.jpg,6,,test-2466.jpg,2,+ - 85.jpg,+,train-7490.jpg,7,,test-2627.jpg,2,+ - 20o.jpg,+,validation-8382.jpg,8,,test-216.jpg,2,+ - 21o.jpg,+,validation-9318.jpg,9,
test-21005.jpg,2,+ - 101c.jpg,+,validation-0691.jpg,0,,test-2548.jpg,2,+ - 101.jpg,+,train-14148.jpg,1,,test-2387.jpg,2,+ - 69b.jpg,+,train-2936.jpg,2,,test-2785.jpg,2,+ - 54.jpg,+,train-3946.jpg,3,,test-2315.jpg,2,+ - 54c.jpg,+,train-4491.jpg,4,,test-2708.jpg,2,+ - 39.jpg,+,validation-5568.jpg,5,,test-2239.jpg,2,+ - 39c.jpg,+,validation-6562.jpg,6,,test-2467.jpg,2,+ - 85a.jpg,+,train-74900.jpg,7,,test-2628.jpg,2,+ - 21.jpg,+,validation-8383.jpg,8,,test-2160.jpg,2,+ - 22.jpg,+,validation-9319.jpg,9,
test-21006.jpg,2,+ - 101o.jpg,+,validation-0692.jpg,0,,test-2549.jpg,2,+ - 101a.jpg,+,train-14149.jpg,1,,test-2388.jpg,2,+ - 69c.jpg,+,train-2937.jpg,2,,test-2786.jpg,2,+ - 54a.jpg,+,train-3947.jpg,3,,test-2316.jpg,2,+ - 54o.jpg,+,train-4492.jpg,4,,test-2709.jpg,2,+ - 39a.jpg,+,validation-5569.jpg,5,,test-224.jpg,2,+ - 39o.jpg,+,validation-6563.jpg,6,,test-2468.jpg,2,+ - 85b.jpg,+,train-74901.jpg,7,,test-2629.jpg,2,+ - 21a.jpg,+,validation-8384.jpg,8,,test-2161.jpg,2,+ - 22a.jpg,+,validation-932.jpg,9,
test-21007.jpg,2,+ - 102.jpg,+,validation-0693.jpg,0,,test-255.jpg,2,+ - 101b.jpg,+,train-1415.jpg,1,,test-2389.jpg,2,+ - 69o.jpg,+,train-2938.jpg,2,,test-2787.jpg,2,+ - 54b.jpg,+,train-3948.jpg,3,,test-2317.jpg,2,+ - 55.jpg,+,train-4493.jpg,4,,test-271.jpg,2,+ - 39b.jpg,+,validation-557.jpg,5,,test-2240.jpg,2,+ - 3a.jpg,+,validation-6564.jpg,6,,test-2469.jpg,2,+ - 85c.jpg,+,train-74902.jpg,7,,test-263.jpg,2,+ - 21b.jpg,+,validation-8385.jpg,8,,test-2162.jpg,2,+ - 22b.jpg,+,validation-9320.jpg,9,
test-21008.jpg,2,+ - 102a.jpg,+,validation-0694.jpg,0,,test-2550.jpg,2,+ - 101c.jpg,+,train-14150.jpg,1,,test-239.jpg,2,+ - 6a.jpg,+,train-2939.jpg,2,,test-2788.jpg,2,+ - 54c.jpg,+,train-3949.jpg,3,,test-2318.jpg,2,+ - 55a.jpg,+,train-4494.jpg,4,,test-2710.jpg,2,+ - 39c.jpg,+,validation-5570.jpg,5,,test-2241.jpg,2,+ - 3b.jpg,+,validation-6565.jpg,6,,test-247.jpg,2,+ - 85o.jpg,+,train-74903.jpg,7,,test-2630.jpg,2,+ - 21c.jpg,+,validation-8386.jpg,8,,test-2163.jpg,2,+ - 22c.jpg,+,validation-9321.jpg,9,
test-21009.jpg,2,+ - 102b.jpg,+,validation-0695.jpg,0,,test-2551.jpg,2,+ - 101o.jpg,+,train-14151.jpg,1,,test-2390.jpg,2,+ - 6b.jpg,+,train-294.jpg,2,,test-2789.jpg,2,+ - 54o.jpg,+,train-395.jpg,3,,test-2319.jpg,2,+ - 55b.jpg,+,train-4495.jpg,4,,test-2711.jpg,2,+ - 39o.jpg,+,validation-5571.jpg,5,,test-2242.jpg,2,+ - 3c.jpg,+,validation-6566.jpg,6,,test-2470.jpg,2,+ - 86.jpg,+,train-74904.jpg,7,,test-2631.jpg,2,+ - 21o.jpg,+,validation-8387.jpg,8,,test-2164.jpg,2,+ - 22o.jpg,+,validation-9322.jpg,9,
test-2101.jpg,2,+ - 102c.jpg,+,validation-0696.jpg,0,,test-2552.jpg,2,+ - 102.jpg,+,train-14152.jpg,1,,test-2391.jpg,2,+ - 6c.jpg,+,train-2940.jpg,2,,test-279.jpg,2,+ - 55.jpg,+,train-3950.jpg,3,,test-232.jpg,2,+ - 55c.jpg,+,train-4496.jpg,4,,test-2712.jpg,2,+ - 3a.jpg,+,validation-5572.jpg,5,,test-2243.jpg,2,+ - 3o.jpg,+,validation-6567.jpg,6,,test-2471.jpg,2,+ - 86a.jpg,+,train-74905.jpg,7,,test-2632.jpg,2,+ - 22.jpg,+,validation-8388.jpg,8,,test-2165.jpg,2,+ - 23.jpg,+,validation-9323.jpg,9,
test-21010.jpg,2,+ - 102o.jpg,+,validation-0697.jpg,0,,test-2553.jpg,2,+ - 102a.jpg,+,train-14153.jpg,1,,test-2392.jpg,2,+ - 6o.jpg,+,train-2941.jpg,2,,test-2790.jpg,2,+ - 55a.jpg,+,train-3951.jpg,3,,test-2320.jpg,2,+ - 55o.jpg,+,train-4497.jpg,4,,test-2713.jpg,2,+ - 3b.jpg,+,validation-5573.jpg,5,,test-2244.jpg,2,+ - 4.jpg,+,validation-6568.jpg,6,,test-2472.jpg,2,+ - 86b.jpg,+,train-74906.jpg,7,,test-2633.jpg,2,+ - 22a.jpg,+,validation-8389.jpg,8,,test-2166.jpg,2,+ - 23a.jpg,+,validation-9324.jpg,9,
test-21011.jpg,2,+ - 103.jpg,+,validation-0698.jpg,0,,test-2554.jpg,2,+ - 102b.jpg,+,train-14154.jpg,1,,test-2393.jpg,2,+ - 7.jpg,+,train-2942.jpg,2,,test-2791.jpg,2,+ - 55b.jpg,+,train-3952.jpg,3,,test-2321.jpg,2,+ - 56.jpg,+,train-4498.jpg,4,,test-2714.jpg,2,+ - 3c.jpg,+,validation-5574.jpg,5,,test-2245.jpg,2,+ - 40.jpg,+,validation-6569.jpg,6,,test-2473.jpg,2,+ - 86c.jpg,+,train-74907.jpg,7,,test-2634.jpg,2,+ - 22b.jpg,+,validation-839.jpg,8,,test-2167.jpg,2,+ - 23b.jpg,+,validation-9325.jpg,9,
test-21012.jpg,2,+ - 103a.jpg,+,validation-0699.jpg,0,,test-2555.jpg,2,+ - 102c.jpg,+,train-14155.jpg,1,,test-2394.jpg,2,+ - 70.jpg,+,train-2943.jpg,2,,test-2792.jpg,2,+ - 55c.jpg,+,train-3953.jpg,3,,test-2322.jpg,2,+ - 56a.jpg,+,train-4499.jpg,4,,test-2715.jpg,2,+ - 3o.jpg,+,validation-5575.jpg,5,,test-2246.jpg,2,+ - 40a.jpg,+,validation-657.jpg,6,,test-2474.jpg,2,+ - 86o.jpg,+,train-74908.jpg,7,,test-2635.jpg,2,+ - 22c.jpg,+,validation-8390.jpg,8,,test-2168.jpg,2,+ - 23c.jpg,+,validation-9326.jpg,9,
test-21013.jpg,2,+ - 103b.jpg,+,validation-07.jpg,0,,test-2556.jpg,2,+ - 102o.jpg,+,train-14156.jpg,1,,test-2395.jpg,2,+ - 70a.jpg,+,train-2944.jpg,2,,test-2793.jpg,2,+ - 55o.jpg,+,train-3954.jpg,3,,test-2323.jpg,2,+ - 56b.jpg,+,train-45.jpg,4,,test-2716.jpg,2,+ - 4.jpg,+,validation-5576.jpg,5,,test-2247.jpg,2,+ - 40b.jpg,+,validation-6570.jpg,6,,test-2475.jpg,2,+ - 87.jpg,+,train-74909.jpg,7,,test-2636.jpg,2,+ - 22o.jpg,+,validation-8391.jpg,8,,test-2169.jpg,2,+ - 23o.jpg,+,validation-9327.jpg,9,
test-21014.jpg,2,+ - 103c.jpg,+,validation-070.jpg,0,,test-2557.jpg,2,+ - 103.jpg,+,train-14157.jpg,1,,test-2396.jpg,2,+ - 70b.jpg,+,train-2945.jpg,2,,test-2794.jpg,2,+ - 56.jpg,+,train-3955.jpg,3,,test-2324.jpg,2,+ - 56c.jpg,+,train-450.jpg,4,,test-2717.jpg,2,+ - 40.jpg,+,validation-5577.jpg,5,,test-2248.jpg,2,+ - 40c.jpg,+,validation-6571.jpg,6,,test-2476.jpg,2,+ - 87a.jpg,+,train-7491.jpg,7,,test-2637.jpg,2,+ - 23.jpg,+,validation-8392.jpg,8,,test-217.jpg,2,+ - 24.jpg,+,validation-9328.jpg,9,
test-21015.jpg,2,+ - 103o.jpg,+,validation-0700.jpg,0,,test-2558.jpg,2,+ - 103a.jpg,+,train-14158.jpg,1,,test-2397.jpg,2,+ - 70c.jpg,+,train-2946.jpg,2,,test-2795.jpg,2,+ - 56a.jpg,+,train-3956.jpg,3,,test-2325.jpg,2,+ - 56o.jpg,+,train-4500.jpg,4,,test-2718.jpg,2,+ - 40a.jpg,+,validation-5578.jpg,5,,test-2249.jpg,2,+ - 40o.jpg,+,validation-6572.jpg,6,,test-2477.jpg,2,+ - 87b.jpg,+,train-74910.jpg,7,,test-2638.jpg,2,+ - 23a.jpg,+,validation-8393.jpg,8,,test-2170.jpg,2,+ - 24a.jpg,+,validation-9329.jpg,9,
test-21016.jpg,2,+ - 104.jpg,+,validation-0701.jpg,0,,test-2559.jpg,2,+ - 103b.jpg,+,train-14159.jpg,1,,test-2398.jpg,2,+ - 70o.jpg,+,train-2947.jpg,2,,test-2796.jpg,2,+ - 56b.jpg,+,train-3957.jpg,3,,test-2326.jpg,2,+ - 57.jpg,+,train-4501.jpg,4,,test-2719.jpg,2,+ - 40b.jpg,+,validation-5579.jpg,5,,test-225.jpg,2,+ - 41.jpg,+,validation-6573.jpg,6,,test-2478.jpg,2,+ - 87c.jpg,+,train-74911.jpg,7,,test-2639.jpg,2,+ - 23b.jpg,+,validation-8394.jpg,8,,test-2171.jpg,2,+ - 24b.jpg,+,validation-933.jpg,9,
test-21017.jpg,2,+ - 104a.jpg,+,validation-0702.jpg,0,,test-256.jpg,2,+ - 103c.jpg,+,train-1416.jpg,1,,test-2399.jpg,2,+ - 71.jpg,+,train-2948.jpg,2,,test-2797.jpg,2,+ - 56c.jpg,+,train-3958.jpg,3,,test-2327.jpg,2,+ - 57a.jpg,+,train-4502.jpg,4,,test-272.jpg,2,+ - 40c.jpg,+,validation-558.jpg,5,,test-2250.jpg,2,+ - 41a.jpg,+,validation-6574.jpg,6,,test-2479.jpg,2,+ - 87o.jpg,+,train-74912.jpg,7,,test-264.jpg,2,+ - 23c.jpg,+,validation-8395.jpg,8,,test-2172.jpg,2,+ - 24c.jpg,+,validation-9330.jpg,9,
test-21018.jpg,2,+ - 104b.jpg,+,validation-0703.jpg,0,,test-2560.jpg,2,+ - 103o.jpg,+,train-14160.jpg,1,,test-24.jpg,2,+ - 71a.jpg,+,train-2949.jpg,2,,test-2798.jpg,2,+ - 56o.jpg,+,train-3959.jpg,3,,test-2328.jpg,2,+ - 57b.jpg,+,train-4503.jpg,4,,test-2720.jpg,2,+ - 40o.jpg,+,validation-5580.jpg,5,,test-2251.jpg,2,+ - 41b.jpg,+,validation-6575.jpg,6,,test-248.jpg,2,+ - 88.jpg,+,train-74913.jpg,7,,test-2640.jpg,2,+ - 23o.jpg,+,validation-8396.jpg,8,,test-2173.jpg,2,+ - 24o.jpg,+,validation-9331.jpg,9,
test-21019.jpg,2,+ - 104c.jpg,+,validation-0704.jpg,0,,test-2561.jpg,2,+ - 104.jpg,+,train-14161.jpg,1,,test-240.jpg,2,+ - 71b.jpg,+,train-295.jpg,2,,test-2799.jpg,2,+ - 57.jpg,+,train-396.jpg,3,,test-2329.jpg,2,+ - 57c.jpg,+,train-4504.jpg,4,,test-2721.jpg,2,+ - 41.jpg,+,validation-5581.jpg,5,,test-2252.jpg,2,+ - 41c.jpg,+,validation-6576.jpg,6,,test-2480.jpg,2,+ - 88a.jpg,+,train-74914.jpg,7,,test-2641.jpg,2,+ - 24.jpg,+,validation-8397.jpg,8,,test-2174.jpg,2,+ - 25.jpg,+,validation-9332.jpg,9,
test-2102.jpg,2,+ - 104o.jpg,+,validation-0705.jpg,0,,test-2562.jpg,2,+ - 104a.jpg,+,train-14162.jpg,1,,test-2400.jpg,2,+ - 71c.jpg,+,train-2950.jpg,2,,test-28.jpg,2,+ - 57a.jpg,+,train-3960.jpg,3,,test-233.jpg,2,+ - 57o.jpg,+,train-4505.jpg,4,,test-2722.jpg,2,+ - 41a.jpg,+,validation-5582.jpg,5,,test-2253.jpg,2,+ - 41o.jpg,+,validation-6577.jpg,6,,test-2481.jpg,2,+ - 88b.jpg,+,train-74915.jpg,7,,test-2642.jpg,2,+ - 24a.jpg,+,validation-8398.jpg,8,,test-2175.jpg,2,+ - 25a.jpg,+,validation-9333.jpg,9,
test-21020.jpg,2,+ - 105.jpg,+,validation-0706.jpg,0,,test-2563.jpg,2,+ - 104b.jpg,+,train-14163.jpg,1,,test-2401.jpg,2,+ - 71o.jpg,+,train-2951.jpg,2,,test-280.jpg,2,+ - 57b.jpg,+,train-3961.jpg,3,,test-2330.jpg,2,+ - 58.jpg,+,train-4506.jpg,4,,test-2723.jpg,2,+ - 41b.jpg,+,validation-5583.jpg,5,,test-2254.jpg,2,+ - 42.jpg,+,validation-6578.jpg,6,,test-2482.jpg,2,+ - 88c.jpg,+,train-74916.jpg,7,,test-2643.jpg,2,+ - 24b.jpg,+,validation-8399.jpg,8,,test-2176.jpg,2,+ - 25b.jpg,+,validation-9334.jpg,9,
test-21021.jpg,2,+ - 105a.jpg,+,validation-0707.jpg,0,,test-2564.jpg,2,+ - 104c.jpg,+,train-14164.jpg,1,,test-2402.jpg,2,+ - 72.jpg,+,train-2952.jpg,2,,test-2800.jpg,2,+ - 57c.jpg,+,train-3962.jpg,3,,test-2331.jpg,2,+ - 58a.jpg,+,train-4507.jpg,4,,test-2724.jpg,2,+ - 41c.jpg,+,validation-5584.jpg,5,,test-2255.jpg,2,+ - 42a.jpg,+,validation-6579.jpg,6,,test-2483.jpg,2,+ - 88o.jpg,+,train-74917.jpg,7,,test-2644.jpg,2,+ - 24c.jpg,+,validation-84.jpg,8,,test-2177.jpg,2,+ - 25c.jpg,+,validation-9335.jpg,9,
test-21022.jpg,2,+ - 105b.jpg,+,validation-0708.jpg,0,,test-2565.jpg,2,+ - 104o.jpg,+,train-14165.jpg,1,,test-2403.jpg,2,+ - 72a.jpg,+,train-2953.jpg,2,,test-2801.jpg,2,+ - 57o.jpg,+,train-3963.jpg,3,,test-2332.jpg,2,+ - 58b.jpg,+,train-4508.jpg,4,,test-2725.jpg,2,+ - 41o.jpg,+,validation-5585.jpg,5,,test-2256.jpg,2,+ - 42b.jpg,+,validation-658.jpg,6,,test-2484.jpg,2,+ - 89.jpg,+,train-74918.jpg,7,,test-2645.jpg,2,+ - 24o.jpg,+,validation-840.jpg,8,,test-2178.jpg,2,+ - 25o.jpg,+,validation-9336.jpg,9,
test-21023.jpg,2,+ - 105c.jpg,+,validation-0709.jpg,0,,test-2566.jpg,2,+ - 105.jpg,+,train-14166.jpg,1,,test-2404.jpg,2,+ - 72b.jpg,+,train-2954.jpg,2,,test-2802.jpg,2,+ - 58.jpg,+,train-3964.jpg,3,,test-2333.jpg,2,+ - 58c.jpg,+,train-4509.jpg,4,,test-2726.jpg,2,+ - 42.jpg,+,validation-5586.jpg,5,,test-2257.jpg,2,+ - 42c.jpg,+,validation-6580.jpg,6,,test-2485.jpg,2,+ - 89a.jpg,+,train-74919.jpg,7,,test-2646.jpg,2,+ - 25.jpg,+,validation-8400.jpg,8,,test-2179.jpg,2,+ - 26.jpg,+,validation-9337.jpg,9,
test-21024.jpg,2,+ - 105o.jpg,+,validation-071.jpg,0,,test-2567.jpg,2,+ - 105a.jpg,+,train-14167.jpg,1,,test-2405.jpg,2,+ - 72c.jpg,+,train-2955.jpg,2,,test-2803.jpg,2,+ - 58a.jpg,+,train-3965.jpg,3,,test-2334.jpg,2,+ - 58o.jpg,+,train-451.jpg,4,,test-2727.jpg,2,+ - 42a.jpg,+,validation-5587.jpg,5,,test-2258.jpg,2,+ - 42o.jpg,+,validation-6581.jpg,6,,test-2486.jpg,2,+ - 89b.jpg,+,train-7492.jpg,7,,test-2647.jpg,2,+ - 25a.jpg,+,validation-8401.jpg,8,,test-218.jpg,2,+ - 26a.jpg,+,validation-9338.jpg,9,
test-21025.jpg,2,+ - 106.jpg,+,validation-0710.jpg,0,,test-2568.jpg,2,+ - 105b.jpg,+,train-14168.jpg,1,,test-2406.jpg,2,+ - 72o.jpg,+,train-2956.jpg,2,,test-2804.jpg,2,+ - 58b.jpg,+,train-3966.jpg,3,,test-2335.jpg,2,+ - 59.jpg,+,train-4510.jpg,4,,test-2728.jpg,2,+ - 42b.jpg,+,validation-5588.jpg,5,,test-2259.jpg,2,+ - 43.jpg,+,validation-6582.jpg,6,,test-2487.jpg,2,+ - 89c.jpg,+,train-74920.jpg,7,,test-2648.jpg,2,+ - 25b.jpg,+,validation-8402.jpg,8,,test-2180.jpg,2,+ - 26b.jpg,+,validation-9339.jpg,9,
test-21026.jpg,2,+ - 106a.jpg,+,validation-0711.jpg,0,,test-2569.jpg,2,+ - 105c.jpg,+,train-14169.jpg,1,,test-2407.jpg,2,+ - 73.jpg,+,train-2957.jpg,2,,test-2805.jpg,2,+ - 58c.jpg,+,train-3967.jpg,3,,test-2336.jpg,2,+ - 59a.jpg,+,train-4511.jpg,4,,test-2729.jpg,2,+ - 42c.jpg,+,validation-5589.jpg,5,,test-226.jpg,2,+ - 43a.jpg,+,validation-6583.jpg,6,,test-2488.jpg,2,+ - 89o.jpg,+,train-74921.jpg,7,,test-2649.jpg,2,+ - 25c.jpg,+,validation-8403.jpg,8,,test-2181.jpg,2,+ - 26c.jpg,+,validation-934.jpg,9,
test-21027.jpg,2,+ - 106b.jpg,+,validation-0712.jpg,0,,test-257.jpg,2,+ - 105o.jpg,+,train-1417.jpg,1,,test-2408.jpg,2,+ - 73a.jpg,+,train-2958.jpg,2,,test-2806.jpg,2,+ - 58o.jpg,+,train-3968.jpg,3,,test-2337.jpg,2,+ - 59b.jpg,+,train-4512.jpg,4,,test-273.jpg,2,+ - 42o.jpg,+,validation-559.jpg,5,,test-2260.jpg,2,+ - 43b.jpg,+,validation-6584.jpg,6,,test-2489.jpg,2,+ - 8a.jpg,+,train-74922.jpg,7,,test-265.jpg,2,+ - 25o.jpg,+,validation-8404.jpg,8,,test-2182.jpg,2,+ - 26o.jpg,+,validation-9340.jpg,9,
test-21028.jpg,2,+ - 106c.jpg,+,validation-0713.jpg,0,,test-2570.jpg,2,+ - 106.jpg,+,train-14170.jpg,1,,test-2409.jpg,2,+ - 73b.jpg,+,train-2959.jpg,2,,test-2807.jpg,2,+ - 59.jpg,+,train-3969.jpg,3,,test-2338.jpg,2,+ - 59c.jpg,+,train-4513.jpg,4,,test-2730.jpg,2,+ - 43.jpg,+,validation-5590.jpg,5,,test-2261.jpg,2,+ - 43c.jpg,+,validation-6585.jpg,6,,test-249.jpg,2,+ - 8b.jpg,+,train-74923.jpg,7,,test-2650.jpg,2,+ - 26.jpg,+,validation-8405.jpg,8,,test-2183.jpg,2,+ - 27.jpg,+,validation-9341.jpg,9,
test-21029.jpg,2,+ - 106o.jpg,+,validation-0714.jpg,0,,test-2571.jpg,2,+ - 106a.jpg,+,train-14171.jpg,1,,test-241.jpg,2,+ - 73c.jpg,+,train-296.jpg,2,,test-2808.jpg,2,+ - 59a.jpg,+,train-397.jpg,3,,test-2339.jpg,2,+ - 59o.jpg,+,train-4514.jpg,4,,test-2731.jpg,2,+ - 43a.jpg,+,validation-5591.jpg,5,,test-2262.jpg,2,+ - 43o.jpg,+,validation-6586.jpg,6,,test-2490.jpg,2,+ - 8c.jpg,+,train-74924.jpg,7,,test-2651.jpg,2,+ - 26a.jpg,+,validation-8406.jpg,8,,test-2184.jpg,2,+ - 27a.jpg,+,validation-9342.jpg,9,
test-2103.jpg,2,+ - 10a.jpg,+,validation-0715.jpg,0,,test-2572.jpg,2,+ - 106b.jpg,+,train-14172.jpg,1,,test-2410.jpg,2,+ - 73o.jpg,+,train-2960.jpg,2,,test-2809.jpg,2,+ - 59b.jpg,+,train-3970.jpg,3,,test-234.jpg,2,+ - 5a.jpg,+,train-4515.jpg,4,,test-2732.jpg,2,+ - 43b.jpg,+,validation-5592.jpg,5,,test-2263.jpg,2,+ - 44.jpg,+,validation-6587.jpg,6,,test-2491.jpg,2,+ - 8o.jpg,+,train-74925.jpg,7,,test-2652.jpg,2,+ - 26b.jpg,+,validation-8407.jpg,8,,test-2185.jpg,2,+ - 27b.jpg,+,validation-9343.jpg,9,
test-21030.jpg,2,+ - 10b.jpg,+,validation-0716.jpg,0,,test-2573.jpg,2,+ - 106c.jpg,+,train-14173.jpg,1,,test-2411.jpg,2,+ - 74.jpg,+,train-2961.jpg,2,,test-281.jpg,2,+ - 59c.jpg,+,train-3971.jpg,3,,test-2340.jpg,2,+ - 5b.jpg,+,train-4516.jpg,4,,test-2733.jpg,2,+ - 43c.jpg,+,validation-5593.jpg,5,,test-2264.jpg,2,+ - 44a.jpg,+,validation-6588.jpg,6,,test-2492.jpg,2,+ - 9.jpg,+,train-74926.jpg,7,,test-2653.jpg,2,+ - 26c.jpg,+,validation-8408.jpg,8,,test-2186.jpg,2,+ - 27c.jpg,+,validation-9344.jpg,9,
test-2104.jpg,2,+ - 10c.jpg,+,validation-0717.jpg,0,,test-2574.jpg,2,+ - 106o.jpg,+,train-14174.jpg,1,,test-2412.jpg,2,+ - 74a.jpg,+,train-2962.jpg,2,,test-2810.jpg,2,+ - 59o.jpg,+,train-3972.jpg,3,,test-2341.jpg,2,+ - 5c.jpg,+,train-4517.jpg,4,,test-2734.jpg,2,+ - 43o.jpg,+,validation-5594.jpg,5,,test-2265.jpg,2,+ - 44b.jpg,+,validation-6589.jpg,6,,test-2493.jpg,2,+ - 90.jpg,+,train-74927.jpg,7,,test-2654.jpg,2,+ - 26o.jpg,+,validation-8409.jpg,8,,test-2187.jpg,2,+ - 27o.jpg,+,validation-9345.jpg,9,
test-2105.jpg,2,+ - 10o.jpg,+,validation-0718.jpg,0,,test-2575.jpg,2,+ - 10a.jpg,+,train-14175.jpg,1,,test-2413.jpg,2,+ - 74b.jpg,+,train-2963.jpg,2,,test-2811.jpg,2,+ - 5a.jpg,+,train-3973.jpg,3,,test-2342.jpg,2,+ - 5o.jpg,+,train-4518.jpg,4,,test-2735.jpg,2,+ - 44.jpg,+,validation-5595.jpg,5,,test-2266.jpg,2,+ - 44c.jpg,+,validation-659.jpg,6,,test-2494.jpg,2,+ - 90a.jpg,+,train-74928.jpg,7,,test-2655.jpg,2,+ - 27.jpg,+,validation-841.jpg,8,,test-2188.jpg,2,+ - 28.jpg,+,validation-9346.jpg,9,
test-2106.jpg,2,+ - 11.jpg,+,validation-0719.jpg,0,,test-2576.jpg,2,+ - 10b.jpg,+,train-14176.jpg,1,,test-2414.jpg,2,+ - 74c.jpg,+,train-2964.jpg,2,,test-2812.jpg,2,+ - 5b.jpg,+,train-3974.jpg,3,,test-2343.jpg,2,+ - 6.jpg,+,train-4519.jpg,4,,test-2736.jpg,2,+ - 44a.jpg,+,validation-5596.jpg,5,,test-2267.jpg,2,+ - 44o.jpg,+,validation-6590.jpg,6,,test-2495.jpg,2,+ - 90b.jpg,+,train-74929.jpg,7,,test-2656.jpg,2,+ - 27a.jpg,+,validation-8410.jpg,8,,test-2189.jpg,2,+ - 28a.jpg,+,validation-9347.jpg,9,
test-2107.jpg,2,+ - 11a.jpg,+,validation-072.jpg,0,,test-2577.jpg,2,+ - 10c.jpg,+,train-14177.jpg,1,,test-2415.jpg,2,+ - 74o.jpg,+,train-2965.jpg,2,,test-2813.jpg,2,+ - 5c.jpg,+,train-3975.jpg,3,,test-2344.jpg,2,+ - 60.jpg,+,train-452.jpg,4,,test-2737.jpg,2,+ - 44b.jpg,+,validation-5597.jpg,5,,test-2268.jpg,2,+ - 45.jpg,+,validation-6591.jpg,6,,test-2496.jpg,2,+ - 90c.jpg,+,train-7493.jpg,7,,test-2657.jpg,2,+ - 27b.jpg,+,validation-8411.jpg,8,,test-219.jpg,2,+ - 28b.jpg,+,validation-9348.jpg,9,
test-2108.jpg,2,+ - 11b.jpg,+,validation-0720.jpg,0,,test-2578.jpg,2,+ - 10o.jpg,+,train-14178.jpg,1,,test-2416.jpg,2,+ - 75.jpg,+,train-2966.jpg,2,,test-2814.jpg,2,+ - 5o.jpg,+,train-3976.jpg,3,,test-2345.jpg,2,+ - 60a.jpg,+,train-4520.jpg,4,,test-2738.jpg,2,+ - 44c.jpg,+,validation-5598.jpg,5,,test-2269.jpg,2,+ - 45a.jpg,+,validation-6592.jpg,6,,test-2497.jpg,2,+ - 90o.jpg,+,train-74930.jpg,7,,test-2658.jpg,2,+ - 27c.jpg,+,validation-8412.jpg,8,,test-2190.jpg,2,+ - 28c.jpg,+,validation-9349.jpg,9,
test-2109.jpg,2,+ - 11c.jpg,+,validation-0721.jpg,0,,test-2579.jpg,2,+ - 11.jpg,+,train-14179.jpg,1,,test-2417.jpg,2,+ - 75a.jpg,+,train-2967.jpg,2,,test-2815.jpg,2,+ - 6.jpg,+,train-3977.jpg,3,,test-2346.jpg,2,+ - 60b.jpg,+,train-4521.jpg,4,,test-2739.jpg,2,+ - 44o.jpg,+,validation-5599.jpg,5,,test-227.jpg,2,+ - 45b.jpg,+,validation-6593.jpg,6,,test-2498.jpg,2,+ - 91.jpg,+,train-74931.jpg,7,,test-2659.jpg,2,+ - 27o.jpg,+,validation-8413.jpg,8,,test-2191.jpg,2,+ - 28o.jpg,+,validation-935.jpg,9,
test-211.jpg,2,+ - 11o.jpg,+,validation-0722.jpg,0,,test-258.jpg,2,+ - 11a.jpg,+,train-1418.jpg,1,,test-2418.jpg,2,+ - 75b.jpg,+,train-2968.jpg,2,,test-2816.jpg,2,+ - 60.jpg,+,train-3978.jpg,3,,test-2347.jpg,2,+ - 60c.jpg,+,train-4522.jpg,4,,test-274.jpg,2,+ - 45.jpg,+,validation-56.jpg,5,,test-2270.jpg,2,+ - 45c.jpg,+,validation-6594.jpg,6,,test-2499.jpg,2,+ - 91a.jpg,+,train-74932.jpg,7,,test-266.jpg,2,+ - 28.jpg,+,validation-8414.jpg,8,,test-2192.jpg,2,+ - 29.jpg,+,validation-9350.jpg,9,
test-2110.jpg,2,+ - 12.jpg,+,validation-0723.jpg,0,,test-2580.jpg,2,+ - 11b.jpg,+,train-14180.jpg,1,,test-2419.jpg,2,+ - 75c.jpg,+,train-2969.jpg,2,,test-2817.jpg,2,+ - 60a.jpg,+,train-3979.jpg,3,,test-2348.jpg,2,+ - 60o.jpg,+,train-4523.jpg,4,,test-2740.jpg,2,+ - 45a.jpg,+,validation-560.jpg,5,,test-2271.jpg,2,+ - 45o.jpg,+,validation-6595.jpg,6,,test-25.jpg,2,+ - 91b.jpg,+,train-74933.jpg,7,,test-2660.jpg,2,+ - 28a.jpg,+,validation-8415.jpg,8,,test-2193.jpg,2,+ - 29a.jpg,+,validation-9351.jpg,9,
test-2111.jpg,2,+ - 12a.jpg,+,validation-0724.jpg,0,,test-2581.jpg,2,+ - 11c.jpg,+,train-14181.jpg,1,,test-242.jpg,2,+ - 75o.jpg,+,train-297.jpg,2,,test-2818.jpg,2,+ - 60b.jpg,+,train-398.jpg,3,,test-2349.jpg,2,+ - 61.jpg,+,train-4524.jpg,4,,test-2741.jpg,2,+ - 45b.jpg,+,validation-5600.jpg,5,,test-2272.jpg,2,+ - 46.jpg,+,validation-6596.jpg,6,,test-250.jpg,2,+ - 91c.jpg,+,train-74934.jpg,7,,test-2661.jpg,2,+ - 28b.jpg,+,validation-8416.jpg,8,,test-2194.jpg,2,+ - 29b.jpg,+,validation-9352.jpg,9,
test-2112.jpg,2,+ - 12b.jpg,+,validation-0725.jpg,0,,test-2582.jpg,2,+ - 11o.jpg,+,train-14182.jpg,1,,test-2420.jpg,2,+ - 76.jpg,+,train-2970.jpg,2,,test-2819.jpg,2,+ - 60c.jpg,+,train-3980.jpg,3,,test-235.jpg,2,+ - 61a.jpg,+,train-4525.jpg,4,,test-2742.jpg,2,+ - 45c.jpg,+,validation-5601.jpg,5,,test-2273.jpg,2,+ - 46a.jpg,+,validation-6597.jpg,6,,test-2500.jpg,2,+ - 91o.jpg,+,train-74935.jpg,7,,test-2662.jpg,2,+ - 28c.jpg,+,validation-8417.jpg,8,,test-2195.jpg,2,+ - 29c.jpg,+,validation-9353.jpg,9,
test-2113.jpg,2,+ - 12c.jpg,+,validation-0726.jpg,0,,test-2583.jpg,2,+ - 12.jpg,+,train-14183.jpg,1,,test-2421.jpg,2,+ - 76a.jpg,+,train-2971.jpg,2,,test-282.jpg,2,+ - 60o.jpg,+,train-3981.jpg,3,,test-2350.jpg,2,+ - 61b.jpg,+,train-4526.jpg,4,,test-2743.jpg,2,+ - 45o.jpg,+,validation-5602.jpg,5,,test-2274.jpg,2,+ - 46b.jpg,+,validation-6598.jpg,6,,test-2501.jpg,2,+ - 92.jpg,+,train-74936.jpg,7,,test-2663.jpg,2,+ - 28o.jpg,+,validation-8418.jpg,8,,test-2196.jpg,2,+ - 29o.jpg,+,validation-9354.jpg,9,
test-2114.jpg,2,+ - 12o.jpg,+,validation-0727.jpg,0,,test-2584.jpg,2,+ - 12a.jpg,+,train-14184.jpg,1,,test-2422.jpg,2,+ - 76b.jpg,+,train-2972.jpg,2,,test-2820.jpg,2,+ - 61.jpg,+,train-3982.jpg,3,,test-2351.jpg,2,+ - 61c.jpg,+,train-4527.jpg,4,,test-2744.jpg,2,+ - 46.jpg,+,validation-5603.jpg,5,,test-2275.jpg,2,+ - 46c.jpg,+,validation-6599.jpg,6,,test-2502.jpg,2,+ - 92a.jpg,+,train-74937.jpg,7,,test-2664.jpg,2,+ - 29.jpg,+,validation-8419.jpg,8,,test-2197.jpg,2,+ - 2a.jpg,+,validation-9355.jpg,9,
test-2115.jpg,2,+ - 13.jpg,+,validation-0728.jpg,0,,test-2585.jpg,2,+ - 12b.jpg,+,train-14185.jpg,1,,test-2423.jpg,2,+ - 76c.jpg,+,train-2973.jpg,2,,test-2821.jpg,2,+ - 61a.jpg,+,train-3983.jpg,3,,test-2352.jpg,2,+ - 61o.jpg,+,train-4528.jpg,4,,test-2745.jpg,2,+ - 46a.jpg,+,validation-5604.jpg,5,,test-2276.jpg,2,+ - 46o.jpg,+,validation-66.jpg,6,,test-2503.jpg,2,+ - 92b.jpg,+,train-74938.jpg,7,,test-2665.jpg,2,+ - 29a.jpg,+,validation-842.jpg,8,,test-2198.jpg,2,+ - 2b.jpg,+,validation-9356.jpg,9,
test-2116.jpg,2,+ - 13a.jpg,+,validation-0729.jpg,0,,test-2586.jpg,2,+ - 12c.jpg,+,train-14186.jpg,1,,test-2424.jpg,2,+ - 76o.jpg,+,train-2974.jpg,2,,test-2822.jpg,2,+ - 61b.jpg,+,train-3984.jpg,3,,test-2353.jpg,2,+ - 62.jpg,+,train-4529.jpg,4,,test-2746.jpg,2,+ - 46b.jpg,+,validation-5605.jpg,5,,test-2277.jpg,2,+ - 47.jpg,+,validation-660.jpg,6,,test-2504.jpg,2,+ - 92c.jpg,+,train-74939.jpg,7,,test-2666.jpg,2,+ - 29b.jpg,+,validation-8420.jpg,8,,test-2199.jpg,2,+ - 2c.jpg,+,validation-9357.jpg,9,
test-2117.jpg,2,+ - 13b.jpg,+,validation-073.jpg,0,,test-2587.jpg,2,+ - 12o.jpg,+,train-14187.jpg,1,,test-2425.jpg,2,+ - 77.jpg,+,train-2975.jpg,2,,test-2823.jpg,2,+ - 61c.jpg,+,train-3985.jpg,3,,test-2354.jpg,2,+ - 62a.jpg,+,train-453.jpg,4,,test-2747.jpg,2,+ - 46c.jpg,+,validation-5606.jpg,5,,test-2278.jpg,2,+ - 47a.jpg,+,validation-6600.jpg,6,,test-2505.jpg,2,+ - 92o.jpg,+,train-7494.jpg,7,,test-2667.jpg,2,+ - 29c.jpg,+,validation-8421.jpg,8,,test-22.jpg,2,+ - 2o.jpg,+,validation-9358.jpg,9,
test-2118.jpg,2,+ - 13c.jpg,+,validation-0730.jpg,0,,test-2588.jpg,2,+ - 13.jpg,+,train-14188.jpg,1,,test-2426.jpg,2,+ - 77a.jpg,+,train-2976.jpg,2,,test-2824.jpg,2,+ - 61o.jpg,+,train-3986.jpg,3,,test-2355.jpg,2,+ - 62b.jpg,+,train-4530.jpg,4,,test-2748.jpg,2,+ - 46o.jpg,+,validation-5607.jpg,5,,test-2279.jpg,2,+ - 47b.jpg,+,validation-6601.jpg,6,,test-2506.jpg,2,+ - 93.jpg,+,train-74940.jpg,7,,test-2668.jpg,2,+ - 29o.jpg,+,validation-8422.jpg,8,,test-220.jpg,2,+ - 3.jpg,+,validation-9359.jpg,9,
test-2119.jpg,2,+ - 13o.jpg,+,validation-0731.jpg,0,,test-2589.jpg,2,+ - 13a.jpg,+,train-14189.jpg,1,,test-2427.jpg,2,+ - 77b.jpg,+,train-2977.jpg,2,,test-2825.jpg,2,+ - 62.jpg,+,train-3987.jpg,3,,test-2356.jpg,2,+ - 62c.jpg,+,train-4531.jpg,4,,test-2749.jpg,2,+ - 47.jpg,+,validation-5608.jpg,5,,test-228.jpg,2,+ - 47c.jpg,+,validation-6602.jpg,6,,test-2507.jpg,2,+ - 93a.jpg,+,train-74941.jpg,7,,test-2669.jpg,2,+ - 2a.jpg,+,validation-8423.jpg,8,,test-2200.jpg,2,+ - 30.jpg,+,validation-936.jpg,9,
test-212.jpg,2,+ - 14.jpg,+,validation-0732.jpg,0,,test-259.jpg,2,+ - 13b.jpg,+,train-1419.jpg,1,,test-2428.jpg,2,+ - 77c.jpg,+,train-2978.jpg,2,,test-2826.jpg,2,+ - 62a.jpg,+,train-3988.jpg,3,,test-2357.jpg,2,+ - 62o.jpg,+,train-4532.jpg,4,,test-275.jpg,2,+ - 47a.jpg,+,validation-5609.jpg,5,,test-2280.jpg,2,+ - 47o.jpg,+,validation-6603.jpg,6,,test-2508.jpg,2,+ - 93b.jpg,+,train-74942.jpg,7,,test-267.jpg,2,+ - 2b.jpg,+,validation-8424.jpg,8,,test-2201.jpg,2,+ - 30a.jpg,+,validation-9360.jpg,9,
test-2120.jpg,2,+ - 14a.jpg,+,validation-0733.jpg,0,,test-2590.jpg,2,+ - 13c.jpg,+,train-14190.jpg,1,,test-2429.jpg,2,+ - 77o.jpg,+,train-2979.jpg,2,,test-2827.jpg,2,+ - 62b.jpg,+,train-3989.jpg,3,,test-2358.jpg,2,+ - 63.jpg,+,train-4533.jpg,4,,test-2750.jpg,2,+ - 47b.jpg,+,validation-561.jpg,5,,test-2281.jpg,2,+ - 48.jpg,+,validation-6604.jpg,6,,test-2509.jpg,2,+ - 93c.jpg,+,train-74943.jpg,7,,test-2670.jpg,2,+ - 2c.jpg,+,validation-8425.jpg,8,,test-2202.jpg,2,+ - 30b.jpg,+,validation-9361.jpg,9,
test-2121.jpg,2,+ - 14b.jpg,+,validation-0734.jpg,0,,test-2591.jpg,2,+ - 13o.jpg,+,train-14191.jpg,1,,test-243.jpg,2,+ - 78.jpg,+,train-298.jpg,2,,test-2828.jpg,2,+ - 62c.jpg,+,train-399.jpg,3,,test-2359.jpg,2,+ - 63a.jpg,+,train-4534.jpg,4,,test-2751.jpg,2,+ - 47c.jpg,+,validation-5610.jpg,5,,test-2282.jpg,2,+ - 48a.jpg,+,validation-6605.jpg,6,,test-251.jpg,2,+ - 93o.jpg,+,train-74944.jpg,7,,test-2671.jpg,2,+ - 2o.jpg,+,validation-8426.jpg,8,,test-2203.jpg,2,+ - 30c.jpg,+,validation-9362.jpg,9,
test-2122.jpg,2,+ - 14c.jpg,+,validation-0735.jpg,0,,test-2592.jpg,2,+ - 14.jpg,+,train-14192.jpg,1,,test-2430.jpg,2,+ - 78a.jpg,+,train-2980.jpg,2,,test-2829.jpg,2,+ - 62o.jpg,+,train-3990.jpg,3,,test-236.jpg,2,+ - 63b.jpg,+,train-4535.jpg,4,,test-2752.jpg,2,+ - 47o.jpg,+,validation-5611.jpg,5,,test-2283.jpg,2,+ - 48b.jpg,+,validation-6606.jpg,6,,test-2510.jpg,2,+ - 94.jpg,+,train-74945.jpg,7,,test-2672.jpg,2,+ - 3.jpg,+,validation-8427.jpg,8,,test-2204.jpg,2,+ - 30o.jpg,+,validation-9363.jpg,9,
test-2123.jpg,2,+ - 14o.jpg,+,validation-0736.jpg,0,,test-2593.jpg,2,+ - 14a.jpg,+,train-14193.jpg,1,,test-2431.jpg,2,+ - 78b.jpg,+,train-2981.jpg,2,,test-283.jpg,2,+ - 63.jpg,+,train-3991.jpg,3,,test-2360.jpg,2,+ - 63c.jpg,+,train-4536.jpg,4,,test-2753.jpg,2,+ - 48.jpg,+,validation-5612.jpg,5,,test-2284.jpg,2,+ - 48c.jpg,+,validation-6607.jpg,6,,test-2511.jpg,2,+ - 94a.jpg,+,train-74946.jpg,7,,test-2673.jpg,2,+ - 30.jpg,+,validation-8428.jpg,8,,test-2205.jpg,2,+ - 31.jpg,+,validation-9364.jpg,9,
test-2124.jpg,2,+ - 15.jpg,+,validation-0737.jpg,0,,test-2594.jpg,2,+ - 14b.jpg,+,train-14194.jpg,1,,test-2432.jpg,2,+ - 78c.jpg,+,train-2982.jpg,2,,test-2830.jpg,2,+ - 63a.jpg,+,train-3992.jpg,3,,test-2361.jpg,2,+ - 63o.jpg,+,train-4537.jpg,4,,test-2754.jpg,2,+ - 48a.jpg,+,validation-5613.jpg,5,,test-2285.jpg,2,+ - 48o.jpg,+,validation-6608.jpg,6,,test-2512.jpg,2,+ - 94b.jpg,+,train-74947.jpg,7,,test-2674.jpg,2,+ - 30a.jpg,+,validation-8429.jpg,8,,test-2206.jpg,2,+ - 31a.jpg,+,validation-9365.jpg,9,
test-2125.jpg,2,+ - 15a.jpg,+,validation-0738.jpg,0,,test-2595.jpg,2,+ - 14c.jpg,+,train-14195.jpg,1,,test-2433.jpg,2,+ - 78o.jpg,+,train-2983.jpg,2,,test-2831.jpg,2,+ - 63b.jpg,+,train-3993.jpg,3,,test-2362.jpg,2,+ - 64.jpg,+,train-4538.jpg,4,,test-2755.jpg,2,+ - 48b.jpg,+,validation-5614.jpg,5,,test-2286.jpg,2,+ - 49.jpg,+,validation-6609.jpg,6,,test-2513.jpg,2,+ - 94c.jpg,+,train-74948.jpg,7,,test-2675.jpg,2,+ - 30b.jpg,+,validation-843.jpg,8,,test-2207.jpg,2,+ - 31b.jpg,+,validation-9366.jpg,9,
test-2126.jpg,2,+ - 15b.jpg,+,validation-0739.jpg,0,,test-2596.jpg,2,+ - 14o.jpg,+,train-14196.jpg,1,,test-2434.jpg,2,+ - 79.jpg,+,train-2984.jpg,2,,test-2832.jpg,2,+ - 63c.jpg,+,train-3994.jpg,3,,test-2363.jpg,2,+ - 64a.jpg,+,train-4539.jpg,4,,test-2756.jpg,2,+ - 48c.jpg,+,validation-5615.jpg,5,,test-2287.jpg,2,+ - 49a.jpg,+,validation-661.jpg,6,,test-2514.jpg,2,+ - 94o.jpg,+,train-74949.jpg,7,,test-2676.jpg,2,+ - 30c.jpg,+,validation-8430.jpg,8,,test-2208.jpg,2,+ - 31c.jpg,+,validation-9367.jpg,9,
test-2127.jpg,2,+ - 15c.jpg,+,validation-074.jpg,0,,test-2597.jpg,2,+ - 15.jpg,+,train-14197.jpg,1,,test-2435.jpg,2,+ - 79a.jpg,+,train-2985.jpg,2,,test-2833.jpg,2,+ - 63o.jpg,+,train-3995.jpg,3,,test-2364.jpg,2,+ - 64b.jpg,+,train-454.jpg,4,,test-2757.jpg,2,+ - 48o.jpg,+,validation-5616.jpg,5,,test-2288.jpg,2,+ - 49b.jpg,+,validation-6610.jpg,6,,test-2515.jpg,2,+ - 95.jpg,+,train-7495.jpg,7,,test-2677.jpg,2,+ - 30o.jpg,+,validation-8431.jpg,8,,test-2209.jpg,2,+ - 31o.jpg,+,validation-9368.jpg,9,
test-2128.jpg,2,+ - 15o.jpg,+,validation-0740.jpg,0,,test-2598.jpg,2,+ - 15a.jpg,+,train-14198.jpg,1,,test-2436.jpg,2,+ - 79b.jpg,+,train-2986.jpg,2,,test-2834.jpg,2,+ - 64.jpg,+,train-3996.jpg,3,,test-2365.jpg,2,+ - 64c.jpg,+,train-4540.jpg,4,,test-2758.jpg,2,+ - 49.jpg,+,validation-5617.jpg,5,,test-2289.jpg,2,+ - 49c.jpg,+,validation-6611.jpg,6,,test-2516.jpg,2,+ - 95a.jpg,+,train-74950.jpg,7,,test-2678.jpg,2,+ - 31.jpg,+,validation-8432.jpg,8,,test-221.jpg,2,+ - 32.jpg,+,validation-9369.jpg,9,
test-2129.jpg,2,+ - 16.jpg,+,validation-0741.jpg,0,,test-2599.jpg,2,+ - 15b.jpg,+,train-14199.jpg,1,,test-2437.jpg,2,+ - 79c.jpg,+,train-2987.jpg,2,,test-2835.jpg,2,+ - 64a.jpg,+,train-3997.jpg,3,,test-2366.jpg,2,+ - 64o.jpg,+,train-4541.jpg,4,,test-2759.jpg,2,+ - 49a.jpg,+,validation-5618.jpg,5,,test-229.jpg,2,+ - 49o.jpg,+,validation-6612.jpg,6,,test-2517.jpg,2,+ - 95b.jpg,+,train-74951.jpg,7,,test-2679.jpg,2,+ - 31a.jpg,+,validation-8433.jpg,8,,test-2210.jpg,2,+ - 32o.jpg,+,validation-937.jpg,9,
test-213.jpg,2,+ - 16a.jpg,+,validation-0742.jpg,0,,test-26.jpg,2,+ - 15c.jpg,+,train-142.jpg,1,,test-2438.jpg,2,+ - 79o.jpg,+,train-2988.jpg,2,,test-2836.jpg,2,+ - 64b.jpg,+,train-3998.jpg,3,,test-2367.jpg,2,+ - 65.jpg,+,train-4542.jpg,4,,test-276.jpg,2,+ - 49b.jpg,+,validation-5619.jpg,5,,test-2290.jpg,2,+ - 4a.jpg,+,validation-6613.jpg,6,,test-2518.jpg,2,+ - 95c.jpg,+,train-74952.jpg,7,,test-268.jpg,2,+ - 31b.jpg,+,validation-8434.jpg,8,,test-2211.jpg,2,+ - 33.jpg,+,validation-9370.jpg,9,
test-2130.jpg,2,+ - 16b.jpg,+,validation-0743.jpg,0,,test-260.jpg,2,+ - 15o.jpg,+,train-1420.jpg,1,,test-2439.jpg,2,+ - 7a.jpg,+,train-2989.jpg,2,,test-2837.jpg,2,+ - 64c.jpg,+,train-3999.jpg,3,,test-2368.jpg,2,+ - 65a.jpg,+,train-4543.jpg,4,,test-2760.jpg,2,+ - 49c.jpg,+,validation-562.jpg,5,,test-2291.jpg,2,+ - 4b.jpg,+,validation-6614.jpg,6,,test-2519.jpg,2,+ - 95o.jpg,+,train-74953.jpg,7,,test-2680.jpg,2,+ - 31c.jpg,+,validation-8435.jpg,8,,test-2212.jpg,2,+ - 33a.jpg,+,validation-9371.jpg,9,
test-2131.jpg,2,+ - 16c.jpg,+,validation-0744.jpg,0,,test-2600.jpg,2,+ - 16.jpg,+,train-14200.jpg,1,,test-244.jpg,2,+ - 7b.jpg,+,train-299.jpg,2,,test-2838.jpg,2,+ - 64o.jpg,+,validation-3.jpg,3,,test-2369.jpg,2,+ - 65b.jpg,+,train-4544.jpg,4,,test-2761.jpg,2,+ - 49o.jpg,+,validation-5620.jpg,5,,test-2292.jpg,2,+ - 4c.jpg,+,validation-6615.jpg,6,,test-252.jpg,2,+ - 96.jpg,+,train-74954.jpg,7,,test-2681.jpg,2,+ - 31o.jpg,+,validation-8436.jpg,8,,test-2213.jpg,2,+ - 33b.jpg,+,validation-9372.jpg,9,
test-2132.jpg,2,+ - 16o.jpg,+,validation-0745.jpg,0,,test-2601.jpg,2,+ - 16a.jpg,+,train-14201.jpg,1,,test-2440.jpg,2,+ - 7c.jpg,+,train-2990.jpg,2,,test-2839.jpg,2,+ - 65.jpg,+,validation-30.jpg,3,,test-237.jpg,2,+ - 65c.jpg,+,train-4545.jpg,4,,test-2762.jpg,2,+ - 4a.jpg,+,validation-5621.jpg,5,,test-2293.jpg,2,+ - 4o.jpg,+,validation-6616.jpg,6,,test-2520.jpg,2,+ - 96a.jpg,+,train-74955.jpg,7,,test-2682.jpg,2,+ - 32.jpg,+,validation-8437.jpg,8,,test-2214.jpg,2,+ - 33c.jpg,+,validation-9373.jpg,9,
test-2133.jpg,2,+ - 17.jpg,+,validation-0746.jpg,0,,test-2602.jpg,2,+ - 16b.jpg,+,train-14202.jpg,1,,test-2441.jpg,2,+ - 7o.jpg,+,train-2991.jpg,2,,test-284.jpg,2,+ - 65a.jpg,+,validation-31.jpg,3,,test-2370.jpg,2,+ - 65o.jpg,+,train-4546.jpg,4,,test-2763.jpg,2,+ - 4b.jpg,+,validation-5622.jpg,5,,test-2294.jpg,2,+ - 5.jpg,+,validation-6617.jpg,6,,test-2521.jpg,2,+ - 96b.jpg,+,train-74956.jpg,7,,test-2683.jpg,2,+ - 32o.jpg,+,validation-8438.jpg,8,,test-2215.jpg,2,+ - 33o.jpg,+,validation-9374.jpg,9,
test-2134.jpg,2,+ - 17a.jpg,+,validation-0747.jpg,0,,test-2603.jpg,2,+ - 16c.jpg,+,train-14203.jpg,1,,test-2442.jpg,2,+ - 8.jpg,+,train-2992.jpg,2,,test-2840.jpg,2,+ - 65b.jpg,+,validation-310.jpg,3,,test-2371.jpg,2,+ - 66.jpg,+,train-4547.jpg,4,,test-2764.jpg,2,+ - 4c.jpg,+,validation-5623.jpg,5,,test-2295.jpg,2,+ - 50.jpg,+,validation-6618.jpg,6,,test-2522.jpg,2,+ - 96c.jpg,+,train-74957.jpg,7,,test-2684.jpg,2,+ - 33.jpg,+,validation-8439.jpg,8,,test-2216.jpg,2,+ - 34.jpg,+,validation-9375.jpg,9,
test-2135.jpg,2,+ - 17b.jpg,+,validation-0748.jpg,0,,test-2604.jpg,2,+ - 16o.jpg,+,train-14204.jpg,1,,test-2443.jpg,2,+ - 80.jpg,+,train-2993.jpg,2,,test-2841.jpg,2,+ - 65c.jpg,+,validation-3100.jpg,3,,test-2372.jpg,2,+ - 66a.jpg,+,train-4548.jpg,4,,test-2765.jpg,2,+ - 4o.jpg,+,validation-5624.jpg,5,,test-2296.jpg,2,+ - 50a.jpg,+,validation-6619.jpg,6,,test-2523.jpg,2,+ - 96o.jpg,+,train-74958.jpg,7,,test-2685.jpg,2,+ - 33a.jpg,+,validation-844.jpg,8,,test-2217.jpg,2,+ - 34a.jpg,+,validation-9376.jpg,9,
test-2136.jpg,2,+ - 17c.jpg,+,validation-0749.jpg,0,,test-2605.jpg,2,+ - 17.jpg,+,train-14205.jpg,1,,test-2444.jpg,2,+ - 80a.jpg,+,train-2994.jpg,2,,test-2842.jpg,2,+ - 65o.jpg,+,validation-31000.jpg,3,,test-2373.jpg,2,+ - 66b.jpg,+,train-4549.jpg,4,,test-2766.jpg,2,+ - 5.jpg,+,validation-5625.jpg,5,,test-2297.jpg,2,+ - 50b.jpg,+,validation-662.jpg,6,,test-2524.jpg,2,+ - 97.jpg,+,train-74959.jpg,7,,test-2686.jpg,2,+ - 33b.jpg,+,validation-8440.jpg,8,,test-2218.jpg,2,+ - 34b.jpg,+,validation-9377.jpg,9,
test-2137.jpg,2,+ - 17o.jpg,+,validation-075.jpg,0,,test-2606.jpg,2,+ - 17a.jpg,+,train-14206.jpg,1,,test-2445.jpg,2,+ - 80b.jpg,+,train-2995.jpg,2,,test-2843.jpg,2,+ - 66.jpg,+,validation-31001.jpg,3,,test-2374.jpg,2,+ - 66c.jpg,+,train-455.jpg,4,,test-2767.jpg,2,+ - 50.jpg,+,validation-5626.jpg,5,,test-2298.jpg,2,+ - 50c.jpg,+,validation-6620.jpg,6,,test-2525.jpg,2,+ - 97a.jpg,+,train-7496.jpg,7,,test-2687.jpg,2,+ - 33c.jpg,+,validation-8441.jpg,8,,test-2219.jpg,2,+ - 34c.jpg,+,validation-9378.jpg,9,
test-2138.jpg,2,+ - 18.jpg,+,validation-0750.jpg,0,,test-2607.jpg,2,+ - 17b.jpg,+,train-14207.jpg,1,,test-2446.jpg,2,+ - 80c.jpg,+,train-2996.jpg,2,,test-2844.jpg,2,+ - 66a.jpg,+,validation-31002.jpg,3,,test-2375.jpg,2,+ - 66o.jpg,+,train-4550.jpg,4,,test-2768.jpg,2,+ - 50a.jpg,+,validation-5627.jpg,5,,test-2299.jpg,2,+ - 50o.jpg,+,validation-6621.jpg,6,,test-2526.jpg,2,+ - 97b.jpg,+,train-74960.jpg,7,,test-2688.jpg,2,+ - 33o.jpg,+,validation-8442.jpg,8,,test-222.jpg,2,+ - 34o.jpg,+,validation-9379.jpg,9,
test-2139.jpg,2,+ - 18a.jpg,+,validation-0751.jpg,0,,test-2608.jpg,2,+ - 17c.jpg,+,train-14208.jpg,1,,test-2447.jpg,2,+ - 80o.jpg,+,train-2997.jpg,2,,test-2845.jpg,2,+ - 66b.jpg,+,validation-31003.jpg,3,,test-2376.jpg,2,+ - 67.jpg,+,train-4551.jpg,4,,test-2769.jpg,2,+ - 50b.jpg,+,validation-5628.jpg,5,,test-23.jpg,2,+ - 51.jpg,+,validation-6622.jpg,6,,test-2527.jpg,2,+ - 97c.jpg,+,train-74961.jpg,7,,test-2689.jpg,2,+ - 34.jpg,+,validation-8443.jpg,8,,test-2220.jpg,2,+ - 35.jpg,+,validation-938.jpg,9,
test-214.jpg,2,+ - 18b.jpg,+,validation-0752.jpg,0,,test-2609.jpg,2,+ - 17o.jpg,+,train-14209.jpg,1,,test-2448.jpg,2,+ - 81.jpg,+,train-2998.jpg,2,,test-2846.jpg,2,+ - 66c.jpg,+,validation-31004.jpg,3,,test-2377.jpg,2,+ - 67a.jpg,+,train-4552.jpg,4,,test-277.jpg,2,+ - 50c.jpg,+,validation-5629.jpg,5,,test-230.jpg,2,+ - 51a.jpg,+,validation-6623.jpg,6,,test-2528.jpg,2,+ - 97o.jpg,+,train-74962.jpg,7,,test-269.jpg,2,+ - 34a.jpg,+,validation-8444.jpg,8,,test-2221.jpg,2,+ - 35a.jpg,+,validation-9380.jpg,9,
test-2140.jpg,2,+ - 18c.jpg,+,validation-0753.jpg,0,,test-261.jpg,2,+ - 18.jpg,+,train-1421.jpg,1,,test-2449.jpg,2,+ - 81a.jpg,+,train-2999.jpg,2,,test-2147.jpg,2,+ - 1a.jpg,+,validation-31005.jpg,3,,test-2616.jpg,2,+ - 19b.jpg,+,train-4553.jpg,4,,test-2770.jpg,2,+ - 50o.jpg,+,validation-563.jpg,5,,test-2300.jpg,2,+ - 51b.jpg,+,validation-6624.jpg,6,,test-2529.jpg,2,+ - 98.jpg,+,train-74963.jpg,7,,test-2690.jpg,2,+ - 34b.jpg,+,validation-8445.jpg,8,,test-2222.jpg,2,+ - 35b.jpg,+,validation-9381.jpg,9,
test-2141.jpg,2,+ - 18o.jpg,+,validation-0754.jpg,0,,test-2610.jpg,2,+ - 18a.jpg,+,train-14210.jpg,1,,test-245.jpg,2,+ - 81b.jpg,+,validation-2.jpg,2,,test-2148.jpg,2,+ - 1b.jpg,+,validation-31006.jpg,3,,test-2617.jpg,2,+ - 19c.jpg,+,train-4554.jpg,4,,test-2771.jpg,2,+ - 51.jpg,+,validation-5630.jpg,5,,test-2301.jpg,2,+ - 51c.jpg,+,validation-6625.jpg,6,,test-253.jpg,2,+ - 98a.jpg,+,train-74964.jpg,7,,test-2691.jpg,2,+ - 34c.jpg,+,validation-8446.jpg,8,,test-2223.jpg,2,+ - 35c.jpg,+,validation-9382.jpg,9,
test-2142.jpg,2,+ - 19.jpg,+,validation-0755.jpg,0,,test-2611.jpg,2,+ - 18b.jpg,+,train-14211.jpg,1,,test-2450.jpg,2,+ - 81c.jpg,+,validation-20.jpg,2,,test-2149.jpg,2,+ - 1c.jpg,+,validation-31007.jpg,3,,test-2618.jpg,2,+ - 19o.jpg,+,train-4555.jpg,4,,test-2772.jpg,2,+ - 51a.jpg,+,validation-5631.jpg,5,,test-2302.jpg,2,+ - 51o.jpg,+,validation-6626.jpg,6,,test-2530.jpg,2,+ - 98b.jpg,+,train-74965.jpg,7,,test-2692.jpg,2,+ - 34o.jpg,+,validation-8447.jpg,8,,test-2224.jpg,2,+ - 35o.jpg,+,validation-9383.jpg,9,
test-2143.jpg,2,+ - 19a.jpg,+,validation-0756.jpg,0,,test-2612.jpg,2,+ - 18c.jpg,+,train-14212.jpg,1,,test-2451.jpg,2,+ - 81o.jpg,+,validation-21.jpg,2,,test-215.jpg,2,+ - 1o.jpg,+,validation-31008.jpg,3,,test-2455.jpg,2,+ - 82c.jpg,+,train-4556.jpg,4,,test-2773.jpg,2,+ - 51b.jpg,+,validation-5632.jpg,5,,test-2303.jpg,2,+ - 52.jpg,+,validation-6627.jpg,6,,test-2531.jpg,2,+ - 98c.jpg,+,train-74966.jpg,7,,test-2693.jpg,2,+ - 35.jpg,+,validation-8448.jpg,8,,test-2225.jpg,2,+ - 36.jpg,+,validation-9384.jpg,9,
test-2144.jpg,2,+ - 19b.jpg,+,validation-0757.jpg,0,,test-2613.jpg,2,+ - 18o.jpg,+,train-14213.jpg,1,,test-2452.jpg,2,+ - 82.jpg,+,validation-210.jpg,2,,test-2150.jpg,2,+ - 2.jpg,+,validation-31009.jpg,3,,test-2456.jpg,2,+ - 82o.jpg,+,train-4557.jpg,4,,test-2774.jpg,2,+ - 51c.jpg,+,validation-5633.jpg,5,,test-2304.jpg,2,+ - 52a.jpg,+,validation-6628.jpg,6,,test-2532.jpg,2,+ - 98o.jpg,+,train-74967.jpg,7,,test-2694.jpg,2,+ - 35a.jpg,+,validation-8449.jpg,8,,test-2226.jpg,2,+ - 36o.jpg,+,validation-9385.jpg,9,
test-2145.jpg,2,+ - 19c.jpg,+,validation-0758.jpg,0,,test-2614.jpg,2,+ - 19.jpg,+,train-14214.jpg,1,,test-2453.jpg,2,+ - 82a.jpg,+,validation-2100.jpg,2,,test-2536.jpg,2,+ - 99c.jpg,+,validation-3101.jpg,3,,test-2457.jpg,2,+ - 83.jpg,+,train-4558.jpg,4,,test-2775.jpg,2,+ - 51o.jpg,+,validation-5634.jpg,5,,test-2305.jpg,2,+ - 52b.jpg,+,validation-6629.jpg,6,,test-2533.jpg,2,+ - 99.jpg,+,train-74968.jpg,7,,test-2695.jpg,2,+ - 35b.jpg,+,validation-845.jpg,8,,test-2227.jpg,2,+ - 37.jpg,+,validation-9386.jpg,9,
test-2146.jpg,2,+ - 19o.jpg,+,validation-0759.jpg,0,,test-2615.jpg,2,+ - 19a.jpg,+,train-14215.jpg,1,,test-2454.jpg,2,+ - 82b.jpg,+,validation-2101.jpg,2,,test-2537.jpg,2,+ - 99o.jpg,+,validation-31010.jpg,3,,test-2538.jpg,2,+ - 9a.jpg,+,train-4559.jpg,4,,test-2535.jpg,2,+ - 99b.jpg,+,validation-5635.jpg,5,,test-2699.jpg,2,+ - 36o.jpg,+,validation-663.jpg,6,,test-2534.jpg,2,+ - 99a.jpg,+,train-74969.jpg,7,,test-2696.jpg,2,+ - 35c.jpg,+,validation-8450.jpg,8,,test-2228.jpg,2,+ - 37a.jpg,+,validation-9387.jpg,9,