test-3867.jpg,3,- - 1.jpg,-,validation-0459.jpg,0,,test-3944.jpg,3,- - 35h.jpg,-,train-13936.jpg,1,,train-31019.jpg,3,- - 61.jpg,-,validation-245.jpg,2,,train-31317.jpg,3,- - 70h.jpg,-,train-34788.jpg,3,,train-31190.jpg,3,- - 28h.jpg,-,train-4408.jpg,4,,train-31489.jpg,3,- - 37v.jpg,-,train-5418.jpg,5,,train-31097.jpg,3,- - 87v.jpg,-,train-64018.jpg,6,,train-31395.jpg,3,- - 97.jpg,-,train-74039.jpg,7,,train-31268.jpg,3,- - 54.jpg,-,train-84069.jpg,8,,train-31566.jpg,3,- - 63h.jpg,-,train-94046.jpg,9,
test-3868.jpg,3,- - 10.jpg,-,validation-046.jpg,0,,test-3945.jpg,3,- - 35v.jpg,-,train-13937.jpg,1,,train-3102.jpg,3,- - 61h.jpg,-,validation-2450.jpg,2,,train-31318.jpg,3,- - 70v.jpg,-,train-34789.jpg,3,,train-31191.jpg,3,- - 28v.jpg,-,train-44080.jpg,4,,train-3149.jpg,3,- - 38.jpg,-,train-54180.jpg,5,,train-31098.jpg,3,- - 88.jpg,-,train-64019.jpg,6,,train-31396.jpg,3,- - 97h.jpg,-,train-7404.jpg,7,,train-31269.jpg,3,- - 54h.jpg,-,train-8407.jpg,8,,train-31567.jpg,3,- - 63v.jpg,-,train-94047.jpg,9,
test-3869.jpg,3,- - 100.jpg,-,validation-0460.jpg,0,,test-3946.jpg,3,- - 36.jpg,-,train-13938.jpg,1,,train-31020.jpg,3,- - 61v.jpg,-,validation-2451.jpg,2,,train-31319.jpg,3,- - 71.jpg,-,train-3479.jpg,3,,train-31192.jpg,3,- - 29.jpg,-,train-44081.jpg,4,,train-31490.jpg,3,- - 38h.jpg,-,train-54181.jpg,5,,train-31099.jpg,3,- - 88h.jpg,-,train-6402.jpg,6,,train-31397.jpg,3,- - 97v.jpg,-,train-74040.jpg,7,,train-3127.jpg,3,- - 54v.jpg,-,train-84070.jpg,8,,train-31568.jpg,3,- - 64.jpg,-,train-94048.jpg,9,
test-387.jpg,3,- - 100h.jpg,-,validation-0461.jpg,0,,test-3947.jpg,3,- - 36h.jpg,-,train-13939.jpg,1,,train-31021.jpg,3,- - 62.jpg,-,validation-2452.jpg,2,,train-3132.jpg,3,- - 71h.jpg,-,train-34790.jpg,3,,train-31193.jpg,3,- - 29h.jpg,-,train-44082.jpg,4,,train-31491.jpg,3,- - 38v.jpg,-,train-54182.jpg,5,,train-311.jpg,3,- - 88v.jpg,-,train-64020.jpg,6,,train-31398.jpg,3,- - 98.jpg,-,train-74041.jpg,7,,train-31270.jpg,3,- - 55.jpg,-,train-84071.jpg,8,,train-31569.jpg,3,- - 64h.jpg,-,train-94049.jpg,9,
test-3870.jpg,3,- - 100v.jpg,-,validation-0462.jpg,0,,test-3948.jpg,3,- - 36v.jpg,-,train-1394.jpg,1,,train-31022.jpg,3,- - 62h.jpg,-,validation-2453.jpg,2,,train-31320.jpg,3,- - 71v.jpg,-,train-34791.jpg,3,,train-31194.jpg,3,- - 29v.jpg,-,train-44083.jpg,4,,train-31492.jpg,3,- - 39.jpg,-,train-54183.jpg,5,,train-3110.jpg,3,- - 89.jpg,-,train-64021.jpg,6,,train-31399.jpg,3,- - 98h.jpg,-,train-74042.jpg,7,,train-31271.jpg,3,- - 55h.jpg,-,train-84072.jpg,8,,train-3157.jpg,3,- - 64v.jpg,-,train-9405.jpg,9,
test-3871.jpg,3,- - 10h.jpg,-,validation-0463.jpg,0,,test-3949.jpg,3,- - 37.jpg,-,train-13940.jpg,1,,train-31023.jpg,3,- - 62v.jpg,-,validation-2454.jpg,2,,train-31321.jpg,3,- - 72.jpg,-,train-34792.jpg,3,,train-31195.jpg,3,- - 2h.jpg,-,train-44084.jpg,4,,train-31493.jpg,3,- - 39h.jpg,-,train-54184.jpg,5,,train-31100.jpg,3,- - 89h.jpg,-,train-64022.jpg,6,,train-314.jpg,3,- - 98v.jpg,-,train-74043.jpg,7,,train-31272.jpg,3,- - 55v.jpg,-,train-84073.jpg,8,,train-31570.jpg,3,- - 65.jpg,-,train-94050.jpg,9,
test-3872.jpg,3,- - 10v.jpg,-,validation-0464.jpg,0,,test-395.jpg,3,- - 37h.jpg,-,train-13941.jpg,1,,train-31024.jpg,3,- - 63.jpg,-,validation-2455.jpg,2,,train-31322.jpg,3,- - 72h.jpg,-,train-34793.jpg,3,,train-31196.jpg,3,- - 2v.jpg,-,train-44085.jpg,4,,train-31494.jpg,3,- - 39v.jpg,-,train-54185.jpg,5,,train-31101.jpg,3,- - 89v.jpg,-,train-64023.jpg,6,,train-3140.jpg,3,- - 99.jpg,-,train-74044.jpg,7,,train-31273.jpg,3,- - 56.jpg,-,train-84074.jpg,8,,train-31571.jpg,3,- - 65h.jpg,-,train-94051.jpg,9,
test-3873.jpg,3,- - 11.jpg,-,validation-0465.jpg,0,,test-3950.jpg,3,- - 37v.jpg,-,train-13942.jpg,1,,train-31025.jpg,3,- - 63h.jpg,-,validation-2456.jpg,2,,train-31323.jpg,3,- - 72v.jpg,-,train-34794.jpg,3,,train-31197.jpg,3,- - 3.jpg,-,train-44086.jpg,4,,train-31495.jpg,3,- - 3h.jpg,-,train-54186.jpg,5,,train-31102.jpg,3,- - 8h.jpg,-,train-64024.jpg,6,,train-31400.jpg,3,- - 99h.jpg,-,train-74045.jpg,7,,train-31274.jpg,3,- - 56h.jpg,-,train-84075.jpg,8,,train-31572.jpg,3,- - 65v.jpg,-,train-94052.jpg,9,
test-3874.jpg,3,- - 11h.jpg,-,validation-0466.jpg,0,,test-3951.jpg,3,- - 38.jpg,-,train-13943.jpg,1,,train-31026.jpg,3,- - 63v.jpg,-,validation-2457.jpg,2,,train-31324.jpg,3,- - 73.jpg,-,train-34795.jpg,3,,train-31198.jpg,3,- - 30.jpg,-,train-44087.jpg,4,,train-31496.jpg,3,- - 3v.jpg,-,train-54187.jpg,5,,train-31103.jpg,3,- - 8v.jpg,-,train-64025.jpg,6,,train-31401.jpg,3,- - 99v.jpg,-,train-74046.jpg,7,,train-31275.jpg,3,- - 56v.jpg,-,train-84076.jpg,8,,train-31573.jpg,3,- - 66.jpg,-,train-94053.jpg,9,
test-3875.jpg,3,- - 11v.jpg,-,validation-0467.jpg,0,,test-3952.jpg,3,- - 38h.jpg,-,train-13944.jpg,1,,train-31027.jpg,3,- - 64.jpg,-,validation-2458.jpg,2,,train-31325.jpg,3,- - 73h.jpg,-,train-34796.jpg,3,,train-31199.jpg,3,- - 30h.jpg,-,train-44088.jpg,4,,train-31497.jpg,3,- - 4.jpg,-,train-54188.jpg,5,,train-31104.jpg,3,- - 9.jpg,-,train-64026.jpg,6,,train-31402.jpg,3,- - 9h.jpg,-,train-74047.jpg,7,,train-31276.jpg,3,- - 57.jpg,-,train-84077.jpg,8,,train-31574.jpg,3,- - 66h.jpg,-,train-94054.jpg,9,
test-3876.jpg,3,- - 12.jpg,-,validation-0468.jpg,0,,test-3953.jpg,3,- - 38v.jpg,-,train-13945.jpg,1,,train-31028.jpg,3,- - 64h.jpg,-,validation-2459.jpg,2,,train-31326.jpg,3,- - 73v.jpg,-,train-34797.jpg,3,,train-312.jpg,3,- - 30v.jpg,-,train-44089.jpg,4,,train-31498.jpg,3,- - 40.jpg,-,train-54189.jpg,5,,train-31105.jpg,3,- - 90.jpg,-,train-64027.jpg,6,,train-31403.jpg,3,- - 9v.jpg,-,train-74048.jpg,7,,train-31277.jpg,3,- - 57h.jpg,-,train-84078.jpg,8,,train-31575.jpg,3,- - 66v.jpg,-,train-94055.jpg,9,
test-3877.jpg,3,- - 12h.jpg,-,validation-0469.jpg,0,,test-3954.jpg,3,- - 39.jpg,-,train-13946.jpg,1,,train-31029.jpg,3,- - 64v.jpg,-,validation-246.jpg,2,,train-31327.jpg,3,- - 74.jpg,-,train-34798.jpg,3,,train-3120.jpg,3,- - 31.jpg,-,train-4409.jpg,4,,train-31499.jpg,3,- - 40h.jpg,-,train-5419.jpg,5,,train-31106.jpg,3,- - 90h.jpg,-,train-64028.jpg,6,,train-31404.jpg,3,- - 1.jpg,-,train-74049.jpg,7,,train-31278.jpg,3,- - 57v.jpg,-,train-84079.jpg,8,,train-31576.jpg,3,- - 67.jpg,-,train-94056.jpg,9,
test-3878.jpg,3,- - 12v.jpg,-,validation-047.jpg,0,,test-3955.jpg,3,- - 39h.jpg,-,train-13947.jpg,1,,train-3103.jpg,3,- - 65.jpg,-,validation-2460.jpg,2,,train-31328.jpg,3,- - 74h.jpg,-,train-34799.jpg,3,,train-31200.jpg,3,- - 31h.jpg,-,train-44090.jpg,4,,train-315.jpg,3,- - 40v.jpg,-,train-54190.jpg,5,,train-31107.jpg,3,- - 90v.jpg,-,train-64029.jpg,6,,train-31405.jpg,3,- - 10.jpg,-,train-7405.jpg,7,,train-31279.jpg,3,- - 58.jpg,-,train-8408.jpg,8,,train-31577.jpg,3,- - 67h.jpg,-,train-94057.jpg,9,
test-3879.jpg,3,- - 13.jpg,-,validation-0470.jpg,0,,test-3956.jpg,3,- - 39v.jpg,-,train-13948.jpg,1,,train-31030.jpg,3,- - 65h.jpg,-,validation-2461.jpg,2,,train-31329.jpg,3,- - 74v.jpg,-,train-348.jpg,3,,train-31201.jpg,3,- - 31v.jpg,-,train-44091.jpg,4,,train-3150.jpg,3,- - 41.jpg,-,train-54191.jpg,5,,train-31108.jpg,3,- - 91.jpg,-,train-6403.jpg,6,,train-31406.jpg,3,- - 100.jpg,-,train-74050.jpg,7,,train-3128.jpg,3,- - 58h.jpg,-,train-84080.jpg,8,,train-31578.jpg,3,- - 67v.jpg,-,train-94058.jpg,9,
test-388.jpg,3,- - 13h.jpg,-,validation-0471.jpg,0,,test-3957.jpg,3,- - 3h.jpg,-,train-13949.jpg,1,,train-31031.jpg,3,- - 65v.jpg,-,validation-2462.jpg,2,,train-3133.jpg,3,- - 75.jpg,-,train-3480.jpg,3,,train-31202.jpg,3,- - 32.jpg,-,train-44092.jpg,4,,train-31500.jpg,3,- - 41h.jpg,-,train-54192.jpg,5,,train-31109.jpg,3,- - 91h.jpg,-,train-64030.jpg,6,,train-31407.jpg,3,- - 100h.jpg,-,train-74051.jpg,7,,train-31280.jpg,3,- - 58v.jpg,-,train-84081.jpg,8,,train-31579.jpg,3,- - 68.jpg,-,train-94059.jpg,9,
test-3880.jpg,3,- - 13v.jpg,-,validation-0472.jpg,0,,test-3958.jpg,3,- - 3v.jpg,-,train-1395.jpg,1,,train-31032.jpg,3,- - 66.jpg,-,validation-2463.jpg,2,,train-31330.jpg,3,- - 75h.jpg,-,train-34800.jpg,3,,train-31203.jpg,3,- - 32h.jpg,-,train-44093.jpg,4,,train-31501.jpg,3,- - 41v.jpg,-,train-54193.jpg,5,,train-3111.jpg,3,- - 91v.jpg,-,train-64031.jpg,6,,train-31408.jpg,3,- - 100v.jpg,-,train-74052.jpg,7,,train-31281.jpg,3,- - 59.jpg,-,train-84082.jpg,8,,train-3158.jpg,3,- - 68h.jpg,-,train-9406.jpg,9,
test-3881.jpg,3,- - 14.jpg,-,validation-0473.jpg,0,,test-3959.jpg,3,- - 4.jpg,-,train-13950.jpg,1,,train-31033.jpg,3,- - 66h.jpg,-,validation-2464.jpg,2,,train-31331.jpg,3,- - 75v.jpg,-,train-34801.jpg,3,,train-31204.jpg,3,- - 32v.jpg,-,train-44094.jpg,4,,train-31502.jpg,3,- - 42.jpg,-,train-54194.jpg,5,,train-31110.jpg,3,- - 92.jpg,-,train-64032.jpg,6,,train-31409.jpg,3,- - 10h.jpg,-,train-74053.jpg,7,,train-31282.jpg,3,- - 59h.jpg,-,train-84083.jpg,8,,train-31580.jpg,3,- - 68v.jpg,-,train-94060.jpg,9,
test-3882.jpg,3,- - 14h.jpg,-,validation-0474.jpg,0,,test-396.jpg,3,- - 40.jpg,-,train-13951.jpg,1,,train-31034.jpg,3,- - 66v.jpg,-,validation-2465.jpg,2,,train-31332.jpg,3,- - 76.jpg,-,train-34802.jpg,3,,train-31205.jpg,3,- - 33.jpg,-,train-44095.jpg,4,,train-31503.jpg,3,- - 42h.jpg,-,train-54195.jpg,5,,train-31111.jpg,3,- - 92h.jpg,-,train-64033.jpg,6,,train-3141.jpg,3,- - 10v.jpg,-,train-74054.jpg,7,,train-31283.jpg,3,- - 59v.jpg,-,train-84084.jpg,8,,train-31581.jpg,3,- - 69.jpg,-,train-94061.jpg,9,
test-3883.jpg,3,- - 14v.jpg,-,validation-0475.jpg,0,,test-3960.jpg,3,- - 40h.jpg,-,train-13952.jpg,1,,train-31035.jpg,3,- - 67.jpg,-,validation-2466.jpg,2,,train-31333.jpg,3,- - 76h.jpg,-,train-34803.jpg,3,,train-31206.jpg,3,- - 33h.jpg,-,train-44096.jpg,4,,train-31504.jpg,3,- - 42v.jpg,-,train-54196.jpg,5,,train-31112.jpg,3,- - 92v.jpg,-,train-64034.jpg,6,,train-31410.jpg,3,- - 11.jpg,-,train-74055.jpg,7,,train-31284.jpg,3,- - 5h.jpg,-,train-84085.jpg,8,,train-31582.jpg,3,- - 69h.jpg,-,train-94062.jpg,9,
test-3884.jpg,3,- - 15.jpg,-,validation-0476.jpg,0,,test-3961.jpg,3,- - 40v.jpg,-,train-13953.jpg,1,,train-31036.jpg,3,- - 67h.jpg,-,validation-2467.jpg,2,,train-31334.jpg,3,- - 76v.jpg,-,train-34804.jpg,3,,train-31207.jpg,3,- - 33v.jpg,-,train-44097.jpg,4,,train-31505.jpg,3,- - 43.jpg,-,train-54197.jpg,5,,train-31113.jpg,3,- - 93.jpg,-,train-64035.jpg,6,,train-31411.jpg,3,- - 11h.jpg,-,train-74056.jpg,7,,train-31285.jpg,3,- - 5v.jpg,-,train-84086.jpg,8,,train-31583.jpg,3,- - 69v.jpg,-,train-94063.jpg,9,
test-3885.jpg,3,- - 15h.jpg,-,validation-0477.jpg,0,,test-3962.jpg,3,- - 41.jpg,-,train-13954.jpg,1,,train-31037.jpg,3,- - 67v.jpg,-,validation-2468.jpg,2,,train-31335.jpg,3,- - 77.jpg,-,train-34805.jpg,3,,train-31208.jpg,3,- - 34.jpg,-,train-44098.jpg,4,,train-31506.jpg,3,- - 43h.jpg,-,train-54198.jpg,5,,train-31114.jpg,3,- - 93h.jpg,-,train-64036.jpg,6,,train-31412.jpg,3,- - 11v.jpg,-,train-74057.jpg,7,,train-31286.jpg,3,- - 6.jpg,-,train-84087.jpg,8,,train-31584.jpg,3,- - 6h.jpg,-,train-94064.jpg,9,
test-3886.jpg,3,- - 15v.jpg,-,validation-0478.jpg,0,,test-3963.jpg,3,- - 41h.jpg,-,train-13955.jpg,1,,train-31038.jpg,3,- - 68.jpg,-,validation-2469.jpg,2,,train-31336.jpg,3,- - 77h.jpg,-,train-34806.jpg,3,,train-31209.jpg,3,- - 34h.jpg,-,train-44099.jpg,4,,train-31507.jpg,3,- - 43v.jpg,-,train-54199.jpg,5,,train-31115.jpg,3,- - 93v.jpg,-,train-64037.jpg,6,,train-31413.jpg,3,- - 12.jpg,-,train-74058.jpg,7,,train-31287.jpg,3,- - 60.jpg,-,train-84088.jpg,8,,train-31585.jpg,3,- - 6v.jpg,-,train-94065.jpg,9,
test-3887.jpg,3,- - 16.jpg,-,validation-0479.jpg,0,,test-3964.jpg,3,- - 41v.jpg,-,train-13956.jpg,1,,train-31039.jpg,3,- - 68h.jpg,-,validation-247.jpg,2,,train-31337.jpg,3,- - 77v.jpg,-,train-34807.jpg,3,,train-3121.jpg,3,- - 34v.jpg,-,train-441.jpg,4,,train-31508.jpg,3,- - 44.jpg,-,train-542.jpg,5,,train-31116.jpg,3,- - 94.jpg,-,train-64038.jpg,6,,train-31414.jpg,3,- - 12h.jpg,-,train-74059.jpg,7,,train-31288.jpg,3,- - 60h.jpg,-,train-84089.jpg,8,,train-31586.jpg,3,- - 7.jpg,-,train-94066.jpg,9,
test-3888.jpg,3,- - 16h.jpg,-,validation-048.jpg,0,,test-3965.jpg,3,- - 42.jpg,-,train-13957.jpg,1,,train-3104.jpg,3,- - 68v.jpg,-,validation-2470.jpg,2,,train-31338.jpg,3,- - 78.jpg,-,train-34808.jpg,3,,train-31210.jpg,3,- - 35.jpg,-,train-4410.jpg,4,,train-31509.jpg,3,- - 44h.jpg,-,train-5420.jpg,5,,train-31117.jpg,3,- - 94h.jpg,-,train-64039.jpg,6,,train-31415.jpg,3,- - 12v.jpg,-,train-7406.jpg,7,,train-31289.jpg,3,- - 60v.jpg,-,train-8409.jpg,8,,train-31587.jpg,3,- - 70.jpg,-,train-94067.jpg,9,
test-3889.jpg,3,- - 16v.jpg,-,validation-0480.jpg,0,,test-3966.jpg,3,- - 42h.jpg,-,train-13958.jpg,1,,train-31040.jpg,3,- - 69.jpg,-,validation-2471.jpg,2,,train-31339.jpg,3,- - 78h.jpg,-,train-34809.jpg,3,,train-31211.jpg,3,- - 35h.jpg,-,train-44100.jpg,4,,train-3151.jpg,3,- - 44v.jpg,-,train-54200.jpg,5,,train-31118.jpg,3,- - 94v.jpg,-,train-6404.jpg,6,,train-31416.jpg,3,- - 13.jpg,-,train-74060.jpg,7,,train-3129.jpg,3,- - 61.jpg,-,train-84090.jpg,8,,train-31588.jpg,3,- - 70h.jpg,-,train-94068.jpg,9,
test-389.jpg,3,- - 17.jpg,-,validation-0481.jpg,0,,test-3967.jpg,3,- - 42v.jpg,-,train-13959.jpg,1,,train-31041.jpg,3,- - 69h.jpg,-,validation-2472.jpg,2,,train-3134.jpg,3,- - 78v.jpg,-,train-3481.jpg,3,,train-31212.jpg,3,- - 35v.jpg,-,train-44101.jpg,4,,train-31510.jpg,3,- - 45.jpg,-,train-54201.jpg,5,,train-31119.jpg,3,- - 95.jpg,-,train-64040.jpg,6,,train-31417.jpg,3,- - 13h.jpg,-,train-74061.jpg,7,,train-31290.jpg,3,- - 61h.jpg,-,train-84091.jpg,8,,train-31589.jpg,3,- - 70v.jpg,-,train-94069.jpg,9,
test-3890.jpg,3,- - 17h.jpg,-,validation-0482.jpg,0,,test-3968.jpg,3,- - 43.jpg,-,train-1396.jpg,1,,train-31042.jpg,3,- - 69v.jpg,-,validation-2473.jpg,2,,train-31340.jpg,3,- - 79.jpg,-,train-34810.jpg,3,,train-31213.jpg,3,- - 36.jpg,-,train-44102.jpg,4,,train-31511.jpg,3,- - 45h.jpg,-,train-54202.jpg,5,,train-3112.jpg,3,- - 95h.jpg,-,train-64041.jpg,6,,train-31418.jpg,3,- - 13v.jpg,-,train-74062.jpg,7,,train-31291.jpg,3,- - 61v.jpg,-,train-84092.jpg,8,,train-3159.jpg,3,- - 71.jpg,-,train-9407.jpg,9,
test-3891.jpg,3,- - 17v.jpg,-,validation-0483.jpg,0,,test-3969.jpg,3,- - 43h.jpg,-,train-13960.jpg,1,,train-31043.jpg,3,- - 6h.jpg,-,validation-2474.jpg,2,,train-31341.jpg,3,- - 79h.jpg,-,train-34811.jpg,3,,train-31214.jpg,3,- - 36h.jpg,-,train-44103.jpg,4,,train-31512.jpg,3,- - 45v.jpg,-,train-54203.jpg,5,,train-31120.jpg,3,- - 95v.jpg,-,train-64042.jpg,6,,train-31419.jpg,3,- - 14.jpg,-,train-74063.jpg,7,,train-31292.jpg,3,- - 62.jpg,-,train-84093.jpg,8,,train-31590.jpg,3,- - 71h.jpg,-,train-94070.jpg,9,
test-3892.jpg,3,- - 18.jpg,-,validation-0484.jpg,0,,test-397.jpg,3,- - 43v.jpg,-,train-13961.jpg,1,,train-31044.jpg,3,- - 6v.jpg,-,validation-2475.jpg,2,,train-31342.jpg,3,- - 79v.jpg,-,train-34812.jpg,3,,train-31215.jpg,3,- - 36v.jpg,-,train-44104.jpg,4,,train-31513.jpg,3,- - 46.jpg,-,train-54204.jpg,5,,train-31121.jpg,3,- - 96.jpg,-,train-64043.jpg,6,,train-3142.jpg,3,- - 14h.jpg,-,train-74064.jpg,7,,train-31293.jpg,3,- - 62h.jpg,-,train-84094.jpg,8,,train-31591.jpg,3,- - 71v.jpg,-,train-94071.jpg,9,
test-3893.jpg,3,- - 18h.jpg,-,validation-0485.jpg,0,,test-3970.jpg,3,- - 44.jpg,-,train-13962.jpg,1,,train-31045.jpg,3,- - 7.jpg,-,validation-2476.jpg,2,,train-31343.jpg,3,- - 7h.jpg,-,train-34813.jpg,3,,train-31216.jpg,3,- - 37.jpg,-,train-44105.jpg,4,,train-31514.jpg,3,- - 46h.jpg,-,train-54205.jpg,5,,train-31122.jpg,3,- - 96h.jpg,-,train-64044.jpg,6,,train-31420.jpg,3,- - 14v.jpg,-,train-74065.jpg,7,,train-31294.jpg,3,- - 62v.jpg,-,train-84095.jpg,8,,train-31592.jpg,3,- - 72.jpg,-,train-94072.jpg,9,
test-3894.jpg,3,- - 18v.jpg,-,validation-0486.jpg,0,,test-3971.jpg,3,- - 44h.jpg,-,train-13963.jpg,1,,train-31046.jpg,3,- - 70.jpg,-,validation-2477.jpg,2,,train-31344.jpg,3,- - 7v.jpg,-,train-34814.jpg,3,,train-31217.jpg,3,- - 37h.jpg,-,train-44106.jpg,4,,train-31515.jpg,3,- - 46v.jpg,-,train-54206.jpg,5,,train-31123.jpg,3,- - 96v.jpg,-,train-64045.jpg,6,,train-31421.jpg,3,- - 15.jpg,-,train-74066.jpg,7,,train-31295.jpg,3,- - 63.jpg,-,train-84096.jpg,8,,train-31593.jpg,3,- - 72h.jpg,-,train-94073.jpg,9,
test-3895.jpg,3,- - 19.jpg,-,validation-0487.jpg,0,,test-3972.jpg,3,- - 44v.jpg,-,train-13964.jpg,1,,train-31047.jpg,3,- - 70h.jpg,-,validation-2478.jpg,2,,train-31345.jpg,3,- - 8.jpg,-,train-34815.jpg,3,,train-31218.jpg,3,- - 37v.jpg,-,train-44107.jpg,4,,train-31516.jpg,3,- - 47.jpg,-,train-54207.jpg,5,,train-31124.jpg,3,- - 97.jpg,-,train-64046.jpg,6,,train-31422.jpg,3,- - 15h.jpg,-,train-74067.jpg,7,,train-31296.jpg,3,- - 63h.jpg,-,train-84097.jpg,8,,train-31594.jpg,3,- - 72v.jpg,-,train-94074.jpg,9,
test-3896.jpg,3,- - 19h.jpg,-,validation-0488.jpg,0,,test-3973.jpg,3,- - 45.jpg,-,train-13965.jpg,1,,train-31048.jpg,3,- - 70v.jpg,-,validation-2479.jpg,2,,train-31346.jpg,3,- - 80.jpg,-,train-34816.jpg,3,,train-31219.jpg,3,- - 38.jpg,-,train-44108.jpg,4,,train-31517.jpg,3,- - 47h.jpg,-,train-54208.jpg,5,,train-31125.jpg,3,- - 97h.jpg,-,train-64047.jpg,6,,train-31423.jpg,3,- - 15v.jpg,-,train-74068.jpg,7,,train-31297.jpg,3,- - 63v.jpg,-,train-84098.jpg,8,,train-31595.jpg,3,- - 73.jpg,-,train-94075.jpg,9,
test-3897.jpg,3,- - 19v.jpg,-,validation-0489.jpg,0,,test-3974.jpg,3,- - 45h.jpg,-,train-13966.jpg,1,,train-31049.jpg,3,- - 71.jpg,-,validation-248.jpg,2,,train-31347.jpg,3,- - 80h.jpg,-,train-34817.jpg,3,,train-3122.jpg,3,- - 38h.jpg,-,train-44109.jpg,4,,train-31518.jpg,3,- - 47v.jpg,-,train-54209.jpg,5,,train-31126.jpg,3,- - 97v.jpg,-,train-64048.jpg,6,,train-31424.jpg,3,- - 16.jpg,-,train-74069.jpg,7,,train-31298.jpg,3,- - 64.jpg,-,train-84099.jpg,8,,train-31596.jpg,3,- - 73h.jpg,-,train-94076.jpg,9,
test-3898.jpg,3,- - 1h.jpg,-,validation-049.jpg,0,,test-3975.jpg,3,- - 45v.jpg,-,train-13967.jpg,1,,train-3105.jpg,3,- - 71h.jpg,-,validation-2480.jpg,2,,train-31348.jpg,3,- - 80v.jpg,-,train-34818.jpg,3,,train-31220.jpg,3,- - 38v.jpg,-,train-4411.jpg,4,,train-31519.jpg,3,- - 48.jpg,-,train-5421.jpg,5,,train-31127.jpg,3,- - 98.jpg,-,train-64049.jpg,6,,train-31425.jpg,3,- - 16h.jpg,-,train-7407.jpg,7,,train-31299.jpg,3,- - 64h.jpg,-,train-841.jpg,8,,train-31597.jpg,3,- - 73v.jpg,-,train-94077.jpg,9,
test-3899.jpg,3,- - 1v.jpg,-,validation-0490.jpg,0,,test-3976.jpg,3,- - 46.jpg,-,train-13968.jpg,1,,train-31050.jpg,3,- - 71v.jpg,-,validation-2481.jpg,2,,train-31349.jpg,3,- - 81.jpg,-,train-34819.jpg,3,,train-31221.jpg,3,- - 39.jpg,-,train-44110.jpg,4,,train-3152.jpg,3,- - 48h.jpg,-,train-54210.jpg,5,,train-31128.jpg,3,- - 98h.jpg,-,train-6405.jpg,6,,train-31426.jpg,3,- - 16v.jpg,-,train-74070.jpg,7,,train-313.jpg,3,- - 64v.jpg,-,train-8410.jpg,8,,train-31598.jpg,3,- - 74.jpg,-,train-94078.jpg,9,
test-39.jpg,3,- - 2.jpg,-,validation-0491.jpg,0,,test-3977.jpg,3,- - 46h.jpg,-,train-13969.jpg,1,,train-31051.jpg,3,- - 72.jpg,-,validation-2482.jpg,2,,train-3135.jpg,3,- - 81h.jpg,-,train-3482.jpg,3,,train-31222.jpg,3,- - 39h.jpg,-,train-44111.jpg,4,,train-31520.jpg,3,- - 48v.jpg,-,train-54211.jpg,5,,train-31129.jpg,3,- - 98v.jpg,-,train-64050.jpg,6,,train-31427.jpg,3,- - 17.jpg,-,train-74071.jpg,7,,train-3130.jpg,3,- - 65.jpg,-,train-84100.jpg,8,,train-31599.jpg,3,- - 74h.jpg,-,train-94079.jpg,9,
test-390.jpg,3,- - 20.jpg,-,validation-0492.jpg,0,,test-3978.jpg,3,- - 46v.jpg,-,train-1397.jpg,1,,train-31052.jpg,3,- - 72h.jpg,-,validation-2483.jpg,2,,train-31350.jpg,3,- - 81v.jpg,-,train-34820.jpg,3,,train-31223.jpg,3,- - 39v.jpg,-,train-44112.jpg,4,,train-31521.jpg,3,- - 49.jpg,-,train-54212.jpg,5,,train-3113.jpg,3,- - 99.jpg,-,train-64051.jpg,6,,train-31428.jpg,3,- - 17h.jpg,-,train-74072.jpg,7,,train-31300.jpg,3,- - 65h.jpg,-,train-84101.jpg,8,,train-316.jpg,3,- - 74v.jpg,-,train-9408.jpg,9,
test-3900.jpg,3,- - 20h.jpg,-,validation-0493.jpg,0,,test-3979.jpg,3,- - 47.jpg,-,train-13970.jpg,1,,train-31053.jpg,3,- - 72v.jpg,-,validation-2484.jpg,2,,train-31351.jpg,3,- - 82.jpg,-,train-34821.jpg,3,,train-31224.jpg,3,- - 3h.jpg,-,train-44113.jpg,4,,train-31522.jpg,3,- - 49h.jpg,-,train-54213.jpg,5,,train-31130.jpg,3,- - 99h.jpg,-,train-64052.jpg,6,,train-31429.jpg,3,- - 17v.jpg,-,train-74073.jpg,7,,train-31301.jpg,3,- - 65v.jpg,-,train-84102.jpg,8,,train-3160.jpg,3,- - 75.jpg,-,train-94080.jpg,9,
test-3901.jpg,3,- - 20v.jpg,-,validation-0494.jpg,0,,test-398.jpg,3,- - 47h.jpg,-,train-13971.jpg,1,,train-31054.jpg,3,- - 73.jpg,-,validation-2485.jpg,2,,train-31352.jpg,3,- - 82h.jpg,-,train-34822.jpg,3,,train-31225.jpg,3,- - 3v.jpg,-,train-44114.jpg,4,,train-31523.jpg,3,- - 49v.jpg,-,train-54214.jpg,5,,train-31131.jpg,3,- - 99v.jpg,-,train-64053.jpg,6,,train-3143.jpg,3,- - 18.jpg,-,train-74074.jpg,7,,train-31302.jpg,3,- - 66.jpg,-,train-84103.jpg,8,,train-31600.jpg,3,- - 75h.jpg,-,train-94081.jpg,9,
test-3902.jpg,3,- - 21.jpg,-,validation-0495.jpg,0,,test-3980.jpg,3,- - 47v.jpg,-,train-13972.jpg,1,,train-31055.jpg,3,- - 73h.jpg,-,validation-2486.jpg,2,,train-31353.jpg,3,- - 82v.jpg,-,train-34823.jpg,3,,train-31226.jpg,3,- - 4.jpg,-,train-44115.jpg,4,,train-31524.jpg,3,- - 4h.jpg,-,train-54215.jpg,5,,train-31132.jpg,3,- - 9h.jpg,-,train-64054.jpg,6,,train-31430.jpg,3,- - 18h.jpg,-,train-74075.jpg,7,,train-31303.jpg,3,- - 66h.jpg,-,train-84104.jpg,8,,train-31601.jpg,3,- - 75v.jpg,-,train-94082.jpg,9,
test-3903.jpg,3,- - 21h.jpg,-,validation-0496.jpg,0,,test-3981.jpg,3,- - 48.jpg,-,train-13973.jpg,1,,train-31056.jpg,3,- - 73v.jpg,-,validation-2487.jpg,2,,train-31354.jpg,3,- - 83.jpg,-,train-34824.jpg,3,,train-31227.jpg,3,- - 40.jpg,-,train-44116.jpg,4,,train-31525.jpg,3,- - 4v.jpg,-,train-54216.jpg,5,,train-31133.jpg,3,- - 9v.jpg,-,train-64055.jpg,6,,train-31431.jpg,3,- - 18v.jpg,-,train-74076.jpg,7,,train-31304.jpg,3,- - 66v.jpg,-,train-84105.jpg,8,,train-31602.jpg,3,- - 76.jpg,-,train-94083.jpg,9,
test-3904.jpg,3,- - 21v.jpg,-,validation-0497.jpg,0,,test-3982.jpg,3,- - 48h.jpg,-,train-13974.jpg,1,,train-31057.jpg,3,- - 74.jpg,-,validation-2488.jpg,2,,train-31355.jpg,3,- - 83h.jpg,-,train-34825.jpg,3,,train-31228.jpg,3,- - 40h.jpg,-,train-44117.jpg,4,,train-31526.jpg,3,- - 5.jpg,-,train-54217.jpg,5,,train-31134.jpg,3,- - 1.jpg,-,train-64056.jpg,6,,train-31432.jpg,3,- - 19.jpg,-,train-74077.jpg,7,,train-31305.jpg,3,- - 67.jpg,-,train-84106.jpg,8,,train-31603.jpg,3,- - 76h.jpg,-,train-94084.jpg,9,
test-3905.jpg,3,- - 22.jpg,-,validation-0498.jpg,0,,test-3983.jpg,3,- - 48v.jpg,-,train-13975.jpg,1,,train-31058.jpg,3,- - 74h.jpg,-,validation-2489.jpg,2,,train-31356.jpg,3,- - 83v.jpg,-,train-34826.jpg,3,,train-31229.jpg,3,- - 40v.jpg,-,train-44118.jpg,4,,train-31527.jpg,3,- - 50.jpg,-,train-54218.jpg,5,,train-31135.jpg,3,- - 10.jpg,-,train-64057.jpg,6,,train-31433.jpg,3,- - 19h.jpg,-,train-74078.jpg,7,,train-31306.jpg,3,- - 67h.jpg,-,train-84107.jpg,8,,train-31604.jpg,3,- - 76v.jpg,-,train-94085.jpg,9,
test-3906.jpg,3,- - 22h.jpg,-,validation-0499.jpg,0,,test-3984.jpg,3,- - 49.jpg,-,train-13976.jpg,1,,train-31059.jpg,3,- - 74v.jpg,-,validation-249.jpg,2,,train-31357.jpg,3,- - 84.jpg,-,train-34827.jpg,3,,train-3123.jpg,3,- - 41.jpg,-,train-44119.jpg,4,,train-31528.jpg,3,- - 50h.jpg,-,train-54219.jpg,5,,train-31136.jpg,3,- - 100.jpg,-,train-64058.jpg,6,,train-31434.jpg,3,- - 19v.jpg,-,train-74079.jpg,7,,train-31307.jpg,3,- - 67v.jpg,-,train-84108.jpg,8,,train-31605.jpg,3,- - 77.jpg,-,train-94086.jpg,9,
test-3907.jpg,3,- - 22v.jpg,-,validation-05.jpg,0,,test-3985.jpg,3,- - 49h.jpg,-,train-13977.jpg,1,,train-3106.jpg,3,- - 75.jpg,-,validation-2490.jpg,2,,train-31358.jpg,3,- - 84h.jpg,-,train-34828.jpg,3,,train-31230.jpg,3,- - 41h.jpg,-,train-4412.jpg,4,,train-31529.jpg,3,- - 50v.jpg,-,train-5422.jpg,5,,train-31137.jpg,3,- - 100h.jpg,-,train-64059.jpg,6,,train-31435.jpg,3,- - 1h.jpg,-,train-7408.jpg,7,,train-31308.jpg,3,- - 68.jpg,-,train-84109.jpg,8,,train-31606.jpg,3,- - 77h.jpg,-,train-94087.jpg,9,
test-3908.jpg,3,- - 23.jpg,-,validation-050.jpg,0,,test-3986.jpg,3,- - 49v.jpg,-,train-13978.jpg,1,,train-31060.jpg,3,- - 75h.jpg,-,validation-2491.jpg,2,,train-31359.jpg,3,- - 84v.jpg,-,train-34829.jpg,3,,train-31231.jpg,3,- - 41v.jpg,-,train-44120.jpg,4,,train-3153.jpg,3,- - 51.jpg,-,train-54220.jpg,5,,train-31138.jpg,3,- - 100v.jpg,-,train-6406.jpg,6,,train-31436.jpg,3,- - 1v.jpg,-,train-74080.jpg,7,,train-31309.jpg,3,- - 68h.jpg,-,train-8411.jpg,8,,train-31607.jpg,3,- - 77v.jpg,-,train-94088.jpg,9,
test-3909.jpg,3,- - 23h.jpg,-,validation-0500.jpg,0,,test-3987.jpg,3,- - 4h.jpg,-,train-13979.jpg,1,,train-31061.jpg,3,- - 75v.jpg,-,validation-2492.jpg,2,,train-3136.jpg,3,- - 85.jpg,-,train-3483.jpg,3,,train-31232.jpg,3,- - 42.jpg,-,train-44121.jpg,4,,train-31530.jpg,3,- - 51h.jpg,-,train-54221.jpg,5,,train-31139.jpg,3,- - 10h.jpg,-,train-64060.jpg,6,,train-31437.jpg,3,- - 2.jpg,-,train-74081.jpg,7,,train-3131.jpg,3,- - 68v.jpg,-,train-84110.jpg,8,,train-31608.jpg,3,- - 78.jpg,-,train-94089.jpg,9,
test-391.jpg,3,- - 23v.jpg,-,validation-0501.jpg,0,,test-3988.jpg,3,- - 4v.jpg,-,train-1398.jpg,1,,train-31062.jpg,3,- - 76.jpg,-,validation-2493.jpg,2,,train-31360.jpg,3,- - 85h.jpg,-,train-34830.jpg,3,,train-31233.jpg,3,- - 42h.jpg,-,train-44122.jpg,4,,train-31531.jpg,3,- - 51v.jpg,-,train-54222.jpg,5,,train-3114.jpg,3,- - 10v.jpg,-,train-64061.jpg,6,,train-31438.jpg,3,- - 20.jpg,-,train-74082.jpg,7,,train-31310.jpg,3,- - 69.jpg,-,train-84111.jpg,8,,train-31609.jpg,3,- - 78h.jpg,-,train-9409.jpg,9,
test-3910.jpg,3,- - 24.jpg,-,validation-0502.jpg,0,,test-3989.jpg,3,- - 5.jpg,-,train-13980.jpg,1,,train-31063.jpg,3,- - 76h.jpg,-,validation-2494.jpg,2,,train-31361.jpg,3,- - 85v.jpg,-,train-34831.jpg,3,,train-31234.jpg,3,- - 42v.jpg,-,train-44123.jpg,4,,train-31532.jpg,3,- - 52.jpg,-,train-54223.jpg,5,,train-31140.jpg,3,- - 11.jpg,-,train-64062.jpg,6,,train-31439.jpg,3,- - 20h.jpg,-,train-74083.jpg,7,,train-31311.jpg,3,- - 69h.jpg,-,train-84112.jpg,8,,train-3161.jpg,3,- - 78v.jpg,-,train-94090.jpg,9,
test-3911.jpg,3,- - 24h.jpg,-,validation-0503.jpg,0,,test-399.jpg,3,- - 50.jpg,-,train-13981.jpg,1,,train-31064.jpg,3,- - 76v.jpg,-,validation-2495.jpg,2,,train-31362.jpg,3,- - 86.jpg,-,train-34832.jpg,3,,train-31235.jpg,3,- - 43.jpg,-,train-44124.jpg,4,,train-31533.jpg,3,- - 52h.jpg,-,train-54224.jpg,5,,train-31141.jpg,3,- - 11h.jpg,-,train-64063.jpg,6,,train-3144.jpg,3,- - 20v.jpg,-,train-74084.jpg,7,,train-31312.jpg,3,- - 69v.jpg,-,train-84113.jpg,8,,train-31610.jpg,3,- - 79.jpg,-,train-94091.jpg,9,
test-3912.jpg,3,- - 24v.jpg,-,validation-0504.jpg,0,,test-3990.jpg,3,- - 50h.jpg,-,train-13982.jpg,1,,train-31065.jpg,3,- - 77.jpg,-,validation-2496.jpg,2,,train-31363.jpg,3,- - 86h.jpg,-,train-34833.jpg,3,,train-31236.jpg,3,- - 43h.jpg,-,train-44125.jpg,4,,train-31534.jpg,3,- - 52v.jpg,-,train-54225.jpg,5,,train-31142.jpg,3,- - 11v.jpg,-,train-64064.jpg,6,,train-31440.jpg,3,- - 21.jpg,-,train-74085.jpg,7,,train-31313.jpg,3,- - 6h.jpg,-,train-84114.jpg,8,,train-31611.jpg,3,- - 79h.jpg,-,train-94092.jpg,9,
test-3913.jpg,3,- - 25.jpg,-,validation-0505.jpg,0,,test-3991.jpg,3,- - 50v.jpg,-,train-13983.jpg,1,,train-31066.jpg,3,- - 77h.jpg,-,validation-2497.jpg,2,,train-31364.jpg,3,- - 86v.jpg,-,train-34834.jpg,3,,train-31237.jpg,3,- - 43v.jpg,-,train-44126.jpg,4,,train-31535.jpg,3,- - 53.jpg,-,train-54226.jpg,5,,train-31143.jpg,3,- - 12.jpg,-,train-64065.jpg,6,,train-31441.jpg,3,- - 21h.jpg,-,train-74086.jpg,7,,train-31314.jpg,3,- - 6v.jpg,-,train-84115.jpg,8,,train-31612.jpg,3,- - 79v.jpg,-,train-94093.jpg,9,
test-3914.jpg,3,- - 25h.jpg,-,validation-0506.jpg,0,,test-3992.jpg,3,- - 51.jpg,-,train-13984.jpg,1,,train-31067.jpg,3,- - 77v.jpg,-,validation-2498.jpg,2,,train-31365.jpg,3,- - 87.jpg,-,train-34835.jpg,3,,train-31238.jpg,3,- - 44.jpg,-,train-44127.jpg,4,,train-31536.jpg,3,- - 53h.jpg,-,train-54227.jpg,5,,train-31144.jpg,3,- - 12h.jpg,-,train-64066.jpg,6,,train-31442.jpg,3,- - 21v.jpg,-,train-74087.jpg,7,,train-31315.jpg,3,- - 7.jpg,-,train-84116.jpg,8,,train-31613.jpg,3,- - 7h.jpg,-,train-94094.jpg,9,
test-3915.jpg,3,- - 25v.jpg,-,validation-0507.jpg,0,,test-3993.jpg,3,- - 51h.jpg,-,train-13985.jpg,1,,train-31068.jpg,3,- - 78.jpg,-,validation-2499.jpg,2,,train-31366.jpg,3,- - 87h.jpg,-,train-34836.jpg,3,,train-31239.jpg,3,- - 44h.jpg,-,train-44128.jpg,4,,train-31537.jpg,3,- - 53v.jpg,-,train-54228.jpg,5,,train-31145.jpg,3,- - 12v.jpg,-,train-64067.jpg,6,,train-31443.jpg,3,- - 22.jpg,-,train-74088.jpg,7,,train-31316.jpg,3,- - 70.jpg,-,train-84117.jpg,8,,train-31614.jpg,3,- - 7v.jpg,-,train-94095.jpg,9,
test-3916.jpg,3,- - 26.jpg,-,validation-0508.jpg,0,,test-3994.jpg,3,- - 51v.jpg,-,train-13986.jpg,1,,train-31069.jpg,3,- - 78h.jpg,-,validation-25.jpg,2,,train-31367.jpg,3,- - 87v.jpg,-,train-34837.jpg,3,,train-3124.jpg,3,- - 44v.jpg,-,train-44129.jpg,4,,train-31538.jpg,3,- - 54.jpg,-,train-54229.jpg,5,,train-31146.jpg,3,- - 13.jpg,-,train-64068.jpg,6,,train-31444.jpg,3,- - 22h.jpg,-,train-74089.jpg,7,,train-31626.jpg,3,- - 83v.jpg,-,train-84118.jpg,8,,train-31615.jpg,3,- - 8.jpg,-,train-94096.jpg,9,
test-3917.jpg,3,- - 26h.jpg,-,validation-0509.jpg,0,,test-3995.jpg,3,- - 52.jpg,-,train-13987.jpg,1,,train-3107.jpg,3,- - 78v.jpg,-,validation-250.jpg,2,,train-31368.jpg,3,- - 88.jpg,-,train-34838.jpg,3,,train-31240.jpg,3,- - 45.jpg,-,train-4413.jpg,4,,train-31539.jpg,3,- - 54h.jpg,-,train-5423.jpg,5,,train-31147.jpg,3,- - 13h.jpg,-,train-64069.jpg,6,,train-31445.jpg,3,- - 22v.jpg,-,train-7409.jpg,7,,train-31627.jpg,3,- - 84.jpg,-,train-84119.jpg,8,,train-31616.jpg,3,- - 80.jpg,-,train-94097.jpg,9,
test-3918.jpg,3,- - 26v.jpg,-,validation-051.jpg,0,,test-3996.jpg,3,- - 52h.jpg,-,train-13988.jpg,1,,train-31070.jpg,3,- - 79.jpg,-,validation-2500.jpg,2,,train-31369.jpg,3,- - 88h.jpg,-,train-34839.jpg,3,,train-31241.jpg,3,- - 45h.jpg,-,train-44130.jpg,4,,train-3154.jpg,3,- - 54v.jpg,-,train-54230.jpg,5,,train-31148.jpg,3,- - 13v.jpg,-,train-6407.jpg,6,,train-31446.jpg,3,- - 23.jpg,-,train-74090.jpg,7,,train-31628.jpg,3,- - 84h.jpg,-,train-8412.jpg,8,,train-31617.jpg,3,- - 80h.jpg,-,train-94098.jpg,9,
test-3919.jpg,3,- - 27.jpg,-,validation-0510.jpg,0,,test-3997.jpg,3,- - 52v.jpg,-,train-13989.jpg,1,,train-31071.jpg,3,- - 79h.jpg,-,validation-2501.jpg,2,,train-3137.jpg,3,- - 88v.jpg,-,train-3484.jpg,3,,train-31242.jpg,3,- - 45v.jpg,-,train-44131.jpg,4,,train-31540.jpg,3,- - 55.jpg,-,train-54231.jpg,5,,train-31149.jpg,3,- - 14.jpg,-,train-64070.jpg,6,,train-31447.jpg,3,- - 23h.jpg,-,train-74091.jpg,7,,train-31629.jpg,3,- - 84v.jpg,-,train-84120.jpg,8,,train-31618.jpg,3,- - 80v.jpg,-,train-94099.jpg,9,
test-392.jpg,3,- - 27h.jpg,-,validation-0511.jpg,0,,test-3998.jpg,3,- - 53.jpg,-,train-1399.jpg,1,,train-31072.jpg,3,- - 79v.jpg,-,validation-2502.jpg,2,,train-31370.jpg,3,- - 89.jpg,-,train-34840.jpg,3,,train-31243.jpg,3,- - 46.jpg,-,train-44132.jpg,4,,train-31541.jpg,3,- - 55h.jpg,-,train-54232.jpg,5,,train-3115.jpg,3,- - 14h.jpg,-,train-64071.jpg,6,,train-31448.jpg,3,- - 23v.jpg,-,train-74092.jpg,7,,train-3163.jpg,3,- - 85.jpg,-,train-84121.jpg,8,,train-31619.jpg,3,- - 81.jpg,-,train-941.jpg,9,
test-3920.jpg,3,- - 27v.jpg,-,validation-0512.jpg,0,,test-3999.jpg,3,- - 53h.jpg,-,train-13990.jpg,1,,train-31073.jpg,3,- - 7h.jpg,-,validation-2503.jpg,2,,train-31371.jpg,3,- - 89h.jpg,-,train-34841.jpg,3,,train-31244.jpg,3,- - 46h.jpg,-,train-44133.jpg,4,,train-31542.jpg,3,- - 55v.jpg,-,train-54233.jpg,5,,train-31150.jpg,3,- - 14v.jpg,-,train-64072.jpg,6,,train-31449.jpg,3,- - 24.jpg,-,train-74093.jpg,7,,train-31630.jpg,3,- - 85h.jpg,-,train-84122.jpg,8,,train-3162.jpg,3,- - 81h.jpg,-,train-9410.jpg,9,
test-3921.jpg,3,- - 28.jpg,-,validation-0513.jpg,0,,train-3.jpg,3,- - 53v.jpg,-,train-13991.jpg,1,,train-31074.jpg,3,- - 7v.jpg,-,validation-2504.jpg,2,,train-31372.jpg,3,- - 89v.jpg,-,train-34842.jpg,3,,train-31245.jpg,3,- - 46v.jpg,-,train-44134.jpg,4,,train-31543.jpg,3,- - 56.jpg,-,train-54234.jpg,5,,train-31151.jpg,3,- - 15.jpg,-,train-64073.jpg,6,,train-3145.jpg,3,- - 24h.jpg,-,train-74094.jpg,7,,train-31631.jpg,3,- - 85v.jpg,-,train-84123.jpg,8,,train-31620.jpg,3,- - 81v.jpg,-,train-94100.jpg,9,
test-3922.jpg,3,- - 28h.jpg,-,validation-0514.jpg,0,,train-30.jpg,3,- - 54.jpg,-,train-13992.jpg,1,,train-31075.jpg,3,- - 8.jpg,-,validation-2505.jpg,2,,train-31373.jpg,3,- - 8h.jpg,-,train-34843.jpg,3,,train-31246.jpg,3,- - 47.jpg,-,train-44135.jpg,4,,train-31544.jpg,3,- - 56h.jpg,-,train-54235.jpg,5,,train-31152.jpg,3,- - 15h.jpg,-,train-64074.jpg,6,,train-31450.jpg,3,- - 24v.jpg,-,train-74095.jpg,7,,train-31632.jpg,3,- - 86.jpg,-,train-84124.jpg,8,,train-31621.jpg,3,- - 82.jpg,-,train-94101.jpg,9,
test-3923.jpg,3,- - 28v.jpg,-,validation-0515.jpg,0,,train-31.jpg,3,- - 54h.jpg,-,train-13993.jpg,1,,train-31076.jpg,3,- - 80.jpg,-,validation-2506.jpg,2,,train-31374.jpg,3,- - 8v.jpg,-,train-34844.jpg,3,,train-31247.jpg,3,- - 47h.jpg,-,train-44136.jpg,4,,train-31545.jpg,3,- - 56v.jpg,-,train-54236.jpg,5,,train-31153.jpg,3,- - 15v.jpg,-,train-64075.jpg,6,,train-31451.jpg,3,- - 25.jpg,-,train-74096.jpg,7,,train-31633.jpg,3,- - 86h.jpg,-,train-84125.jpg,8,,train-31622.jpg,3,- - 82h.jpg,-,train-94102.jpg,9,
test-3924.jpg,3,- - 29.jpg,-,validation-0516.jpg,0,,train-310.jpg,3,- - 54v.jpg,-,train-13994.jpg,1,,train-31077.jpg,3,- - 80h.jpg,-,validation-2507.jpg,2,,train-31375.jpg,3,- - 9.jpg,-,train-34845.jpg,3,,train-31248.jpg,3,- - 47v.jpg,-,train-44137.jpg,4,,train-31546.jpg,3,- - 57.jpg,-,train-54237.jpg,5,,train-31154.jpg,3,- - 16.jpg,-,train-64076.jpg,6,,train-31452.jpg,3,- - 25h.jpg,-,train-74097.jpg,7,,train-31634.jpg,3,- - 86v.jpg,-,train-84126.jpg,8,,train-31623.jpg,3,- - 82v.jpg,-,train-94103.jpg,9,
test-3925.jpg,3,- - 29h.jpg,-,validation-0517.jpg,0,,train-3100.jpg,3,- - 55.jpg,-,train-13995.jpg,1,,train-31078.jpg,3,- - 80v.jpg,-,validation-2508.jpg,2,,train-31376.jpg,3,- - 90.jpg,-,train-34846.jpg,3,,train-31249.jpg,3,- - 48.jpg,-,train-44138.jpg,4,,train-31547.jpg,3,- - 57h.jpg,-,train-54238.jpg,5,,train-31155.jpg,3,- - 16h.jpg,-,train-64077.jpg,6,,train-31453.jpg,3,- - 25v.jpg,-,train-74098.jpg,7,,train-31635.jpg,3,- - 87.jpg,-,train-84127.jpg,8,,train-31624.jpg,3,- - 83.jpg,-,train-94104.jpg,9,
test-3926.jpg,3,- - 29v.jpg,-,validation-0518.jpg,0,,train-31000.jpg,3,- - 55h.jpg,-,train-13996.jpg,1,,train-31079.jpg,3,- - 81.jpg,-,validation-2509.jpg,2,,train-31377.jpg,3,- - 90h.jpg,-,train-34847.jpg,3,,train-3125.jpg,3,- - 48h.jpg,-,train-44139.jpg,4,,train-31548.jpg,3,- - 57v.jpg,-,train-54239.jpg,5,,train-31156.jpg,3,- - 16v.jpg,-,train-64078.jpg,6,,train-31454.jpg,3,- - 26.jpg,-,train-74099.jpg,7,,train-31636.jpg,3,- - 87h.jpg,-,train-84128.jpg,8,,train-31625.jpg,3,- - 83h.jpg,-,train-94105.jpg,9,
test-3927.jpg,3,- - 2h.jpg,-,validation-0519.jpg,0,,train-31001.jpg,3,- - 55v.jpg,-,train-13997.jpg,1,,train-3108.jpg,3,- - 81h.jpg,-,validation-251.jpg,2,,train-31378.jpg,3,- - 90v.jpg,-,train-34848.jpg,3,,train-31250.jpg,3,- - 48v.jpg,-,train-4414.jpg,4,,train-31549.jpg,3,- - 58.jpg,-,train-5424.jpg,5,,train-31157.jpg,3,- - 17.jpg,-,train-64079.jpg,6,,train-31455.jpg,3,- - 26h.jpg,-,train-741.jpg,7,,train-31637.jpg,3,- - 87v.jpg,-,train-84129.jpg,8,,train-31638.jpg,3,- - 88.jpg,-,train-94106.jpg,9,
test-3928.jpg,3,- - 2v.jpg,-,validation-052.jpg,0,,train-31002.jpg,3,- - 56.jpg,-,train-13998.jpg,1,,train-31080.jpg,3,- - 81v.jpg,-,validation-2510.jpg,2,,train-31379.jpg,3,- - 91.jpg,-,train-34849.jpg,3,,train-31251.jpg,3,- - 49.jpg,-,train-44140.jpg,4,,train-3155.jpg,3,- - 58h.jpg,-,train-54240.jpg,5,,train-31158.jpg,3,- - 17h.jpg,-,train-6408.jpg,6,,train-31456.jpg,3,- - 26v.jpg,-,train-7410.jpg,7,,train-31174.jpg,3,- - 22h.jpg,-,train-8413.jpg,8,,train-31472.jpg,3,- - 31v.jpg,-,train-94107.jpg,9,
test-3929.jpg,3,- - 3.jpg,-,validation-0520.jpg,0,,train-31003.jpg,3,- - 56h.jpg,-,train-13999.jpg,1,,train-31081.jpg,3,- - 82.jpg,-,validation-2511.jpg,2,,train-3138.jpg,3,- - 91h.jpg,-,train-3485.jpg,3,,train-31252.jpg,3,- - 49h.jpg,-,train-44141.jpg,4,,train-31550.jpg,3,- - 58v.jpg,-,train-54241.jpg,5,,train-31159.jpg,3,- - 17v.jpg,-,train-64080.jpg,6,,train-31457.jpg,3,- - 27.jpg,-,train-74100.jpg,7,,train-31175.jpg,3,- - 22v.jpg,-,train-84130.jpg,8,,train-31473.jpg,3,- - 32.jpg,-,train-94108.jpg,9,
test-393.jpg,3,- - 30.jpg,-,validation-0521.jpg,0,,train-31004.jpg,3,- - 56v.jpg,-,train-14.jpg,1,,train-31082.jpg,3,- - 82h.jpg,-,validation-2512.jpg,2,,train-31380.jpg,3,- - 91v.jpg,-,train-34850.jpg,3,,train-31253.jpg,3,- - 49v.jpg,-,train-44142.jpg,4,,train-31551.jpg,3,- - 59.jpg,-,train-54242.jpg,5,,train-3116.jpg,3,- - 18.jpg,-,train-64081.jpg,6,,train-31458.jpg,3,- - 27h.jpg,-,train-74101.jpg,7,,train-31176.jpg,3,- - 23.jpg,-,train-84131.jpg,8,,train-31474.jpg,3,- - 32h.jpg,-,train-94109.jpg,9,
test-3930.jpg,3,- - 30h.jpg,-,validation-0522.jpg,0,,train-31005.jpg,3,- - 57.jpg,-,train-140.jpg,1,,train-31083.jpg,3,- - 82v.jpg,-,validation-2513.jpg,2,,train-31381.jpg,3,- - 92.jpg,-,train-34851.jpg,3,,train-31254.jpg,3,- - 4h.jpg,-,train-44143.jpg,4,,train-31552.jpg,3,- - 59h.jpg,-,train-54243.jpg,5,,train-31160.jpg,3,- - 18h.jpg,-,train-64082.jpg,6,,train-31459.jpg,3,- - 27v.jpg,-,train-74102.jpg,7,,train-31177.jpg,3,- - 23h.jpg,-,train-84132.jpg,8,,train-31475.jpg,3,- - 32v.jpg,-,train-9411.jpg,9,
test-3931.jpg,3,- - 30v.jpg,-,validation-0523.jpg,0,,train-31006.jpg,3,- - 57h.jpg,-,train-1400.jpg,1,,train-31084.jpg,3,- - 83.jpg,-,validation-2514.jpg,2,,train-31382.jpg,3,- - 92h.jpg,-,train-34852.jpg,3,,train-31255.jpg,3,- - 4v.jpg,-,train-44144.jpg,4,,train-31553.jpg,3,- - 59v.jpg,-,train-54244.jpg,5,,train-31161.jpg,3,- - 18v.jpg,-,train-64083.jpg,6,,train-3146.jpg,3,- - 28.jpg,-,train-74103.jpg,7,,train-31178.jpg,3,- - 23v.jpg,-,train-84133.jpg,8,,train-31476.jpg,3,- - 33.jpg,-,train-94110.jpg,9,
test-3932.jpg,3,- - 31.jpg,-,validation-0524.jpg,0,,train-31007.jpg,3,- - 57v.jpg,-,train-14000.jpg,1,,train-31085.jpg,3,- - 83h.jpg,-,validation-2515.jpg,2,,train-31383.jpg,3,- - 92v.jpg,-,train-34853.jpg,3,,train-31256.jpg,3,- - 5.jpg,-,train-44145.jpg,4,,train-31554.jpg,3,- - 5h.jpg,-,train-54245.jpg,5,,train-31162.jpg,3,- - 19.jpg,-,train-64084.jpg,6,,train-31460.jpg,3,- - 28h.jpg,-,train-74104.jpg,7,,train-31179.jpg,3,- - 24.jpg,-,train-84134.jpg,8,,train-31477.jpg,3,- - 33h.jpg,-,train-94111.jpg,9,
test-3933.jpg,3,- - 31h.jpg,-,validation-0525.jpg,0,,train-31008.jpg,3,- - 58.jpg,-,train-14001.jpg,1,,train-31086.jpg,3,- - 83v.jpg,-,validation-2516.jpg,2,,train-31384.jpg,3,- - 93.jpg,-,train-34854.jpg,3,,train-31257.jpg,3,- - 50.jpg,-,train-44146.jpg,4,,train-31555.jpg,3,- - 5v.jpg,-,train-54246.jpg,5,,train-31163.jpg,3,- - 19h.jpg,-,train-64085.jpg,6,,train-31461.jpg,3,- - 28v.jpg,-,train-74105.jpg,7,,train-3118.jpg,3,- - 24h.jpg,-,train-84135.jpg,8,,train-31478.jpg,3,- - 33v.jpg,-,train-94112.jpg,9,
test-3934.jpg,3,- - 31v.jpg,-,validation-0526.jpg,0,,train-31009.jpg,3,- - 58h.jpg,-,train-14002.jpg,1,,train-31087.jpg,3,- - 84.jpg,-,validation-2517.jpg,2,,train-31385.jpg,3,- - 93h.jpg,-,train-34855.jpg,3,,train-31258.jpg,3,- - 50h.jpg,-,train-44147.jpg,4,,train-31556.jpg,3,- - 6.jpg,-,train-54247.jpg,5,,train-31164.jpg,3,- - 19v.jpg,-,train-64086.jpg,6,,train-31462.jpg,3,- - 29.jpg,-,train-74106.jpg,7,,train-31180.jpg,3,- - 24v.jpg,-,train-84136.jpg,8,,train-31479.jpg,3,- - 34.jpg,-,train-94113.jpg,9,
test-3935.jpg,3,- - 32.jpg,-,validation-0527.jpg,0,,train-3101.jpg,3,- - 58v.jpg,-,train-14003.jpg,1,,train-31088.jpg,3,- - 84h.jpg,-,validation-2518.jpg,2,,train-31386.jpg,3,- - 93v.jpg,-,train-34856.jpg,3,,train-31259.jpg,3,- - 50v.jpg,-,train-44148.jpg,4,,train-31557.jpg,3,- - 60.jpg,-,train-54248.jpg,5,,train-31165.jpg,3,- - 1h.jpg,-,train-64087.jpg,6,,train-31463.jpg,3,- - 29h.jpg,-,train-74107.jpg,7,,train-31181.jpg,3,- - 25.jpg,-,train-84137.jpg,8,,train-3148.jpg,3,- - 34h.jpg,-,train-94114.jpg,9,
test-3936.jpg,3,- - 32h.jpg,-,validation-0528.jpg,0,,train-31010.jpg,3,- - 59.jpg,-,train-14004.jpg,1,,train-31089.jpg,3,- - 84v.jpg,-,validation-2519.jpg,2,,train-31387.jpg,3,- - 94.jpg,-,train-34857.jpg,3,,train-3126.jpg,3,- - 51.jpg,-,train-44149.jpg,4,,train-31558.jpg,3,- - 60h.jpg,-,train-54249.jpg,5,,train-31166.jpg,3,- - 1v.jpg,-,train-64088.jpg,6,,train-31464.jpg,3,- - 29v.jpg,-,train-74108.jpg,7,,train-31182.jpg,3,- - 25h.jpg,-,train-84138.jpg,8,,train-31480.jpg,3,- - 34v.jpg,-,train-94115.jpg,9,
test-3937.jpg,3,- - 32v.jpg,-,validation-0529.jpg,0,,train-31011.jpg,3,- - 59h.jpg,-,train-14005.jpg,1,,train-3109.jpg,3,- - 85.jpg,-,validation-252.jpg,2,,train-31388.jpg,3,- - 94h.jpg,-,train-34858.jpg,3,,train-31260.jpg,3,- - 51h.jpg,-,train-4415.jpg,4,,train-31559.jpg,3,- - 60v.jpg,-,train-5425.jpg,5,,train-31167.jpg,3,- - 2.jpg,-,train-64089.jpg,6,,train-31465.jpg,3,- - 2h.jpg,-,train-74109.jpg,7,,train-31183.jpg,3,- - 25v.jpg,-,train-84139.jpg,8,,train-31481.jpg,3,- - 35.jpg,-,train-94116.jpg,9,
test-3938.jpg,3,- - 33.jpg,-,validation-053.jpg,0,,train-31012.jpg,3,- - 59v.jpg,-,train-14006.jpg,1,,train-31090.jpg,3,- - 85h.jpg,-,validation-2520.jpg,2,,train-31389.jpg,3,- - 94v.jpg,-,train-34859.jpg,3,,train-31261.jpg,3,- - 51v.jpg,-,train-44150.jpg,4,,train-3156.jpg,3,- - 61.jpg,-,train-54250.jpg,5,,train-31168.jpg,3,- - 20.jpg,-,train-6409.jpg,6,,train-31466.jpg,3,- - 2v.jpg,-,train-7411.jpg,7,,train-31184.jpg,3,- - 26.jpg,-,train-8414.jpg,8,,train-31482.jpg,3,- - 35h.jpg,-,train-94117.jpg,9,
test-3939.jpg,3,- - 33h.jpg,-,validation-0530.jpg,0,,train-31013.jpg,3,- - 5h.jpg,-,train-14007.jpg,1,,train-31091.jpg,3,- - 85v.jpg,-,validation-2521.jpg,2,,train-3139.jpg,3,- - 95.jpg,-,train-3486.jpg,3,,train-31262.jpg,3,- - 52.jpg,-,train-44151.jpg,4,,train-31560.jpg,3,- - 61h.jpg,-,train-54251.jpg,5,,train-31169.jpg,3,- - 20h.jpg,-,train-64090.jpg,6,,train-31467.jpg,3,- - 3.jpg,-,train-74110.jpg,7,,train-31185.jpg,3,- - 26h.jpg,-,train-84140.jpg,8,,train-31483.jpg,3,- - 35v.jpg,-,train-94118.jpg,9,
test-394.jpg,3,- - 33v.jpg,-,validation-0531.jpg,0,,train-31014.jpg,3,- - 5v.jpg,-,train-14008.jpg,1,,train-31092.jpg,3,- - 86.jpg,-,validation-2522.jpg,2,,train-31390.jpg,3,- - 95h.jpg,-,train-34860.jpg,3,,train-31263.jpg,3,- - 52h.jpg,-,train-44152.jpg,4,,train-31561.jpg,3,- - 61v.jpg,-,train-54252.jpg,5,,train-3117.jpg,3,- - 20v.jpg,-,train-64091.jpg,6,,train-31468.jpg,3,- - 30.jpg,-,train-74111.jpg,7,,train-31186.jpg,3,- - 26v.jpg,-,train-84141.jpg,8,,train-31484.jpg,3,- - 36.jpg,-,train-94119.jpg,9,
test-3940.jpg,3,- - 34.jpg,-,validation-0532.jpg,0,,train-31015.jpg,3,- - 6.jpg,-,train-14009.jpg,1,,train-31093.jpg,3,- - 86h.jpg,-,validation-2523.jpg,2,,train-31391.jpg,3,- - 95v.jpg,-,train-34861.jpg,3,,train-31264.jpg,3,- - 52v.jpg,-,train-44153.jpg,4,,train-31562.jpg,3,- - 62.jpg,-,train-54253.jpg,5,,train-31170.jpg,3,- - 21.jpg,-,train-64092.jpg,6,,train-31469.jpg,3,- - 30h.jpg,-,train-74112.jpg,7,,train-31187.jpg,3,- - 27.jpg,-,train-84142.jpg,8,,train-31485.jpg,3,- - 36h.jpg,-,train-9412.jpg,9,
test-3941.jpg,3,- - 34h.jpg,-,validation-0533.jpg,0,,train-31016.jpg,3,- - 60.jpg,-,train-1401.jpg,1,,train-31094.jpg,3,- - 86v.jpg,-,validation-2524.jpg,2,,train-31392.jpg,3,- - 96.jpg,-,train-34862.jpg,3,,train-31265.jpg,3,- - 53.jpg,-,train-44154.jpg,4,,train-31563.jpg,3,- - 62h.jpg,-,train-54254.jpg,5,,train-31171.jpg,3,- - 21h.jpg,-,train-64093.jpg,6,,train-3147.jpg,3,- - 30v.jpg,-,train-74113.jpg,7,,train-31188.jpg,3,- - 27h.jpg,-,train-84143.jpg,8,,train-31486.jpg,3,- - 36v.jpg,-,train-94120.jpg,9,
test-3942.jpg,3,- - 34v.jpg,-,validation-0534.jpg,0,,train-31017.jpg,3,- - 60h.jpg,-,train-14010.jpg,1,,train-31095.jpg,3,- - 87.jpg,-,validation-2525.jpg,2,,train-31393.jpg,3,- - 96h.jpg,-,train-34863.jpg,3,,train-31266.jpg,3,- - 53h.jpg,-,train-44155.jpg,4,,train-31564.jpg,3,- - 62v.jpg,-,train-54255.jpg,5,,train-31172.jpg,3,- - 21v.jpg,-,train-64094.jpg,6,,train-31470.jpg,3,- - 31.jpg,-,train-74114.jpg,7,,train-31189.jpg,3,- - 27v.jpg,-,train-84144.jpg,8,,train-31487.jpg,3,- - 37.jpg,-,train-94121.jpg,9,
test-3943.jpg,3,- - 35.jpg,-,validation-0301.jpg,0,,train-31018.jpg,3,- - 60v.jpg,-,train-14011.jpg,1,,train-31096.jpg,3,- - 87h.jpg,-,validation-2526.jpg,2,,train-31394.jpg,3,- - 96v.jpg,-,train-34864.jpg,3,,train-31267.jpg,3,- - 53v.jpg,-,train-44156.jpg,4,,train-31565.jpg,3,- - 63.jpg,-,train-54256.jpg,5,,train-31173.jpg,3,- - 22.jpg,-,train-64095.jpg,6,,train-31471.jpg,3,- - 31h.jpg,-,train-74115.jpg,7,,train-3119.jpg,3,- - 28.jpg,-,train-84145.jpg,8,,train-31488.jpg,3,- - 37h.jpg,-,train-94122.jpg,9,