train-42443.jpg,4,d - 1.jpg,d,train-0472.jpg,0,,train-42520.jpg,4,d - 41o.jpg,d,validation-11044.jpg,1,,train-42891.jpg,4,d - 36.jpg,d,train-2804.jpg,2,,train-42693.jpg,4,d - 32.jpg,d,validation-3414.jpg,3,,train-43062.jpg,4,d - 26o.jpg,d,train-4643.jpg,4,,train-42611.jpg,4,d - 89.jpg,d,train-5540.jpg,5,,train-42982.jpg,4,d - 82o.jpg,d,train-6614.jpg,6,,train-42784.jpg,4,d - 79o.jpg,d,train-75052.jpg,7,,train-43153.jpg,4,d - 73.jpg,d,train-8642.jpg,8,,train-42599.jpg,4,d - 81o.jpg,d,train-94959.jpg,9,
train-42444.jpg,4,d - 10.jpg,d,train-04720.jpg,0,,train-42521.jpg,4,d - 42.jpg,d,validation-11045.jpg,1,,train-42892.jpg,4,d - 36o.jpg,d,train-2805.jpg,2,,train-42694.jpg,4,d - 32o.jpg,d,validation-3415.jpg,3,,train-43063.jpg,4,d - 27.jpg,d,train-4644.jpg,4,,train-42612.jpg,4,d - 89o.jpg,d,train-5541.jpg,5,,train-42983.jpg,4,d - 83.jpg,d,train-6615.jpg,6,,train-42785.jpg,4,d - 7o.jpg,d,train-75053.jpg,7,,train-43154.jpg,4,d - 73o.jpg,d,train-8643.jpg,8,,train-426.jpg,4,d - 82.jpg,d,train-9496.jpg,9,
train-42445.jpg,4,d - 100.jpg,d,train-04721.jpg,0,,train-42522.jpg,4,d - 42o.jpg,d,validation-11046.jpg,1,,train-42893.jpg,4,d - 37.jpg,d,train-2806.jpg,2,,train-42695.jpg,4,d - 33.jpg,d,validation-3416.jpg,3,,train-43064.jpg,4,d - 27o.jpg,d,train-4645.jpg,4,,train-42613.jpg,4,d - 8o.jpg,d,train-5542.jpg,5,,train-42984.jpg,4,d - 83o.jpg,d,train-6616.jpg,6,,train-42786.jpg,4,d - 8.jpg,d,train-75054.jpg,7,,train-43155.jpg,4,d - 74.jpg,d,train-8644.jpg,8,,train-4260.jpg,4,d - 82o.jpg,d,train-94960.jpg,9,
train-42446.jpg,4,d - 100o.jpg,d,train-04722.jpg,0,,train-42523.jpg,4,d - 43.jpg,d,validation-11047.jpg,1,,train-42894.jpg,4,d - 37o.jpg,d,train-2807.jpg,2,,train-42696.jpg,4,d - 33o.jpg,d,validation-3417.jpg,3,,train-43065.jpg,4,d - 28.jpg,d,train-4646.jpg,4,,train-42614.jpg,4,d - 9.jpg,d,train-5543.jpg,5,,train-42985.jpg,4,d - 84.jpg,d,train-6617.jpg,6,,train-42787.jpg,4,d - 80.jpg,d,train-75055.jpg,7,,train-43156.jpg,4,d - 74o.jpg,d,train-8645.jpg,8,,train-42600.jpg,4,d - 83.jpg,d,train-94961.jpg,9,
train-42447.jpg,4,d - 101.jpg,d,train-04723.jpg,0,,train-42524.jpg,4,d - 43o.jpg,d,validation-11048.jpg,1,,train-42895.jpg,4,d - 38.jpg,d,train-2808.jpg,2,,train-42697.jpg,4,d - 34.jpg,d,validation-3418.jpg,3,,train-43066.jpg,4,d - 28o.jpg,d,train-4647.jpg,4,,train-42615.jpg,4,d - 90.jpg,d,train-5544.jpg,5,,train-42986.jpg,4,d - 84o.jpg,d,train-6618.jpg,6,,train-42788.jpg,4,d - 80o.jpg,d,train-75056.jpg,7,,train-43157.jpg,4,d - 75.jpg,d,train-8646.jpg,8,,train-42601.jpg,4,d - 83o.jpg,d,train-94962.jpg,9,
train-42448.jpg,4,d - 101o.jpg,d,train-04724.jpg,0,,train-42525.jpg,4,d - 44.jpg,d,validation-11049.jpg,1,,train-42896.jpg,4,d - 38o.jpg,d,train-2809.jpg,2,,train-42698.jpg,4,d - 34o.jpg,d,validation-3419.jpg,3,,train-43067.jpg,4,d - 29.jpg,d,train-4648.jpg,4,,train-42616.jpg,4,d - 90o.jpg,d,train-5545.jpg,5,,train-42987.jpg,4,d - 85.jpg,d,train-6619.jpg,6,,train-42789.jpg,4,d - 81.jpg,d,train-75057.jpg,7,,train-43158.jpg,4,d - 75o.jpg,d,train-8647.jpg,8,,train-42602.jpg,4,d - 84.jpg,d,train-94963.jpg,9,
train-42449.jpg,4,d - 102.jpg,d,train-04725.jpg,0,,train-42526.jpg,4,d - 44o.jpg,d,validation-1105.jpg,1,,train-42897.jpg,4,d - 39.jpg,d,train-281.jpg,2,,train-42699.jpg,4,d - 35.jpg,d,validation-342.jpg,3,,train-43068.jpg,4,d - 29o.jpg,d,train-4649.jpg,4,,train-42617.jpg,4,d - 91.jpg,d,train-5546.jpg,5,,train-42988.jpg,4,d - 85o.jpg,d,train-662.jpg,6,,train-4279.jpg,4,d - 81o.jpg,d,train-75058.jpg,7,,train-43159.jpg,4,d - 76.jpg,d,train-8648.jpg,8,,train-42603.jpg,4,d - 84o.jpg,d,train-94964.jpg,9,
train-4245.jpg,4,d - 102o.jpg,d,train-04726.jpg,0,,train-42527.jpg,4,d - 45.jpg,d,validation-11050.jpg,1,,train-42898.jpg,4,d - 39o.jpg,d,train-2810.jpg,2,,train-427.jpg,4,d - 35o.jpg,d,validation-3420.jpg,3,,train-43069.jpg,4,d - 2o.jpg,d,train-465.jpg,4,,train-42618.jpg,4,d - 91o.jpg,d,train-5547.jpg,5,,train-42989.jpg,4,d - 86.jpg,d,train-6620.jpg,6,,train-42790.jpg,4,d - 82.jpg,d,train-75059.jpg,7,,train-4316.jpg,4,d - 76o.jpg,d,train-8649.jpg,8,,train-42604.jpg,4,d - 85.jpg,d,train-94965.jpg,9,
train-42450.jpg,4,d - 103.jpg,d,train-04727.jpg,0,,train-42528.jpg,4,d - 45o.jpg,d,validation-11051.jpg,1,,train-42899.jpg,4,d - 3o.jpg,d,train-2811.jpg,2,,train-4270.jpg,4,d - 36.jpg,d,validation-3421.jpg,3,,train-4307.jpg,4,d - 3.jpg,d,train-4650.jpg,4,,train-42619.jpg,4,d - 92.jpg,d,train-5548.jpg,5,,train-4299.jpg,4,d - 86o.jpg,d,train-6621.jpg,6,,train-42791.jpg,4,d - 82o.jpg,d,train-7506.jpg,7,,train-43160.jpg,4,d - 77.jpg,d,train-865.jpg,8,,train-42605.jpg,4,d - 85o.jpg,d,train-94966.jpg,9,
train-42451.jpg,4,d - 103o.jpg,d,train-04728.jpg,0,,train-42529.jpg,4,d - 46.jpg,d,validation-11052.jpg,1,,train-429.jpg,4,d - 4.jpg,d,train-2812.jpg,2,,train-42700.jpg,4,d - 36o.jpg,d,validation-3422.jpg,3,,train-43070.jpg,4,d - 30.jpg,d,train-4651.jpg,4,,train-4262.jpg,4,d - 92o.jpg,d,train-5549.jpg,5,,train-42990.jpg,4,d - 87.jpg,d,train-6622.jpg,6,,train-42792.jpg,4,d - 83.jpg,d,train-75060.jpg,7,,train-43161.jpg,4,d - 77o.jpg,d,train-8650.jpg,8,,train-42606.jpg,4,d - 86.jpg,d,train-94967.jpg,9,
train-42452.jpg,4,d - 104.jpg,d,train-04729.jpg,0,,train-4253.jpg,4,d - 46o.jpg,d,validation-11053.jpg,1,,train-4290.jpg,4,d - 40.jpg,d,train-2813.jpg,2,,train-42701.jpg,4,d - 37.jpg,d,validation-3423.jpg,3,,train-43071.jpg,4,d - 30o.jpg,d,train-4652.jpg,4,,train-42620.jpg,4,d - 93.jpg,d,train-555.jpg,5,,train-42991.jpg,4,d - 87o.jpg,d,train-6623.jpg,6,,train-42793.jpg,4,d - 83o.jpg,d,train-75061.jpg,7,,train-43162.jpg,4,d - 78.jpg,d,train-8651.jpg,8,,train-42607.jpg,4,d - 86o.jpg,d,train-94968.jpg,9,
train-42453.jpg,4,d - 104o.jpg,d,train-0473.jpg,0,,train-42530.jpg,4,d - 47.jpg,d,validation-11054.jpg,1,,train-42900.jpg,4,d - 40o.jpg,d,train-2814.jpg,2,,train-42702.jpg,4,d - 37o.jpg,d,validation-3424.jpg,3,,train-43072.jpg,4,d - 31.jpg,d,train-4653.jpg,4,,train-42621.jpg,4,d - 93o.jpg,d,train-5550.jpg,5,,train-42992.jpg,4,d - 88.jpg,d,train-6624.jpg,6,,train-42794.jpg,4,d - 84.jpg,d,train-75062.jpg,7,,train-43163.jpg,4,d - 78o.jpg,d,train-8652.jpg,8,,train-42608.jpg,4,d - 87.jpg,d,train-94969.jpg,9,
train-42454.jpg,4,d - 105.jpg,d,train-04730.jpg,0,,train-42531.jpg,4,d - 47o.jpg,d,validation-11055.jpg,1,,train-42901.jpg,4,d - 41.jpg,d,train-2815.jpg,2,,train-42703.jpg,4,d - 38.jpg,d,validation-3425.jpg,3,,train-43073.jpg,4,d - 31o.jpg,d,train-4654.jpg,4,,train-42622.jpg,4,d - 94.jpg,d,train-5551.jpg,5,,train-42993.jpg,4,d - 88o.jpg,d,train-6625.jpg,6,,train-42795.jpg,4,d - 84o.jpg,d,train-75063.jpg,7,,train-43164.jpg,4,d - 79.jpg,d,train-8653.jpg,8,,train-42609.jpg,4,d - 87o.jpg,d,train-9497.jpg,9,
train-42455.jpg,4,d - 105o.jpg,d,train-04731.jpg,0,,train-42532.jpg,4,d - 48.jpg,d,validation-11056.jpg,1,,train-42902.jpg,4,d - 41o.jpg,d,train-2816.jpg,2,,train-42704.jpg,4,d - 38o.jpg,d,validation-3426.jpg,3,,train-43074.jpg,4,d - 32.jpg,d,train-4655.jpg,4,,train-42623.jpg,4,d - 94o.jpg,d,train-5552.jpg,5,,train-42994.jpg,4,d - 89.jpg,d,train-6626.jpg,6,,train-42796.jpg,4,d - 85.jpg,d,train-75064.jpg,7,,train-43165.jpg,4,d - 79o.jpg,d,train-8654.jpg,8,,train-4261.jpg,4,d - 88.jpg,d,train-94970.jpg,9,
train-42456.jpg,4,d - 106.jpg,d,train-04732.jpg,0,,train-42533.jpg,4,d - 48o.jpg,d,validation-11057.jpg,1,,train-42903.jpg,4,d - 42.jpg,d,train-2817.jpg,2,,train-42705.jpg,4,d - 39.jpg,d,validation-3427.jpg,3,,train-43075.jpg,4,d - 32o.jpg,d,train-4656.jpg,4,,train-42624.jpg,4,d - 95.jpg,d,train-5553.jpg,5,,train-42995.jpg,4,d - 89o.jpg,d,train-6627.jpg,6,,train-42797.jpg,4,d - 85o.jpg,d,train-75065.jpg,7,,train-43166.jpg,4,d - 7o.jpg,d,train-8655.jpg,8,,train-42610.jpg,4,d - 88o.jpg,d,train-94971.jpg,9,
train-42457.jpg,4,d - 106o.jpg,d,train-04733.jpg,0,,train-42534.jpg,4,d - 49.jpg,d,validation-11058.jpg,1,,train-42904.jpg,4,d - 42o.jpg,d,train-2818.jpg,2,,train-42706.jpg,4,d - 39o.jpg,d,validation-3428.jpg,3,,train-43076.jpg,4,d - 33.jpg,d,train-4657.jpg,4,,train-42625.jpg,4,d - 95o.jpg,d,train-5554.jpg,5,,train-42996.jpg,4,d - 8o.jpg,d,train-6628.jpg,6,,train-42798.jpg,4,d - 86.jpg,d,train-75066.jpg,7,,train-43167.jpg,4,d - 8.jpg,d,train-8656.jpg,8,,train-42770.jpg,4,d - 72.jpg,d,train-94972.jpg,9,
train-42458.jpg,4,d - 107o.jpg,d,train-04734.jpg,0,,train-42535.jpg,4,d - 49o.jpg,d,validation-11059.jpg,1,,train-42905.jpg,4,d - 43.jpg,d,train-2819.jpg,2,,train-42707.jpg,4,d - 3o.jpg,d,validation-3429.jpg,3,,train-43077.jpg,4,d - 33o.jpg,d,train-4658.jpg,4,,train-42626.jpg,4,d - 96.jpg,d,train-5555.jpg,5,,train-42997.jpg,4,d - 9.jpg,d,train-6629.jpg,6,,train-42799.jpg,4,d - 86o.jpg,d,train-75067.jpg,7,,train-43168.jpg,4,d - 80.jpg,d,train-8657.jpg,8,,train-42771.jpg,4,d - 72o.jpg,d,train-94973.jpg,9,
train-42459.jpg,4,d - 108o.jpg,d,train-04735.jpg,0,,train-42536.jpg,4,d - 4o.jpg,d,validation-1106.jpg,1,,train-42906.jpg,4,d - 43o.jpg,d,train-282.jpg,2,,train-42708.jpg,4,d - 4.jpg,d,validation-343.jpg,3,,train-43078.jpg,4,d - 34.jpg,d,train-4659.jpg,4,,train-42627.jpg,4,d - 96o.jpg,d,train-5556.jpg,5,,train-42998.jpg,4,d - 90.jpg,d,train-663.jpg,6,,train-428.jpg,4,d - 87.jpg,d,train-75068.jpg,7,,train-43169.jpg,4,d - 80o.jpg,d,train-8658.jpg,8,,train-42772.jpg,4,d - 73.jpg,d,train-94974.jpg,9,
train-4246.jpg,4,d - 10o.jpg,d,train-04736.jpg,0,,train-42537.jpg,4,d - 5.jpg,d,validation-11060.jpg,1,,train-42907.jpg,4,d - 44.jpg,d,train-2820.jpg,2,,train-42709.jpg,4,d - 40.jpg,d,validation-3430.jpg,3,,train-43079.jpg,4,d - 34o.jpg,d,train-466.jpg,4,,train-42628.jpg,4,d - 97.jpg,d,train-5557.jpg,5,,train-42999.jpg,4,d - 90o.jpg,d,train-6630.jpg,6,,train-4280.jpg,4,d - 87o.jpg,d,train-75069.jpg,7,,train-4317.jpg,4,d - 81.jpg,d,train-8659.jpg,8,,train-42773.jpg,4,d - 73o.jpg,d,train-94975.jpg,9,
train-42460.jpg,4,d - 11.jpg,d,train-04737.jpg,0,,train-42538.jpg,4,d - 50.jpg,d,validation-11061.jpg,1,,train-42908.jpg,4,d - 44o.jpg,d,train-2821.jpg,2,,train-4271.jpg,4,d - 40o.jpg,d,validation-3431.jpg,3,,train-4308.jpg,4,d - 35.jpg,d,train-4660.jpg,4,,train-42629.jpg,4,d - 97o.jpg,d,train-5558.jpg,5,,train-43.jpg,4,d - 91.jpg,d,train-6631.jpg,6,,train-42800.jpg,4,d - 88.jpg,d,train-7507.jpg,7,,train-43170.jpg,4,d - 81o.jpg,d,train-866.jpg,8,,train-42774.jpg,4,d - 74.jpg,d,train-94976.jpg,9,
train-42461.jpg,4,d - 11o.jpg,d,train-04738.jpg,0,,train-42539.jpg,4,d - 50o.jpg,d,validation-11062.jpg,1,,train-42909.jpg,4,d - 45.jpg,d,train-2822.jpg,2,,train-42710.jpg,4,d - 41.jpg,d,validation-3432.jpg,3,,train-43080.jpg,4,d - 35o.jpg,d,train-4661.jpg,4,,train-4263.jpg,4,d - 98.jpg,d,train-5559.jpg,5,,train-430.jpg,4,d - 91o.jpg,d,train-6632.jpg,6,,train-42801.jpg,4,d - 88o.jpg,d,train-75070.jpg,7,,train-43171.jpg,4,d - 82.jpg,d,train-8660.jpg,8,,train-42775.jpg,4,d - 74o.jpg,d,train-94977.jpg,9,
train-42462.jpg,4,d - 12.jpg,d,train-04739.jpg,0,,train-4254.jpg,4,d - 51.jpg,d,validation-1107.jpg,1,,train-4291.jpg,4,d - 45o.jpg,d,train-2823.jpg,2,,train-42711.jpg,4,d - 41o.jpg,d,validation-3433.jpg,3,,train-43081.jpg,4,d - 36.jpg,d,train-4662.jpg,4,,train-42630.jpg,4,d - 98o.jpg,d,train-556.jpg,5,,train-4300.jpg,4,d - 92.jpg,d,train-6633.jpg,6,,train-42802.jpg,4,d - 89.jpg,d,train-75071.jpg,7,,train-43172.jpg,4,d - 82o.jpg,d,train-8661.jpg,8,,train-42776.jpg,4,d - 75.jpg,d,train-94978.jpg,9,
train-42463.jpg,4,d - 12o.jpg,d,train-0474.jpg,0,,train-42540.jpg,4,d - 51o.jpg,d,validation-1108.jpg,1,,train-42910.jpg,4,d - 46.jpg,d,train-2824.jpg,2,,train-42712.jpg,4,d - 42.jpg,d,validation-3434.jpg,3,,train-43082.jpg,4,d - 36o.jpg,d,train-4663.jpg,4,,train-42631.jpg,4,d - 99.jpg,d,train-5560.jpg,5,,train-43000.jpg,4,d - 92o.jpg,d,train-6634.jpg,6,,train-42803.jpg,4,d - 89o.jpg,d,train-75072.jpg,7,,train-43173.jpg,4,d - 83.jpg,d,train-8662.jpg,8,,train-4314.jpg,4,d - 65o.jpg,d,train-94979.jpg,9,
train-42464.jpg,4,d - 13.jpg,d,train-04740.jpg,0,,train-42541.jpg,4,d - 52.jpg,d,validation-1109.jpg,1,,train-42911.jpg,4,d - 46o.jpg,d,train-2825.jpg,2,,train-42713.jpg,4,d - 42o.jpg,d,validation-3435.jpg,3,,train-43083.jpg,4,d - 37.jpg,d,train-4664.jpg,4,,train-42632.jpg,4,d - 99o.jpg,d,train-5561.jpg,5,,train-43001.jpg,4,d - 93.jpg,d,train-6635.jpg,6,,train-42804.jpg,4,d - 8o.jpg,d,train-75073.jpg,7,,train-43174.jpg,4,d - 83o.jpg,d,train-8663.jpg,8,,train-43140.jpg,4,d - 66.jpg,d,train-9498.jpg,9,
train-42465.jpg,4,d - 13o.jpg,d,train-04741.jpg,0,,train-42542.jpg,4,d - 52o.jpg,d,validation-111.jpg,1,,train-42912.jpg,4,d - 47.jpg,d,train-2826.jpg,2,,train-42714.jpg,4,d - 43.jpg,d,validation-3436.jpg,3,,train-43084.jpg,4,d - 37o.jpg,d,train-4665.jpg,4,,train-42633.jpg,4,d - 9o.jpg,d,train-5562.jpg,5,,train-43002.jpg,4,d - 93o.jpg,d,train-6636.jpg,6,,train-42805.jpg,4,d - 9.jpg,d,train-75074.jpg,7,,train-43175.jpg,4,d - 84.jpg,d,train-8664.jpg,8,,train-43141.jpg,4,d - 66o.jpg,d,train-94980.jpg,9,
train-42466.jpg,4,d - 14.jpg,d,train-04742.jpg,0,,train-42543.jpg,4,d - 53.jpg,d,validation-1110.jpg,1,,train-42913.jpg,4,d - 47o.jpg,d,train-2827.jpg,2,,train-42715.jpg,4,d - 43o.jpg,d,validation-3437.jpg,3,,train-43085.jpg,4,d - 38.jpg,d,train-4666.jpg,4,,train-42634.jpg,4,d - 1.jpg,d,train-5563.jpg,5,,train-43003.jpg,4,d - 94.jpg,d,train-6637.jpg,6,,train-42806.jpg,4,d - 90.jpg,d,train-75075.jpg,7,,train-43176.jpg,4,d - 84o.jpg,d,train-8665.jpg,8,,train-43142.jpg,4,d - 67.jpg,d,train-94981.jpg,9,
train-42467.jpg,4,d - 14o.jpg,d,train-04743.jpg,0,,train-42544.jpg,4,d - 53o.jpg,d,validation-1111.jpg,1,,train-42914.jpg,4,d - 48.jpg,d,train-2828.jpg,2,,train-42716.jpg,4,d - 44.jpg,d,validation-3438.jpg,3,,train-43086.jpg,4,d - 38o.jpg,d,train-4667.jpg,4,,train-42635.jpg,4,d - 10.jpg,d,train-5564.jpg,5,,train-43004.jpg,4,d - 94o.jpg,d,train-6638.jpg,6,,train-42807.jpg,4,d - 90o.jpg,d,train-75076.jpg,7,,train-43177.jpg,4,d - 85.jpg,d,train-8666.jpg,8,,train-43143.jpg,4,d - 67o.jpg,d,train-94982.jpg,9,
train-42468.jpg,4,d - 15.jpg,d,train-04744.jpg,0,,train-42545.jpg,4,d - 54.jpg,d,validation-1112.jpg,1,,train-42915.jpg,4,d - 48o.jpg,d,train-2829.jpg,2,,train-42717.jpg,4,d - 44o.jpg,d,validation-3439.jpg,3,,train-43087.jpg,4,d - 39.jpg,d,train-4668.jpg,4,,train-42636.jpg,4,d - 100.jpg,d,train-5565.jpg,5,,train-43005.jpg,4,d - 95.jpg,d,train-6639.jpg,6,,train-42808.jpg,4,d - 91.jpg,d,train-75077.jpg,7,,train-43178.jpg,4,d - 85o.jpg,d,train-8667.jpg,8,,train-43144.jpg,4,d - 68.jpg,d,train-94983.jpg,9,
train-42469.jpg,4,d - 15o.jpg,d,train-04745.jpg,0,,train-42546.jpg,4,d - 54o.jpg,d,validation-1113.jpg,1,,train-42916.jpg,4,d - 49.jpg,d,train-283.jpg,2,,train-42718.jpg,4,d - 45.jpg,d,validation-344.jpg,3,,train-43088.jpg,4,d - 39o.jpg,d,train-4669.jpg,4,,train-42637.jpg,4,d - 100o.jpg,d,train-5566.jpg,5,,train-43006.jpg,4,d - 95o.jpg,d,train-664.jpg,6,,train-42809.jpg,4,d - 91o.jpg,d,train-75078.jpg,7,,train-43179.jpg,4,d - 86.jpg,d,train-8668.jpg,8,,train-43145.jpg,4,d - 68o.jpg,d,train-94984.jpg,9,
train-4247.jpg,4,d - 16.jpg,d,train-04746.jpg,0,,train-42547.jpg,4,d - 55.jpg,d,validation-1114.jpg,1,,train-42917.jpg,4,d - 49o.jpg,d,train-2830.jpg,2,,train-42719.jpg,4,d - 45o.jpg,d,validation-3440.jpg,3,,train-43089.jpg,4,d - 3o.jpg,d,train-467.jpg,4,,train-42638.jpg,4,d - 101.jpg,d,train-5567.jpg,5,,train-43007.jpg,4,d - 96.jpg,d,train-6640.jpg,6,,train-4281.jpg,4,d - 92.jpg,d,train-75079.jpg,7,,train-4318.jpg,4,d - 86o.jpg,d,train-8669.jpg,8,,train-43147.jpg,4,d - 7.jpg,d,train-94985.jpg,9,
train-42470.jpg,4,d - 16o.jpg,d,train-04747.jpg,0,,train-42548.jpg,4,d - 55o.jpg,d,validation-1115.jpg,1,,train-42918.jpg,4,d - 4o.jpg,d,train-2831.jpg,2,,train-4272.jpg,4,d - 46.jpg,d,validation-3441.jpg,3,,train-4309.jpg,4,d - 4.jpg,d,train-4670.jpg,4,,train-42639.jpg,4,d - 101o.jpg,d,train-5568.jpg,5,,train-43008.jpg,4,d - 96o.jpg,d,train-6641.jpg,6,,train-42810.jpg,4,d - 92o.jpg,d,train-7508.jpg,7,,train-43180.jpg,4,d - 87.jpg,d,train-867.jpg,8,,train-43148.jpg,4,d - 70.jpg,d,train-94986.jpg,9,
train-42471.jpg,4,d - 17.jpg,d,train-04748.jpg,0,,train-42549.jpg,4,d - 56.jpg,d,validation-1116.jpg,1,,train-42919.jpg,4,d - 5.jpg,d,train-2832.jpg,2,,train-42720.jpg,4,d - 46o.jpg,d,validation-3442.jpg,3,,train-43090.jpg,4,d - 40.jpg,d,train-4671.jpg,4,,train-4264.jpg,4,d - 102.jpg,d,train-5569.jpg,5,,train-43009.jpg,4,d - 97.jpg,d,train-6642.jpg,6,,train-42811.jpg,4,d - 93.jpg,d,train-75080.jpg,7,,train-43181.jpg,4,d - 87o.jpg,d,train-8670.jpg,8,,train-43149.jpg,4,d - 70o.jpg,d,train-9499.jpg,9,
train-42472.jpg,4,d - 17o.jpg,d,train-04749.jpg,0,,train-4255.jpg,4,d - 56o.jpg,d,validation-1117.jpg,1,,train-4292.jpg,4,d - 50.jpg,d,train-2833.jpg,2,,train-42721.jpg,4,d - 47.jpg,d,validation-3443.jpg,3,,train-43091.jpg,4,d - 40o.jpg,d,train-4672.jpg,4,,train-42640.jpg,4,d - 102o.jpg,d,train-557.jpg,5,,train-4301.jpg,4,d - 97o.jpg,d,train-6643.jpg,6,,train-42812.jpg,4,d - 93o.jpg,d,train-75081.jpg,7,,train-43182.jpg,4,d - 88.jpg,d,train-8671.jpg,8,,train-4315.jpg,4,d - 71.jpg,d,train-95.jpg,9,
train-42473.jpg,4,d - 18.jpg,d,train-0475.jpg,0,,train-42550.jpg,4,d - 57.jpg,d,validation-1118.jpg,1,,train-42920.jpg,4,d - 50o.jpg,d,train-2834.jpg,2,,train-42722.jpg,4,d - 47o.jpg,d,validation-3444.jpg,3,,train-43092.jpg,4,d - 41.jpg,d,train-4673.jpg,4,,train-42641.jpg,4,d - 103.jpg,d,train-5570.jpg,5,,train-43010.jpg,4,d - 98.jpg,d,train-6644.jpg,6,,train-42813.jpg,4,d - 94.jpg,d,train-75082.jpg,7,,train-43183.jpg,4,d - 88o.jpg,d,train-8672.jpg,8,,train-43150.jpg,4,d - 71o.jpg,d,train-950.jpg,9,
train-42474.jpg,4,d - 18o.jpg,d,train-04750.jpg,0,,train-42551.jpg,4,d - 57o.jpg,d,validation-1119.jpg,1,,train-42921.jpg,4,d - 51.jpg,d,train-2835.jpg,2,,train-42723.jpg,4,d - 48.jpg,d,validation-3445.jpg,3,,train-43093.jpg,4,d - 41o.jpg,d,train-4674.jpg,4,,train-42642.jpg,4,d - 103o.jpg,d,train-5571.jpg,5,,train-43011.jpg,4,d - 98o.jpg,d,train-6645.jpg,6,,train-42814.jpg,4,d - 94o.jpg,d,train-75083.jpg,7,,train-43184.jpg,4,d - 89.jpg,d,train-8673.jpg,8,,train-43151.jpg,4,d - 72.jpg,d,train-9500.jpg,9,
train-42475.jpg,4,d - 19.jpg,d,train-04751.jpg,0,,train-42552.jpg,4,d - 58.jpg,d,validation-112.jpg,1,,train-42922.jpg,4,d - 51o.jpg,d,train-2836.jpg,2,,train-42724.jpg,4,d - 48o.jpg,d,validation-3446.jpg,3,,train-43094.jpg,4,d - 42.jpg,d,train-4675.jpg,4,,train-42643.jpg,4,d - 104.jpg,d,train-5572.jpg,5,,train-43012.jpg,4,d - 99.jpg,d,train-6646.jpg,6,,train-42815.jpg,4,d - 95.jpg,d,train-75084.jpg,7,,train-43185.jpg,4,d - 89o.jpg,d,train-8674.jpg,8,,train-43152.jpg,4,d - 72o.jpg,d,train-9501.jpg,9,
train-42476.jpg,4,d - 19o.jpg,d,train-04752.jpg,0,,train-42553.jpg,4,d - 58o.jpg,d,validation-1120.jpg,1,,train-42923.jpg,4,d - 52.jpg,d,train-2837.jpg,2,,train-42725.jpg,4,d - 49.jpg,d,validation-3447.jpg,3,,train-43095.jpg,4,d - 42o.jpg,d,train-4676.jpg,4,,train-42644.jpg,4,d - 104o.jpg,d,train-5573.jpg,5,,train-43013.jpg,4,d - 99o.jpg,d,train-6647.jpg,6,,train-42816.jpg,4,d - 95o.jpg,d,train-75085.jpg,7,,train-43186.jpg,4,d - 8o.jpg,d,train-8675.jpg,8,,train-42777.jpg,4,d - 75o.jpg,d,train-9502.jpg,9,
train-42477.jpg,4,d - 1o.jpg,d,train-04753.jpg,0,,train-42554.jpg,4,d - 59.jpg,d,validation-1121.jpg,1,,train-42924.jpg,4,d - 52o.jpg,d,train-2838.jpg,2,,train-42726.jpg,4,d - 49o.jpg,d,validation-3448.jpg,3,,train-43096.jpg,4,d - 43.jpg,d,train-4677.jpg,4,,train-42645.jpg,4,d - 105.jpg,d,train-5574.jpg,5,,train-43014.jpg,4,d - 9o.jpg,d,train-6648.jpg,6,,train-42817.jpg,4,d - 96.jpg,d,train-75086.jpg,7,,train-43187.jpg,4,d - 9.jpg,d,train-8676.jpg,8,,train-42778.jpg,4,d - 76.jpg,d,train-9503.jpg,9,
train-42478.jpg,4,d - 2.jpg,d,train-04754.jpg,0,,train-42555.jpg,4,d - 59o.jpg,d,validation-1122.jpg,1,,train-42925.jpg,4,d - 53.jpg,d,train-2839.jpg,2,,train-42727.jpg,4,d - 4o.jpg,d,validation-3449.jpg,3,,train-43097.jpg,4,d - 43o.jpg,d,train-4678.jpg,4,,train-42646.jpg,4,d - 105o.jpg,d,train-5575.jpg,5,,train-43015.jpg,4,d - 1.jpg,d,train-6649.jpg,6,,train-42818.jpg,4,d - 96o.jpg,d,train-75087.jpg,7,,train-43188.jpg,4,d - 90.jpg,d,train-8677.jpg,8,,train-42779.jpg,4,d - 76o.jpg,d,train-9504.jpg,9,
train-42479.jpg,4,d - 20.jpg,d,train-04755.jpg,0,,train-42556.jpg,4,d - 5o.jpg,d,validation-1123.jpg,1,,train-42926.jpg,4,d - 53o.jpg,d,train-284.jpg,2,,train-42728.jpg,4,d - 5.jpg,d,validation-345.jpg,3,,train-43098.jpg,4,d - 44.jpg,d,train-4679.jpg,4,,train-42647.jpg,4,d - 106.jpg,d,train-5576.jpg,5,,train-43016.jpg,4,d - 10.jpg,d,train-665.jpg,6,,train-42819.jpg,4,d - 97.jpg,d,train-75088.jpg,7,,train-43189.jpg,4,d - 90o.jpg,d,train-8678.jpg,8,,train-4278.jpg,4,d - 77.jpg,d,train-9505.jpg,9,
train-4248.jpg,4,d - 20o.jpg,d,train-04756.jpg,0,,train-42557.jpg,4,d - 6.jpg,d,validation-1124.jpg,1,,train-42927.jpg,4,d - 54.jpg,d,train-2840.jpg,2,,train-42729.jpg,4,d - 50.jpg,d,validation-3450.jpg,3,,train-43099.jpg,4,d - 44o.jpg,d,train-468.jpg,4,,train-42648.jpg,4,d - 106o.jpg,d,train-5577.jpg,5,,train-43017.jpg,4,d - 100.jpg,d,train-6650.jpg,6,,train-4282.jpg,4,d - 97o.jpg,d,train-75089.jpg,7,,train-4319.jpg,4,d - 91.jpg,d,train-8679.jpg,8,,train-42780.jpg,4,d - 77o.jpg,d,train-9506.jpg,9,
train-42480.jpg,4,d - 21.jpg,d,train-04757.jpg,0,,train-42558.jpg,4,d - 60.jpg,d,validation-1125.jpg,1,,train-42928.jpg,4,d - 54o.jpg,d,train-2841.jpg,2,,train-4273.jpg,4,d - 50o.jpg,d,validation-3451.jpg,3,,train-431.jpg,4,d - 45.jpg,d,train-4680.jpg,4,,train-42649.jpg,4,d - 107o.jpg,d,train-5578.jpg,5,,train-43018.jpg,4,d - 100o.jpg,d,train-6651.jpg,6,,train-42820.jpg,4,d - 98.jpg,d,train-7509.jpg,7,,train-43190.jpg,4,d - 91o.jpg,d,train-868.jpg,8,,train-42781.jpg,4,d - 78.jpg,d,train-9507.jpg,9,
train-42481.jpg,4,d - 21o.jpg,d,train-04758.jpg,0,,train-42559.jpg,4,d - 60o.jpg,d,validation-1126.jpg,1,,train-42929.jpg,4,d - 55.jpg,d,train-2842.jpg,2,,train-42730.jpg,4,d - 51.jpg,d,validation-3452.jpg,3,,train-4310.jpg,4,d - 45o.jpg,d,train-4681.jpg,4,,train-4265.jpg,4,d - 108o.jpg,d,train-5579.jpg,5,,train-43019.jpg,4,d - 101.jpg,d,train-6652.jpg,6,,train-42821.jpg,4,d - 98o.jpg,d,train-75090.jpg,7,,train-43191.jpg,4,d - 92.jpg,d,train-8680.jpg,8,,train-42782.jpg,4,d - 78o.jpg,d,train-9508.jpg,9,
train-42482.jpg,4,d - 22.jpg,d,train-04759.jpg,0,,train-4256.jpg,4,d - 61.jpg,d,validation-1127.jpg,1,,train-4293.jpg,4,d - 55o.jpg,d,train-2843.jpg,2,,train-42731.jpg,4,d - 51o.jpg,d,validation-3453.jpg,3,,train-43100.jpg,4,d - 46.jpg,d,train-4682.jpg,4,,train-42650.jpg,4,d - 10o.jpg,d,train-558.jpg,5,,train-4302.jpg,4,d - 101o.jpg,d,train-6653.jpg,6,,train-42822.jpg,4,d - 99.jpg,d,train-75091.jpg,7,,train-43192.jpg,4,d - 92o.jpg,d,train-8681.jpg,8,,train-42783.jpg,4,d - 79.jpg,d,train-9509.jpg,9,
train-42483.jpg,4,d - 22o.jpg,d,train-0476.jpg,0,,train-42560.jpg,4,d - 61o.jpg,d,validation-1128.jpg,1,,train-42930.jpg,4,d - 56.jpg,d,train-2844.jpg,2,,train-42732.jpg,4,d - 52.jpg,d,validation-3454.jpg,3,,train-43101.jpg,4,d - 46o.jpg,d,train-4683.jpg,4,,train-42651.jpg,4,d - 11.jpg,d,train-5580.jpg,5,,train-43020.jpg,4,d - 102.jpg,d,train-6654.jpg,6,,train-42823.jpg,4,d - 99o.jpg,d,train-75092.jpg,7,,train-43193.jpg,4,d - 93.jpg,d,train-8682.jpg,8,,train-43146.jpg,4,d - 6o.jpg,d,train-951.jpg,9,
train-42484.jpg,4,d - 23.jpg,d,train-04760.jpg,0,,train-42561.jpg,4,d - 62.jpg,d,validation-1129.jpg,1,,train-42931.jpg,4,d - 56o.jpg,d,train-2845.jpg,2,,train-42733.jpg,4,d - 52o.jpg,d,validation-3455.jpg,3,,train-43102.jpg,4,d - 47.jpg,d,train-4684.jpg,4,,train-42652.jpg,4,d - 11o.jpg,d,train-5581.jpg,5,,train-43021.jpg,4,d - 102o.jpg,d,train-6655.jpg,6,,train-42824.jpg,4,d - 9o.jpg,d,train-75093.jpg,7,,train-43194.jpg,4,d - 93o.jpg,d,train-8683.jpg,8,,train-42969.jpg,4,d - 76.jpg,d,train-9510.jpg,9,
train-42485.jpg,4,d - 23o.jpg,d,train-04761.jpg,0,,train-42562.jpg,4,d - 62o.jpg,d,validation-113.jpg,1,,train-42932.jpg,4,d - 57.jpg,d,train-2846.jpg,2,,train-42734.jpg,4,d - 53.jpg,d,validation-3456.jpg,3,,train-43103.jpg,4,d - 47o.jpg,d,train-4685.jpg,4,,train-42653.jpg,4,d - 12.jpg,d,train-5582.jpg,5,,train-43022.jpg,4,d - 103.jpg,d,train-6656.jpg,6,,train-42825.jpg,4,d - 1.jpg,d,train-75094.jpg,7,,train-43195.jpg,4,d - 94.jpg,d,train-8684.jpg,8,,train-4297.jpg,4,d - 76o.jpg,d,train-9511.jpg,9,
train-42486.jpg,4,d - 24.jpg,d,train-04762.jpg,0,,train-42563.jpg,4,d - 63.jpg,d,validation-1130.jpg,1,,train-42933.jpg,4,d - 57o.jpg,d,train-2847.jpg,2,,train-42735.jpg,4,d - 53o.jpg,d,validation-3457.jpg,3,,train-43104.jpg,4,d - 48.jpg,d,train-4686.jpg,4,,train-42654.jpg,4,d - 12o.jpg,d,train-5583.jpg,5,,train-43023.jpg,4,d - 103o.jpg,d,train-6657.jpg,6,,train-42826.jpg,4,d - 10.jpg,d,train-75095.jpg,7,,train-43196.jpg,4,d - 94o.jpg,d,train-8685.jpg,8,,train-42970.jpg,4,d - 77.jpg,d,train-9512.jpg,9,
train-42487.jpg,4,d - 24o.jpg,d,train-04763.jpg,0,,train-42564.jpg,4,d - 63o.jpg,d,validation-1131.jpg,1,,train-42934.jpg,4,d - 58.jpg,d,train-2848.jpg,2,,train-42736.jpg,4,d - 54.jpg,d,validation-3458.jpg,3,,train-43105.jpg,4,d - 48o.jpg,d,train-4687.jpg,4,,train-42655.jpg,4,d - 13.jpg,d,train-5584.jpg,5,,train-43024.jpg,4,d - 104.jpg,d,train-6658.jpg,6,,train-42827.jpg,4,d - 100.jpg,d,train-75096.jpg,7,,train-43197.jpg,4,d - 95.jpg,d,train-8686.jpg,8,,train-42971.jpg,4,d - 77o.jpg,d,train-9513.jpg,9,
train-42488.jpg,4,d - 25.jpg,d,train-04764.jpg,0,,train-42565.jpg,4,d - 64.jpg,d,validation-1132.jpg,1,,train-42935.jpg,4,d - 58o.jpg,d,train-2849.jpg,2,,train-42737.jpg,4,d - 54o.jpg,d,validation-3459.jpg,3,,train-43106.jpg,4,d - 49.jpg,d,train-4688.jpg,4,,train-42656.jpg,4,d - 13o.jpg,d,train-5585.jpg,5,,train-43025.jpg,4,d - 104o.jpg,d,train-6735.jpg,6,,train-42828.jpg,4,d - 100o.jpg,d,train-75097.jpg,7,,train-43198.jpg,4,d - 95o.jpg,d,train-8687.jpg,8,,train-42972.jpg,4,d - 78.jpg,d,train-9514.jpg,9,
train-42489.jpg,4,d - 25o.jpg,d,train-04765.jpg,0,,train-42566.jpg,4,d - 64o.jpg,d,validation-1133.jpg,1,,train-42936.jpg,4,d - 59.jpg,d,train-285.jpg,2,,train-42738.jpg,4,d - 55.jpg,d,validation-346.jpg,3,,train-43107.jpg,4,d - 49o.jpg,d,train-4689.jpg,4,,train-42657.jpg,4,d - 14.jpg,d,train-5586.jpg,5,,train-43026.jpg,4,d - 105.jpg,d,train-6736.jpg,6,,train-42829.jpg,4,d - 101.jpg,d,train-75098.jpg,7,,train-43199.jpg,4,d - 96.jpg,d,train-8688.jpg,8,,train-42973.jpg,4,d - 78o.jpg,d,train-9515.jpg,9,
train-4249.jpg,4,d - 26.jpg,d,train-04766.jpg,0,,train-42567.jpg,4,d - 65.jpg,d,validation-1134.jpg,1,,train-42937.jpg,4,d - 59o.jpg,d,train-2850.jpg,2,,train-42739.jpg,4,d - 55o.jpg,d,validation-3460.jpg,3,,train-43108.jpg,4,d - 4o.jpg,d,train-469.jpg,4,,train-42658.jpg,4,d - 14o.jpg,d,train-5587.jpg,5,,train-43027.jpg,4,d - 105o.jpg,d,train-6737.jpg,6,,train-4283.jpg,4,d - 101o.jpg,d,train-75099.jpg,7,,train-432.jpg,4,d - 96o.jpg,d,train-8689.jpg,8,,train-42974.jpg,4,d - 79.jpg,d,train-9516.jpg,9,
train-42490.jpg,4,d - 26o.jpg,d,train-04767.jpg,0,,train-42568.jpg,4,d - 65o.jpg,d,validation-1135.jpg,1,,train-42938.jpg,4,d - 5o.jpg,d,train-2851.jpg,2,,train-4274.jpg,4,d - 56.jpg,d,validation-3461.jpg,3,,train-43109.jpg,4,d - 5.jpg,d,train-4690.jpg,4,,train-42659.jpg,4,d - 15.jpg,d,train-5588.jpg,5,,train-43028.jpg,4,d - 106.jpg,d,train-6738.jpg,6,,train-42830.jpg,4,d - 102.jpg,d,train-751.jpg,7,,train-4320.jpg,4,d - 97.jpg,d,train-869.jpg,8,,train-42975.jpg,4,d - 79o.jpg,d,train-9517.jpg,9,
train-42491.jpg,4,d - 27.jpg,d,train-04768.jpg,0,,train-42569.jpg,4,d - 66.jpg,d,validation-1136.jpg,1,,train-42939.jpg,4,d - 6.jpg,d,train-2852.jpg,2,,train-42740.jpg,4,d - 56o.jpg,d,validation-3462.jpg,3,,train-4311.jpg,4,d - 50.jpg,d,train-4691.jpg,4,,train-4266.jpg,4,d - 15o.jpg,d,train-5589.jpg,5,,train-43029.jpg,4,d - 106o.jpg,d,train-6739.jpg,6,,train-42831.jpg,4,d - 102o.jpg,d,train-7510.jpg,7,,train-43200.jpg,4,d - 97o.jpg,d,train-8690.jpg,8,,train-42976.jpg,4,d - 7o.jpg,d,train-9518.jpg,9,
train-42492.jpg,4,d - 27o.jpg,d,train-04769.jpg,0,,train-4257.jpg,4,d - 66o.jpg,d,validation-1137.jpg,1,,train-4294.jpg,4,d - 60.jpg,d,train-2853.jpg,2,,train-42741.jpg,4,d - 57.jpg,d,validation-3463.jpg,3,,train-43110.jpg,4,d - 50o.jpg,d,train-4692.jpg,4,,train-42660.jpg,4,d - 16.jpg,d,train-559.jpg,5,,train-4303.jpg,4,d - 107o.jpg,d,train-674.jpg,6,,train-42832.jpg,4,d - 103.jpg,d,train-75100.jpg,7,,train-43201.jpg,4,d - 98.jpg,d,train-8691.jpg,8,,train-42977.jpg,4,d - 8.jpg,d,train-9519.jpg,9,
train-42493.jpg,4,d - 28.jpg,d,train-0477.jpg,0,,train-42570.jpg,4,d - 67.jpg,d,validation-1138.jpg,1,,train-42940.jpg,4,d - 60o.jpg,d,train-2854.jpg,2,,train-42742.jpg,4,d - 57o.jpg,d,validation-3464.jpg,3,,train-43111.jpg,4,d - 51.jpg,d,train-4693.jpg,4,,train-42661.jpg,4,d - 16o.jpg,d,train-5590.jpg,5,,train-43030.jpg,4,d - 108o.jpg,d,train-6740.jpg,6,,train-42833.jpg,4,d - 103o.jpg,d,train-75101.jpg,7,,train-43202.jpg,4,d - 98o.jpg,d,train-8692.jpg,8,,train-42978.jpg,4,d - 80.jpg,d,train-952.jpg,9,
train-42494.jpg,4,d - 28o.jpg,d,train-04770.jpg,0,,train-42571.jpg,4,d - 67o.jpg,d,validation-1139.jpg,1,,train-42941.jpg,4,d - 61.jpg,d,train-2855.jpg,2,,train-42743.jpg,4,d - 58.jpg,d,validation-3465.jpg,3,,train-43112.jpg,4,d - 51o.jpg,d,train-4694.jpg,4,,train-42662.jpg,4,d - 17.jpg,d,train-5591.jpg,5,,train-43031.jpg,4,d - 10o.jpg,d,train-6741.jpg,6,,train-42834.jpg,4,d - 104.jpg,d,train-75102.jpg,7,,train-43203.jpg,4,d - 99.jpg,d,train-8693.jpg,8,,train-42979.jpg,4,d - 80o.jpg,d,train-9520.jpg,9,
train-42495.jpg,4,d - 29.jpg,d,train-04771.jpg,0,,train-42572.jpg,4,d - 68.jpg,d,validation-114.jpg,1,,train-42942.jpg,4,d - 61o.jpg,d,train-2856.jpg,2,,train-42744.jpg,4,d - 58o.jpg,d,validation-3466.jpg,3,,train-43113.jpg,4,d - 52.jpg,d,train-4695.jpg,4,,train-42663.jpg,4,d - 17o.jpg,d,train-5592.jpg,5,,train-43032.jpg,4,d - 11.jpg,d,train-6742.jpg,6,,train-42835.jpg,4,d - 104o.jpg,d,train-75103.jpg,7,,train-43204.jpg,4,d - 99o.jpg,d,train-8694.jpg,8,,train-4298.jpg,4,d - 81.jpg,d,train-9521.jpg,9,
train-42496.jpg,4,d - 29o.jpg,d,train-04772.jpg,0,,train-42573.jpg,4,d - 68o.jpg,d,validation-1140.jpg,1,,train-42943.jpg,4,d - 62.jpg,d,train-2857.jpg,2,,train-42745.jpg,4,d - 59.jpg,d,validation-3467.jpg,3,,train-43114.jpg,4,d - 52o.jpg,d,train-4696.jpg,4,,train-42664.jpg,4,d - 18.jpg,d,train-5593.jpg,5,,train-43033.jpg,4,d - 11o.jpg,d,train-6743.jpg,6,,train-42836.jpg,4,d - 105.jpg,d,train-75104.jpg,7,,train-43205.jpg,4,d - 9o.jpg,d,train-8695.jpg,8,,train-42980.jpg,4,d - 81o.jpg,d,train-9522.jpg,9,
train-42497.jpg,4,d - 2o.jpg,d,train-04773.jpg,0,,train-42574.jpg,4,d - 6o.jpg,d,validation-1141.jpg,1,,train-42944.jpg,4,d - 62o.jpg,d,train-2858.jpg,2,,train-42746.jpg,4,d - 59o.jpg,d,validation-3468.jpg,3,,train-43115.jpg,4,d - 53.jpg,d,train-4697.jpg,4,,train-42665.jpg,4,d - 18o.jpg,d,train-5594.jpg,5,,train-43034.jpg,4,d - 12.jpg,d,train-6744.jpg,6,,train-42837.jpg,4,d - 105o.jpg,d,train-75105.jpg,7,,train-43206.jpg,4,d - 1.jpg,d,train-8696.jpg,8,,train-42981.jpg,4,d - 82.jpg,d,train-9523.jpg,9,
train-42498.jpg,4,d - 3.jpg,d,train-04774.jpg,0,,train-42575.jpg,4,d - 7.jpg,d,validation-1142.jpg,1,,train-42945.jpg,4,d - 63.jpg,d,train-2859.jpg,2,,train-42747.jpg,4,d - 5o.jpg,d,validation-3469.jpg,3,,train-43116.jpg,4,d - 53o.jpg,d,train-4698.jpg,4,,train-42666.jpg,4,d - 19.jpg,d,train-5595.jpg,5,,train-43035.jpg,4,d - 12o.jpg,d,train-6745.jpg,6,,train-42838.jpg,4,d - 106.jpg,d,train-75106.jpg,7,,train-43207.jpg,4,d - 10.jpg,d,train-8697.jpg,8,,train-4269.jpg,4,d - 30.jpg,d,train-9524.jpg,9,
train-42499.jpg,4,d - 30.jpg,d,train-04775.jpg,0,,train-42576.jpg,4,d - 70.jpg,d,validation-1143.jpg,1,,train-42946.jpg,4,d - 63o.jpg,d,train-286.jpg,2,,train-42748.jpg,4,d - 6.jpg,d,validation-347.jpg,3,,train-43117.jpg,4,d - 54.jpg,d,train-4699.jpg,4,,train-42667.jpg,4,d - 19o.jpg,d,train-5596.jpg,5,,train-43036.jpg,4,d - 13.jpg,d,train-6746.jpg,6,,train-42839.jpg,4,d - 106o.jpg,d,train-75107.jpg,7,,train-43208.jpg,4,d - 100.jpg,d,train-8698.jpg,8,,train-42690.jpg,4,d - 30o.jpg,d,train-9525.jpg,9,
train-425.jpg,4,d - 30o.jpg,d,train-04776.jpg,0,,train-42577.jpg,4,d - 70o.jpg,d,validation-1144.jpg,1,,train-42947.jpg,4,d - 64.jpg,d,train-2860.jpg,2,,train-42749.jpg,4,d - 60.jpg,d,validation-3470.jpg,3,,train-43118.jpg,4,d - 54o.jpg,d,train-47.jpg,4,,train-42668.jpg,4,d - 1o.jpg,d,train-5597.jpg,5,,train-43037.jpg,4,d - 13o.jpg,d,train-6747.jpg,6,,train-4284.jpg,4,d - 107o.jpg,d,train-75108.jpg,7,,train-43209.jpg,4,d - 100o.jpg,d,train-8699.jpg,8,,train-42691.jpg,4,d - 31.jpg,d,train-9526.jpg,9,
train-4250.jpg,4,d - 31.jpg,d,train-04777.jpg,0,,train-42578.jpg,4,d - 71.jpg,d,validation-1145.jpg,1,,train-42948.jpg,4,d - 64o.jpg,d,train-2861.jpg,2,,train-4275.jpg,4,d - 60o.jpg,d,validation-3471.jpg,3,,train-43119.jpg,4,d - 55.jpg,d,train-470.jpg,4,,train-42669.jpg,4,d - 2.jpg,d,train-5598.jpg,5,,train-43038.jpg,4,d - 14.jpg,d,train-6748.jpg,6,,train-42840.jpg,4,d - 108o.jpg,d,train-75109.jpg,7,,train-4321.jpg,4,d - 101.jpg,d,train-87.jpg,8,,train-42692.jpg,4,d - 31o.jpg,d,train-9527.jpg,9,
train-42500.jpg,4,d - 31o.jpg,d,train-04778.jpg,0,,train-42579.jpg,4,d - 71o.jpg,d,validation-1146.jpg,1,,train-42949.jpg,4,d - 65.jpg,d,train-2862.jpg,2,,train-42750.jpg,4,d - 61.jpg,d,validation-3472.jpg,3,,train-4312.jpg,4,d - 55o.jpg,d,train-4700.jpg,4,,train-4267.jpg,4,d - 20.jpg,d,train-5599.jpg,5,,train-43039.jpg,4,d - 14o.jpg,d,train-6749.jpg,6,,train-42841.jpg,4,d - 10o.jpg,d,train-7511.jpg,7,,train-43210.jpg,4,d - 101o.jpg,d,train-870.jpg,8,,train-42868.jpg,4,d - 24.jpg,d,train-9528.jpg,9,
train-42501.jpg,4,d - 32.jpg,d,train-04779.jpg,0,,train-4258.jpg,4,d - 72.jpg,d,validation-1147.jpg,1,,train-4295.jpg,4,d - 65o.jpg,d,train-2863.jpg,2,,train-42751.jpg,4,d - 61o.jpg,d,validation-3473.jpg,3,,train-43120.jpg,4,d - 56.jpg,d,train-4701.jpg,4,,train-42670.jpg,4,d - 20o.jpg,d,train-56.jpg,5,,train-4304.jpg,4,d - 15.jpg,d,train-675.jpg,6,,train-42842.jpg,4,d - 11.jpg,d,train-75110.jpg,7,,train-43211.jpg,4,d - 102.jpg,d,train-8700.jpg,8,,train-42869.jpg,4,d - 24o.jpg,d,train-9529.jpg,9,
train-42502.jpg,4,d - 32o.jpg,d,train-0478.jpg,0,,train-42580.jpg,4,d - 72o.jpg,d,validation-1148.jpg,1,,train-42950.jpg,4,d - 66.jpg,d,train-2864.jpg,2,,train-42752.jpg,4,d - 62.jpg,d,validation-3474.jpg,3,,train-43121.jpg,4,d - 56o.jpg,d,train-4702.jpg,4,,train-42671.jpg,4,d - 21.jpg,d,train-560.jpg,5,,train-43040.jpg,4,d - 15o.jpg,d,train-6750.jpg,6,,train-42843.jpg,4,d - 11o.jpg,d,train-75111.jpg,7,,train-43212.jpg,4,d - 102o.jpg,d,validation-8956.jpg,8,,train-4287.jpg,4,d - 25.jpg,d,train-953.jpg,9,
train-42503.jpg,4,d - 33.jpg,d,train-04780.jpg,0,,train-42581.jpg,4,d - 73.jpg,d,validation-1149.jpg,1,,train-42951.jpg,4,d - 66o.jpg,d,train-2865.jpg,2,,train-42753.jpg,4,d - 62o.jpg,d,validation-3475.jpg,3,,train-43122.jpg,4,d - 57.jpg,d,train-4703.jpg,4,,train-42672.jpg,4,d - 21o.jpg,d,train-5600.jpg,5,,train-43041.jpg,4,d - 16.jpg,d,train-6751.jpg,6,,train-42844.jpg,4,d - 12.jpg,d,train-75112.jpg,7,,train-43213.jpg,4,d - 103.jpg,d,validation-8957.jpg,8,,train-43059.jpg,4,d - 24o.jpg,d,train-9530.jpg,9,
train-42504.jpg,4,d - 33o.jpg,d,train-04781.jpg,0,,train-42582.jpg,4,d - 73o.jpg,d,validation-115.jpg,1,,train-42952.jpg,4,d - 67.jpg,d,train-2866.jpg,2,,train-42754.jpg,4,d - 63.jpg,d,validation-3476.jpg,3,,train-43123.jpg,4,d - 57o.jpg,d,train-44760.jpg,4,,train-42673.jpg,4,d - 22.jpg,d,train-5601.jpg,5,,train-43042.jpg,4,d - 16o.jpg,d,train-6752.jpg,6,,train-42845.jpg,4,d - 12o.jpg,d,train-75113.jpg,7,,train-43214.jpg,4,d - 103o.jpg,d,validation-8958.jpg,8,,train-4306.jpg,4,d - 25.jpg,d,train-9531.jpg,9,
train-42505.jpg,4,d - 34.jpg,d,train-04782.jpg,0,,train-42583.jpg,4,d - 74.jpg,d,validation-1150.jpg,1,,train-42953.jpg,4,d - 67o.jpg,d,train-2867.jpg,2,,train-42755.jpg,4,d - 63o.jpg,d,validation-3477.jpg,3,,train-43124.jpg,4,d - 58.jpg,d,train-44761.jpg,4,,train-42674.jpg,4,d - 22o.jpg,d,train-5602.jpg,5,,train-43043.jpg,4,d - 17.jpg,d,train-6733.jpg,6,,train-42846.jpg,4,d - 13.jpg,d,train-75114.jpg,7,,train-43215.jpg,4,d - 104.jpg,d,validation-8959.jpg,8,,train-43060.jpg,4,d - 25o.jpg,d,train-9532.jpg,9,
train-42506.jpg,4,d - 34o.jpg,d,train-04783.jpg,0,,train-42584.jpg,4,d - 74o.jpg,d,validation-1151.jpg,1,,train-42954.jpg,4,d - 68.jpg,d,train-2868.jpg,2,,train-42756.jpg,4,d - 64.jpg,d,validation-3478.jpg,3,,train-43125.jpg,4,d - 58o.jpg,d,train-44762.jpg,4,,train-42675.jpg,4,d - 23.jpg,d,train-5603.jpg,5,,train-43044.jpg,4,d - 17o.jpg,d,train-64533.jpg,6,,train-42847.jpg,4,d - 13o.jpg,d,train-75115.jpg,7,,train-43216.jpg,4,d - 104o.jpg,d,validation-896.jpg,8,,train-43061.jpg,4,d - 26.jpg,d,train-9533.jpg,9,
train-42507.jpg,4,d - 35.jpg,d,train-04784.jpg,0,,train-42585.jpg,4,d - 75.jpg,d,validation-1152.jpg,1,,train-42955.jpg,4,d - 68o.jpg,d,train-2869.jpg,2,,train-42757.jpg,4,d - 64o.jpg,d,validation-3479.jpg,3,,train-43126.jpg,4,d - 59.jpg,d,train-44763.jpg,4,,train-42676.jpg,4,d - 23o.jpg,d,train-5604.jpg,5,,train-43045.jpg,4,d - 18.jpg,d,train-64534.jpg,6,,train-42848.jpg,4,d - 14.jpg,d,train-75116.jpg,7,,train-43217.jpg,4,d - 105.jpg,d,validation-8960.jpg,8,,train-42888.jpg,4,d - 34.jpg,d,train-9534.jpg,9,
train-42508.jpg,4,d - 35o.jpg,d,train-04785.jpg,0,,train-42586.jpg,4,d - 75o.jpg,d,validation-1153.jpg,1,,train-42956.jpg,4,d - 6o.jpg,d,train-287.jpg,2,,train-42758.jpg,4,d - 65.jpg,d,validation-348.jpg,3,,train-43127.jpg,4,d - 59o.jpg,d,train-44764.jpg,4,,train-42677.jpg,4,d - 24.jpg,d,train-5605.jpg,5,,train-43046.jpg,4,d - 18o.jpg,d,train-64535.jpg,6,,train-42849.jpg,4,d - 14o.jpg,d,train-75117.jpg,7,,train-43218.jpg,4,d - 105o.jpg,d,validation-8961.jpg,8,,train-42889.jpg,4,d - 34o.jpg,d,train-9535.jpg,9,
train-42509.jpg,4,d - 36.jpg,d,train-04786.jpg,0,,train-42587.jpg,4,d - 76.jpg,d,validation-1154.jpg,1,,train-42957.jpg,4,d - 7.jpg,d,train-2870.jpg,2,,train-42759.jpg,4,d - 65o.jpg,d,validation-3480.jpg,3,,train-43128.jpg,4,d - 5o.jpg,d,train-44765.jpg,4,,train-42678.jpg,4,d - 24o.jpg,d,train-5606.jpg,5,,train-43047.jpg,4,d - 19.jpg,d,train-64536.jpg,6,,train-4285.jpg,4,d - 15.jpg,d,train-75118.jpg,7,,train-43219.jpg,4,d - 106.jpg,d,validation-8962.jpg,8,,train-4289.jpg,4,d - 35.jpg,d,train-9536.jpg,9,
train-4251.jpg,4,d - 36o.jpg,d,train-04787.jpg,0,,train-42588.jpg,4,d - 76o.jpg,d,validation-1155.jpg,1,,train-42958.jpg,4,d - 70.jpg,d,train-2871.jpg,2,,train-4276.jpg,4,d - 66.jpg,d,validation-3481.jpg,3,,train-43129.jpg,4,d - 6.jpg,d,train-44766.jpg,4,,train-42679.jpg,4,d - 25.jpg,d,train-5607.jpg,5,,train-43048.jpg,4,d - 19o.jpg,d,train-64537.jpg,6,,train-42850.jpg,4,d - 15o.jpg,d,train-75119.jpg,7,,train-42870.jpg,4,d - 25o.jpg,d,validation-8963.jpg,8,,train-42890.jpg,4,d - 35o.jpg,d,train-9537.jpg,9,
train-42510.jpg,4,d - 37.jpg,d,train-04788.jpg,0,,train-42589.jpg,4,d - 77.jpg,d,validation-1156.jpg,1,,train-42959.jpg,4,d - 70o.jpg,d,train-2872.jpg,2,,train-42760.jpg,4,d - 66o.jpg,d,validation-3482.jpg,3,,train-4313.jpg,4,d - 60.jpg,d,train-44767.jpg,4,,train-4268.jpg,4,d - 25o.jpg,d,train-5608.jpg,5,,train-43049.jpg,4,d - 1o.jpg,d,train-64538.jpg,6,,train-42851.jpg,4,d - 16.jpg,d,train-7512.jpg,7,,train-42871.jpg,4,d - 26.jpg,d,validation-8964.jpg,8,,train-42861.jpg,4,d - 20o.jpg,d,train-9538.jpg,9,
train-42511.jpg,4,d - 37o.jpg,d,train-04789.jpg,0,,train-4259.jpg,4,d - 77o.jpg,d,validation-1157.jpg,1,,train-4296.jpg,4,d - 71.jpg,d,train-2873.jpg,2,,train-42761.jpg,4,d - 67.jpg,d,validation-3483.jpg,3,,train-43130.jpg,4,d - 60o.jpg,d,train-44768.jpg,4,,train-42680.jpg,4,d - 26.jpg,d,train-5609.jpg,5,,train-4305.jpg,4,d - 2.jpg,d,train-64539.jpg,6,,train-42852.jpg,4,d - 16o.jpg,d,train-75120.jpg,7,,train-42872.jpg,4,d - 26o.jpg,d,validation-8965.jpg,8,,train-42862.jpg,4,d - 21.jpg,d,train-9539.jpg,9,
train-42512.jpg,4,d - 38.jpg,d,train-0479.jpg,0,,train-42590.jpg,4,d - 78.jpg,d,validation-1158.jpg,1,,train-42960.jpg,4,d - 71o.jpg,d,train-2874.jpg,2,,train-42762.jpg,4,d - 67o.jpg,d,validation-3484.jpg,3,,train-43131.jpg,4,d - 61.jpg,d,train-44769.jpg,4,,train-42681.jpg,4,d - 26o.jpg,d,train-561.jpg,5,,train-43050.jpg,4,d - 20.jpg,d,train-6454.jpg,6,,train-42853.jpg,4,d - 17.jpg,d,train-75121.jpg,7,,train-42873.jpg,4,d - 27.jpg,d,validation-8966.jpg,8,,train-42863.jpg,4,d - 21o.jpg,d,train-954.jpg,9,
train-42513.jpg,4,d - 38o.jpg,d,train-04790.jpg,0,,train-42591.jpg,4,d - 78o.jpg,d,validation-1159.jpg,1,,train-42961.jpg,4,d - 72.jpg,d,train-2875.jpg,2,,train-42763.jpg,4,d - 68.jpg,d,validation-3485.jpg,3,,train-43132.jpg,4,d - 61o.jpg,d,train-4477.jpg,4,,train-42682.jpg,4,d - 27.jpg,d,train-5610.jpg,5,,train-43051.jpg,4,d - 20o.jpg,d,train-64540.jpg,6,,train-42854.jpg,4,d - 17o.jpg,d,train-75122.jpg,7,,train-42874.jpg,4,d - 27o.jpg,d,validation-8967.jpg,8,,train-42864.jpg,4,d - 22.jpg,d,train-9540.jpg,9,
train-42514.jpg,4,d - 39.jpg,d,train-04791.jpg,0,,train-42592.jpg,4,d - 79.jpg,d,validation-116.jpg,1,,train-42962.jpg,4,d - 72o.jpg,d,train-2876.jpg,2,,train-42764.jpg,4,d - 68o.jpg,d,validation-3486.jpg,3,,train-43133.jpg,4,d - 62.jpg,d,train-44770.jpg,4,,train-42683.jpg,4,d - 27o.jpg,d,train-5611.jpg,5,,train-43052.jpg,4,d - 21.jpg,d,train-64541.jpg,6,,train-42855.jpg,4,d - 18.jpg,d,train-75123.jpg,7,,train-42875.jpg,4,d - 28.jpg,d,validation-8968.jpg,8,,train-42865.jpg,4,d - 22o.jpg,d,train-9541.jpg,9,
train-42515.jpg,4,d - 39o.jpg,d,train-04792.jpg,0,,train-42593.jpg,4,d - 79o.jpg,d,validation-1160.jpg,1,,train-42963.jpg,4,d - 73.jpg,d,train-2877.jpg,2,,train-42765.jpg,4,d - 6o.jpg,d,validation-3487.jpg,3,,train-43134.jpg,4,d - 62o.jpg,d,train-44771.jpg,4,,train-42684.jpg,4,d - 28.jpg,d,train-5612.jpg,5,,train-43053.jpg,4,d - 21o.jpg,d,train-64542.jpg,6,,train-42856.jpg,4,d - 18o.jpg,d,train-75124.jpg,7,,train-42876.jpg,4,d - 28o.jpg,d,validation-8969.jpg,8,,train-42866.jpg,4,d - 23.jpg,d,train-9542.jpg,9,
train-42516.jpg,4,d - 3o.jpg,d,train-04793.jpg,0,,train-42594.jpg,4,d - 7o.jpg,d,validation-1161.jpg,1,,train-42964.jpg,4,d - 73o.jpg,d,train-2878.jpg,2,,train-42766.jpg,4,d - 7.jpg,d,validation-3488.jpg,3,,train-43135.jpg,4,d - 63.jpg,d,train-44772.jpg,4,,train-42685.jpg,4,d - 28o.jpg,d,train-5613.jpg,5,,train-43054.jpg,4,d - 22.jpg,d,train-64543.jpg,6,,train-42857.jpg,4,d - 19.jpg,d,train-75125.jpg,7,,train-42877.jpg,4,d - 29.jpg,d,validation-897.jpg,8,,train-42867.jpg,4,d - 23o.jpg,d,train-9543.jpg,9,
train-42517.jpg,4,d - 4.jpg,d,train-04794.jpg,0,,train-42595.jpg,4,d - 8.jpg,d,validation-1162.jpg,1,,train-42965.jpg,4,d - 74.jpg,d,train-2879.jpg,2,,train-42767.jpg,4,d - 70.jpg,d,validation-3489.jpg,3,,train-43136.jpg,4,d - 63o.jpg,d,train-44773.jpg,4,,train-42686.jpg,4,d - 29.jpg,d,train-5614.jpg,5,,train-43055.jpg,4,d - 22o.jpg,d,train-64544.jpg,6,,train-42858.jpg,4,d - 19o.jpg,d,train-75126.jpg,7,,train-42878.jpg,4,d - 29o.jpg,d,validation-8970.jpg,8,,train-42881.jpg,4,d - 30o.jpg,d,train-9544.jpg,9,
train-42518.jpg,4,d - 40.jpg,d,train-04795.jpg,0,,train-42596.jpg,4,d - 80.jpg,d,validation-1163.jpg,1,,train-42966.jpg,4,d - 74o.jpg,d,train-288.jpg,2,,train-42768.jpg,4,d - 70o.jpg,d,validation-349.jpg,3,,train-43137.jpg,4,d - 64.jpg,d,train-44774.jpg,4,,train-42687.jpg,4,d - 29o.jpg,d,train-5615.jpg,5,,train-43056.jpg,4,d - 23.jpg,d,train-64545.jpg,6,,train-42859.jpg,4,d - 1o.jpg,d,train-75127.jpg,7,,train-42879.jpg,4,d - 2o.jpg,d,validation-8971.jpg,8,,train-42882.jpg,4,d - 31.jpg,d,train-9545.jpg,9,
train-42519.jpg,4,d - 40o.jpg,d,train-04796.jpg,0,,train-42597.jpg,4,d - 80o.jpg,d,validation-1164.jpg,1,,train-42967.jpg,4,d - 75.jpg,d,train-2880.jpg,2,,train-42769.jpg,4,d - 71.jpg,d,validation-3490.jpg,3,,train-43138.jpg,4,d - 64o.jpg,d,train-44775.jpg,4,,train-42688.jpg,4,d - 2o.jpg,d,train-5616.jpg,5,,train-43057.jpg,4,d - 23o.jpg,d,train-64546.jpg,6,,train-4286.jpg,4,d - 2.jpg,d,train-75128.jpg,7,,train-4288.jpg,4,d - 3.jpg,d,validation-8972.jpg,8,,train-42883.jpg,4,d - 31o.jpg,d,train-9546.jpg,9,
train-4252.jpg,4,d - 41.jpg,d,validation-0875.jpg,0,,train-42598.jpg,4,d - 81.jpg,d,validation-1165.jpg,1,,train-42968.jpg,4,d - 75o.jpg,d,train-2881.jpg,2,,train-4277.jpg,4,d - 71o.jpg,d,validation-3491.jpg,3,,train-43139.jpg,4,d - 65.jpg,d,train-44776.jpg,4,,train-42689.jpg,4,d - 3.jpg,d,train-5617.jpg,5,,train-43058.jpg,4,d - 24.jpg,d,train-64547.jpg,6,,train-42860.jpg,4,d - 20.jpg,d,train-75129.jpg,7,,train-42880.jpg,4,d - 30.jpg,d,validation-8973.jpg,8,,train-42884.jpg,4,d - 32.jpg,d,train-9547.jpg,9,