8-0,,,,,,,8-1,,,,,,,8-2,,,,,,,8-3,,,,,,,8-4,,,,,,,8-5,,,,,,,8-6,,,,,,,8-7,,,,,,,8-8,,,,,,,8-9,,,,,
test-8875.jpg,8,- - 1.jpg,-,validation-0953.jpg,0,,test-8952.jpg,8,- - 35h.jpg,-,validation-1859.jpg,1,,train-81051.jpg,8,- - 61.jpg,-,train-24189.jpg,2,,train-81364.jpg,8,- - 75v.jpg,-,train-34280.jpg,3,,train-81215.jpg,8,- - 25v.jpg,-,validation-4151.jpg,4,,train-81528.jpg,8,- - 3v.jpg,-,train-54289.jpg,5,,train-81129.jpg,8,- - 87v.jpg,-,train-64522.jpg,6,,train-81441.jpg,8,- - 10h.jpg,-,train-74449.jpg,7,,train-81293.jpg,8,- - 51h.jpg,-,train-84496.jpg,8,,train-81605.jpg,8,- - 66.jpg,-,train-94429.jpg,9
test-8876.jpg,8,- - 10.jpg,-,validation-0954.jpg,0,,test-8953.jpg,8,- - 35v.jpg,-,validation-186.jpg,1,,train-81052.jpg,8,- - 61h.jpg,-,train-2419.jpg,2,,train-81365.jpg,8,- - 76.jpg,-,train-34281.jpg,3,,train-81216.jpg,8,- - 26.jpg,-,validation-4152.jpg,4,,train-81529.jpg,8,- - 4.jpg,-,train-5429.jpg,5,,train-8113.jpg,8,- - 88.jpg,-,train-64523.jpg,6,,train-81442.jpg,8,- - 10v.jpg,-,train-7445.jpg,7,,train-81294.jpg,8,- - 51v.jpg,-,train-84497.jpg,8,,train-81606.jpg,8,- - 66h.jpg,-,train-9443.jpg,9
test-8877.jpg,8,- - 100.jpg,-,validation-0955.jpg,0,,test-8954.jpg,8,- - 36.jpg,-,validation-1860.jpg,1,,train-81053.jpg,8,- - 61v.jpg,-,train-24190.jpg,2,,train-81366.jpg,8,- - 76h.jpg,-,train-34282.jpg,3,,train-81217.jpg,8,- - 26h.jpg,-,validation-4153.jpg,4,,train-8153.jpg,8,- - 40.jpg,-,train-54290.jpg,5,,train-81130.jpg,8,- - 88h.jpg,-,train-64524.jpg,6,,train-81443.jpg,8,- - 11.jpg,-,train-74450.jpg,7,,train-81295.jpg,8,- - 52.jpg,-,train-84498.jpg,8,,train-81607.jpg,8,- - 66v.jpg,-,train-94430.jpg,9
test-8878.jpg,8,- - 100h.jpg,-,validation-0956.jpg,0,,test-8955.jpg,8,- - 36h.jpg,-,validation-1861.jpg,1,,train-81054.jpg,8,- - 62.jpg,-,train-24191.jpg,2,,train-81367.jpg,8,- - 76v.jpg,-,train-34283.jpg,3,,train-81218.jpg,8,- - 26v.jpg,-,validation-4154.jpg,4,,train-81530.jpg,8,- - 40h.jpg,-,train-54291.jpg,5,,train-81131.jpg,8,- - 88v.jpg,-,train-64525.jpg,6,,train-81444.jpg,8,- - 11h.jpg,-,train-74451.jpg,7,,train-81296.jpg,8,- - 52h.jpg,-,train-84499.jpg,8,,train-81608.jpg,8,- - 67.jpg,-,train-94431.jpg,9
test-8879.jpg,8,- - 100v.jpg,-,validation-0957.jpg,0,,test-8956.jpg,8,- - 36v.jpg,-,validation-1862.jpg,1,,train-81055.jpg,8,- - 62h.jpg,-,train-24192.jpg,2,,train-81368.jpg,8,- - 77.jpg,-,train-34284.jpg,3,,train-81219.jpg,8,- - 27.jpg,-,validation-4155.jpg,4,,train-81531.jpg,8,- - 40v.jpg,-,train-54292.jpg,5,,train-81132.jpg,8,- - 89.jpg,-,train-64526.jpg,6,,train-81445.jpg,8,- - 11v.jpg,-,train-74452.jpg,7,,train-81297.jpg,8,- - 52v.jpg,-,train-845.jpg,8,,train-81609.jpg,8,- - 67h.jpg,-,train-94432.jpg,9
test-888.jpg,8,- - 10h.jpg,-,validation-0958.jpg,0,,test-8957.jpg,8,- - 37.jpg,-,validation-1863.jpg,1,,train-81056.jpg,8,- - 62v.jpg,-,train-24193.jpg,2,,train-81369.jpg,8,- - 77h.jpg,-,train-34285.jpg,3,,train-8122.jpg,8,- - 27h.jpg,-,validation-4156.jpg,4,,train-81532.jpg,8,- - 41.jpg,-,train-54293.jpg,5,,train-81133.jpg,8,- - 89h.jpg,-,train-64527.jpg,6,,train-81446.jpg,8,- - 12.jpg,-,train-74453.jpg,7,,train-81298.jpg,8,- - 53.jpg,-,train-8450.jpg,8,,train-8161.jpg,8,- - 67v.jpg,-,train-94433.jpg,9
test-8880.jpg,8,- - 10v.jpg,-,validation-0959.jpg,0,,test-8958.jpg,8,- - 37h.jpg,-,validation-1864.jpg,1,,train-81057.jpg,8,- - 63.jpg,-,train-24194.jpg,2,,train-8137.jpg,8,- - 77v.jpg,-,train-34286.jpg,3,,train-81220.jpg,8,- - 27v.jpg,-,validation-4157.jpg,4,,train-81533.jpg,8,- - 41h.jpg,-,train-54294.jpg,5,,train-81134.jpg,8,- - 89v.jpg,-,train-64528.jpg,6,,train-81447.jpg,8,- - 12h.jpg,-,train-74454.jpg,7,,train-81299.jpg,8,- - 53h.jpg,-,train-84500.jpg,8,,train-81610.jpg,8,- - 68.jpg,-,train-94434.jpg,9
test-8881.jpg,8,- - 11.jpg,-,validation-096.jpg,0,,test-8959.jpg,8,- - 37v.jpg,-,validation-1865.jpg,1,,train-81058.jpg,8,- - 63h.jpg,-,train-24195.jpg,2,,train-81370.jpg,8,- - 78.jpg,-,train-34287.jpg,3,,train-81221.jpg,8,- - 28.jpg,-,validation-4158.jpg,4,,train-81534.jpg,8,- - 41v.jpg,-,train-54295.jpg,5,,train-81135.jpg,8,- - 8h.jpg,-,train-64529.jpg,6,,train-81448.jpg,8,- - 12v.jpg,-,train-74455.jpg,7,,train-813.jpg,8,- - 53v.jpg,-,train-84501.jpg,8,,train-81611.jpg,8,- - 68h.jpg,-,train-94435.jpg,9
test-8882.jpg,8,- - 11h.jpg,-,validation-0960.jpg,0,,test-896.jpg,8,- - 38.jpg,-,validation-1866.jpg,1,,train-81059.jpg,8,- - 63v.jpg,-,train-24196.jpg,2,,train-81371.jpg,8,- - 78h.jpg,-,train-34288.jpg,3,,train-81222.jpg,8,- - 28h.jpg,-,validation-4159.jpg,4,,train-81535.jpg,8,- - 42.jpg,-,train-54296.jpg,5,,train-81136.jpg,8,- - 8v.jpg,-,train-6453.jpg,6,,train-81449.jpg,8,- - 13.jpg,-,train-74456.jpg,7,,train-8130.jpg,8,- - 54.jpg,-,train-84502.jpg,8,,train-81612.jpg,8,- - 68v.jpg,-,train-94436.jpg,9
test-8883.jpg,8,- - 11v.jpg,-,validation-0961.jpg,0,,test-8960.jpg,8,- - 38h.jpg,-,validation-1867.jpg,1,,train-8106.jpg,8,- - 64.jpg,-,train-24197.jpg,2,,train-81372.jpg,8,- - 78v.jpg,-,train-34289.jpg,3,,train-81223.jpg,8,- - 28v.jpg,-,validation-416.jpg,4,,train-81536.jpg,8,- - 42h.jpg,-,train-54297.jpg,5,,train-81137.jpg,8,- - 9.jpg,-,train-64530.jpg,6,,train-8145.jpg,8,- - 13h.jpg,-,train-74457.jpg,7,,train-81300.jpg,8,- - 54h.jpg,-,train-84503.jpg,8,,train-81613.jpg,8,- - 69.jpg,-,train-94437.jpg,9
test-8884.jpg,8,- - 12.jpg,-,validation-0962.jpg,0,,test-8961.jpg,8,- - 38v.jpg,-,validation-1868.jpg,1,,train-81060.jpg,8,- - 64h.jpg,-,train-24198.jpg,2,,train-81373.jpg,8,- - 79.jpg,-,train-3429.jpg,3,,train-81224.jpg,8,- - 29.jpg,-,validation-4160.jpg,4,,train-81537.jpg,8,- - 42v.jpg,-,train-54298.jpg,5,,train-81138.jpg,8,- - 90.jpg,-,train-64531.jpg,6,,train-81450.jpg,8,- - 13v.jpg,-,train-74458.jpg,7,,train-81301.jpg,8,- - 54v.jpg,-,train-84504.jpg,8,,train-81614.jpg,8,- - 69h.jpg,-,train-94438.jpg,9
test-8885.jpg,8,- - 12h.jpg,-,validation-0963.jpg,0,,test-8962.jpg,8,- - 39.jpg,-,validation-1869.jpg,1,,train-81061.jpg,8,- - 64v.jpg,-,train-24199.jpg,2,,train-81374.jpg,8,- - 79h.jpg,-,train-34290.jpg,3,,train-81225.jpg,8,- - 29h.jpg,-,validation-4161.jpg,4,,train-81538.jpg,8,- - 43.jpg,-,train-54299.jpg,5,,train-81139.jpg,8,- - 90h.jpg,-,train-64532.jpg,6,,train-81451.jpg,8,- - 14.jpg,-,train-74459.jpg,7,,train-81302.jpg,8,- - 55.jpg,-,train-84505.jpg,8,,train-81615.jpg,8,- - 69v.jpg,-,train-94439.jpg,9
test-8886.jpg,8,- - 12v.jpg,-,validation-0964.jpg,0,,test-8963.jpg,8,- - 39h.jpg,-,validation-187.jpg,1,,train-81062.jpg,8,- - 65.jpg,-,train-242.jpg,2,,train-81375.jpg,8,- - 79v.jpg,-,train-34291.jpg,3,,train-81226.jpg,8,- - 29v.jpg,-,validation-4162.jpg,4,,train-81539.jpg,8,- - 43h.jpg,-,train-543.jpg,5,,train-8114.jpg,8,- - 90v.jpg,-,train-6464.jpg,6,,train-81452.jpg,8,- - 14h.jpg,-,train-7446.jpg,7,,train-81303.jpg,8,- - 55h.jpg,-,validation-8989.jpg,8,,train-81616.jpg,8,- - 6h.jpg,-,train-9444.jpg,9
test-8887.jpg,8,- - 13.jpg,-,validation-0965.jpg,0,,test-8964.jpg,8,- - 39v.jpg,-,validation-1870.jpg,1,,train-81063.jpg,8,- - 65h.jpg,-,train-2420.jpg,2,,train-81376.jpg,8,- - 7h.jpg,-,train-34292.jpg,3,,train-81227.jpg,8,- - 2h.jpg,-,validation-4163.jpg,4,,train-8154.jpg,8,- - 43v.jpg,-,train-5430.jpg,5,,train-81140.jpg,8,- - 91.jpg,-,train-64640.jpg,6,,train-81453.jpg,8,- - 14v.jpg,-,train-74460.jpg,7,,train-81304.jpg,8,- - 55v.jpg,-,validation-899.jpg,8,,train-81617.jpg,8,- - 6v.jpg,-,train-94440.jpg,9
test-8888.jpg,8,- - 13h.jpg,-,validation-0966.jpg,0,,test-8965.jpg,8,- - 3h.jpg,-,validation-1871.jpg,1,,train-81064.jpg,8,- - 65v.jpg,-,train-24200.jpg,2,,train-81377.jpg,8,- - 7v.jpg,-,train-34293.jpg,3,,train-81228.jpg,8,- - 2v.jpg,-,validation-4164.jpg,4,,train-81540.jpg,8,- - 44.jpg,-,train-54300.jpg,5,,train-81141.jpg,8,- - 91h.jpg,-,train-64641.jpg,6,,train-81454.jpg,8,- - 15.jpg,-,train-74461.jpg,7,,train-81305.jpg,8,- - 56.jpg,-,validation-8990.jpg,8,,train-81618.jpg,8,- - 7.jpg,-,train-94441.jpg,9
test-8889.jpg,8,- - 13v.jpg,-,validation-0967.jpg,0,,test-8966.jpg,8,- - 3v.jpg,-,validation-1872.jpg,1,,train-81065.jpg,8,- - 66.jpg,-,train-24201.jpg,2,,train-81378.jpg,8,- - 8.jpg,-,train-34294.jpg,3,,train-81229.jpg,8,- - 3.jpg,-,validation-4165.jpg,4,,train-81541.jpg,8,- - 44h.jpg,-,train-54301.jpg,5,,train-81142.jpg,8,- - 91v.jpg,-,train-64231.jpg,6,,train-81455.jpg,8,- - 15h.jpg,-,train-74462.jpg,7,,train-81306.jpg,8,- - 56h.jpg,-,validation-8991.jpg,8,,train-81619.jpg,8,- - 70.jpg,-,train-94442.jpg,9
test-889.jpg,8,- - 14.jpg,-,validation-0968.jpg,0,,test-8967.jpg,8,- - 4.jpg,-,validation-1873.jpg,1,,train-81066.jpg,8,- - 66h.jpg,-,train-24202.jpg,2,,train-81379.jpg,8,- - 80.jpg,-,train-34295.jpg,3,,train-8123.jpg,8,- - 30.jpg,-,validation-4166.jpg,4,,train-81542.jpg,8,- - 44v.jpg,-,train-54302.jpg,5,,train-81143.jpg,8,- - 92.jpg,-,train-64232.jpg,6,,train-81456.jpg,8,- - 15v.jpg,-,train-74463.jpg,7,,train-81307.jpg,8,- - 56v.jpg,-,train-84197.jpg,8,,train-8162.jpg,8,- - 70h.jpg,-,train-94443.jpg,9
test-8890.jpg,8,- - 14h.jpg,-,validation-0969.jpg,0,,test-8968.jpg,8,- - 40.jpg,-,validation-1874.jpg,1,,train-81067.jpg,8,- - 66v.jpg,-,train-24203.jpg,2,,train-8138.jpg,8,- - 80h.jpg,-,train-34296.jpg,3,,train-81230.jpg,8,- - 30h.jpg,-,validation-4167.jpg,4,,train-81543.jpg,8,- - 45.jpg,-,train-54303.jpg,5,,train-81144.jpg,8,- - 92h.jpg,-,train-64233.jpg,6,,train-81457.jpg,8,- - 16.jpg,-,train-74464.jpg,7,,train-81308.jpg,8,- - 57.jpg,-,train-84198.jpg,8,,train-81620.jpg,8,- - 70v.jpg,-,train-94444.jpg,9
test-8891.jpg,8,- - 14v.jpg,-,validation-097.jpg,0,,test-8969.jpg,8,- - 40h.jpg,-,validation-1875.jpg,1,,train-81068.jpg,8,- - 67.jpg,-,train-24204.jpg,2,,train-81380.jpg,8,- - 80v.jpg,-,train-34297.jpg,3,,train-81231.jpg,8,- - 30v.jpg,-,validation-4168.jpg,4,,train-81544.jpg,8,- - 45h.jpg,-,train-54304.jpg,5,,train-81145.jpg,8,- - 92v.jpg,-,train-64234.jpg,6,,train-81458.jpg,8,- - 16h.jpg,-,train-74465.jpg,7,,train-81309.jpg,8,- - 57h.jpg,-,train-84199.jpg,8,,train-81621.jpg,8,- - 71.jpg,-,train-94445.jpg,9
test-8892.jpg,8,- - 15.jpg,-,validation-0970.jpg,0,,test-897.jpg,8,- - 40v.jpg,-,validation-1876.jpg,1,,train-81069.jpg,8,- - 67h.jpg,-,train-24205.jpg,2,,train-81381.jpg,8,- - 81.jpg,-,train-34298.jpg,3,,train-81232.jpg,8,- - 31.jpg,-,validation-4169.jpg,4,,train-81545.jpg,8,- - 45v.jpg,-,train-54305.jpg,5,,train-81146.jpg,8,- - 93.jpg,-,train-64235.jpg,6,,train-81459.jpg,8,- - 16v.jpg,-,train-74466.jpg,7,,train-8131.jpg,8,- - 57v.jpg,-,train-842.jpg,8,,train-81622.jpg,8,- - 71h.jpg,-,train-94446.jpg,9
test-8893.jpg,8,- - 15h.jpg,-,validation-0971.jpg,0,,test-8970.jpg,8,- - 41.jpg,-,validation-1877.jpg,1,,train-8107.jpg,8,- - 67v.jpg,-,train-24206.jpg,2,,train-81382.jpg,8,- - 81h.jpg,-,train-34299.jpg,3,,train-81233.jpg,8,- - 31h.jpg,-,validation-417.jpg,4,,train-81546.jpg,8,- - 46.jpg,-,train-54306.jpg,5,,train-81147.jpg,8,- - 93h.jpg,-,train-64236.jpg,6,,train-8146.jpg,8,- - 17.jpg,-,train-74467.jpg,7,,train-81310.jpg,8,- - 58.jpg,-,train-8420.jpg,8,,train-81623.jpg,8,- - 71v.jpg,-,train-94447.jpg,9
test-8894.jpg,8,- - 15v.jpg,-,validation-0972.jpg,0,,test-8971.jpg,8,- - 41h.jpg,-,validation-1878.jpg,1,,train-81070.jpg,8,- - 68.jpg,-,train-24207.jpg,2,,train-81383.jpg,8,- - 81v.jpg,-,train-343.jpg,3,,train-81234.jpg,8,- - 31v.jpg,-,validation-4170.jpg,4,,train-81547.jpg,8,- - 46h.jpg,-,train-54307.jpg,5,,train-81148.jpg,8,- - 93v.jpg,-,train-64237.jpg,6,,train-81460.jpg,8,- - 17h.jpg,-,train-74468.jpg,7,,train-81311.jpg,8,- - 58h.jpg,-,train-84200.jpg,8,,train-81624.jpg,8,- - 72.jpg,-,train-94448.jpg,9
test-8895.jpg,8,- - 16.jpg,-,validation-0973.jpg,0,,test-8972.jpg,8,- - 41v.jpg,-,validation-1879.jpg,1,,train-81071.jpg,8,- - 68h.jpg,-,train-24208.jpg,2,,train-81384.jpg,8,- - 82.jpg,-,train-3430.jpg,3,,train-81235.jpg,8,- - 32.jpg,-,validation-4171.jpg,4,,train-81548.jpg,8,- - 46v.jpg,-,train-54308.jpg,5,,train-81149.jpg,8,- - 94.jpg,-,train-64238.jpg,6,,train-81461.jpg,8,- - 17v.jpg,-,train-74469.jpg,7,,train-81312.jpg,8,- - 58v.jpg,-,train-84201.jpg,8,,train-81625.jpg,8,- - 72h.jpg,-,train-94449.jpg,9
test-8896.jpg,8,- - 16h.jpg,-,validation-0974.jpg,0,,test-898.jpg,8,- - 42.jpg,-,validation-188.jpg,1,,train-81072.jpg,8,- - 68v.jpg,-,train-24209.jpg,2,,train-81385.jpg,8,- - 82h.jpg,-,train-34300.jpg,3,,train-81236.jpg,8,- - 32h.jpg,-,validation-4172.jpg,4,,train-81549.jpg,8,- - 47.jpg,-,train-54309.jpg,5,,train-8115.jpg,8,- - 94h.jpg,-,train-64239.jpg,6,,train-81462.jpg,8,- - 18.jpg,-,train-7447.jpg,7,,train-81313.jpg,8,- - 59.jpg,-,train-84202.jpg,8,,train-81626.jpg,8,- - 72v.jpg,-,train-9445.jpg,9
test-8897.jpg,8,- - 16v.jpg,-,validation-0975.jpg,0,,test-899.jpg,8,- - 42h.jpg,-,validation-1880.jpg,1,,train-81073.jpg,8,- - 69.jpg,-,train-2421.jpg,2,,train-81386.jpg,8,- - 82v.jpg,-,train-34301.jpg,3,,train-81237.jpg,8,- - 32v.jpg,-,validation-4173.jpg,4,,train-8155.jpg,8,- - 47h.jpg,-,train-5431.jpg,5,,train-81150.jpg,8,- - 94v.jpg,-,train-6424.jpg,6,,train-81463.jpg,8,- - 18h.jpg,-,train-74470.jpg,7,,train-81314.jpg,8,- - 59h.jpg,-,train-84203.jpg,8,,train-81627.jpg,8,- - 73.jpg,-,train-94450.jpg,9
test-8898.jpg,8,- - 17.jpg,-,validation-0976.jpg,0,,train-8.jpg,8,- - 42v.jpg,-,validation-1881.jpg,1,,train-81074.jpg,8,- - 69h.jpg,-,train-24210.jpg,2,,train-81387.jpg,8,- - 83.jpg,-,train-34302.jpg,3,,train-81238.jpg,8,- - 33.jpg,-,validation-4174.jpg,4,,train-81550.jpg,8,- - 47v.jpg,-,train-54310.jpg,5,,train-81151.jpg,8,- - 95.jpg,-,train-64240.jpg,6,,train-81464.jpg,8,- - 18v.jpg,-,train-74471.jpg,7,,train-81315.jpg,8,- - 59v.jpg,-,train-84204.jpg,8,,train-81628.jpg,8,- - 73h.jpg,-,train-94451.jpg,9
test-8899.jpg,8,- - 17h.jpg,-,validation-0977.jpg,0,,train-80.jpg,8,- - 43.jpg,-,validation-1882.jpg,1,,train-81075.jpg,8,- - 69v.jpg,-,train-24211.jpg,2,,train-81388.jpg,8,- - 83h.jpg,-,train-34303.jpg,3,,train-81239.jpg,8,- - 33h.jpg,-,validation-4175.jpg,4,,train-81551.jpg,8,- - 48.jpg,-,train-54311.jpg,5,,train-81152.jpg,8,- - 95h.jpg,-,train-64241.jpg,6,,train-81465.jpg,8,- - 19.jpg,-,train-74472.jpg,7,,train-81316.jpg,8,- - 5h.jpg,-,train-84205.jpg,8,,train-81629.jpg,8,- - 73v.jpg,-,train-94452.jpg,9
test-89.jpg,8,- - 17v.jpg,-,validation-0978.jpg,0,,train-81.jpg,8,- - 43h.jpg,-,validation-1883.jpg,1,,train-81076.jpg,8,- - 6h.jpg,-,train-24212.jpg,2,,train-81389.jpg,8,- - 83v.jpg,-,train-34304.jpg,3,,train-8124.jpg,8,- - 33v.jpg,-,validation-4176.jpg,4,,train-81552.jpg,8,- - 48h.jpg,-,train-54312.jpg,5,,train-81153.jpg,8,- - 95v.jpg,-,train-64242.jpg,6,,train-81466.jpg,8,- - 19h.jpg,-,train-74473.jpg,7,,train-81317.jpg,8,- - 5v.jpg,-,train-84206.jpg,8,,train-8163.jpg,8,- - 74.jpg,-,train-94453.jpg,9
test-890.jpg,8,- - 18.jpg,-,validation-0979.jpg,0,,train-810.jpg,8,- - 43v.jpg,-,validation-1884.jpg,1,,train-81077.jpg,8,- - 6v.jpg,-,train-24213.jpg,2,,train-8139.jpg,8,- - 84.jpg,-,train-34305.jpg,3,,train-81240.jpg,8,- - 34.jpg,-,validation-4177.jpg,4,,train-81553.jpg,8,- - 48v.jpg,-,train-54313.jpg,5,,train-81154.jpg,8,- - 96.jpg,-,train-64243.jpg,6,,train-81467.jpg,8,- - 19v.jpg,-,train-74474.jpg,7,,train-81318.jpg,8,- - 6.jpg,-,train-84207.jpg,8,,train-81630.jpg,8,- - 74h.jpg,-,train-94454.jpg,9
test-8900.jpg,8,- - 18h.jpg,-,validation-098.jpg,0,,train-8100.jpg,8,- - 44.jpg,-,validation-1885.jpg,1,,train-81078.jpg,8,- - 7.jpg,-,train-24214.jpg,2,,train-81390.jpg,8,- - 84h.jpg,-,train-34306.jpg,3,,train-81241.jpg,8,- - 34h.jpg,-,validation-4178.jpg,4,,train-81554.jpg,8,- - 49.jpg,-,train-54314.jpg,5,,train-81155.jpg,8,- - 96h.jpg,-,train-64244.jpg,6,,train-81468.jpg,8,- - 1h.jpg,-,train-74475.jpg,7,,train-81319.jpg,8,- - 60.jpg,-,train-84208.jpg,8,,train-81631.jpg,8,- - 74v.jpg,-,train-94455.jpg,9
test-8901.jpg,8,- - 18v.jpg,-,validation-0980.jpg,0,,train-81000.jpg,8,- - 44h.jpg,-,validation-1886.jpg,1,,train-81079.jpg,8,- - 70.jpg,-,train-24215.jpg,2,,train-81391.jpg,8,- - 84v.jpg,-,train-34307.jpg,3,,train-81242.jpg,8,- - 34v.jpg,-,validation-4179.jpg,4,,train-81555.jpg,8,- - 49h.jpg,-,train-54315.jpg,5,,train-81156.jpg,8,- - 96v.jpg,-,train-64245.jpg,6,,train-81469.jpg,8,- - 1v.jpg,-,train-74476.jpg,7,,train-8132.jpg,8,- - 60h.jpg,-,train-84209.jpg,8,,train-81632.jpg,8,- - 75.jpg,-,train-94456.jpg,9
test-8902.jpg,8,- - 19.jpg,-,validation-0981.jpg,0,,train-81001.jpg,8,- - 44v.jpg,-,validation-1887.jpg,1,,train-8108.jpg,8,- - 70h.jpg,-,train-24216.jpg,2,,train-81392.jpg,8,- - 85.jpg,-,train-34308.jpg,3,,train-81243.jpg,8,- - 35.jpg,-,validation-418.jpg,4,,train-81556.jpg,8,- - 49v.jpg,-,train-54316.jpg,5,,train-81157.jpg,8,- - 97.jpg,-,train-64246.jpg,6,,train-8147.jpg,8,- - 2.jpg,-,train-74477.jpg,7,,train-81320.jpg,8,- - 60v.jpg,-,train-8421.jpg,8,,train-81633.jpg,8,- - 75h.jpg,-,train-94457.jpg,9
test-8903.jpg,8,- - 19h.jpg,-,validation-0982.jpg,0,,train-81002.jpg,8,- - 45.jpg,-,validation-1888.jpg,1,,train-81080.jpg,8,- - 70v.jpg,-,train-24217.jpg,2,,train-81393.jpg,8,- - 85h.jpg,-,train-34309.jpg,3,,train-81244.jpg,8,- - 35h.jpg,-,validation-4180.jpg,4,,train-81557.jpg,8,- - 4h.jpg,-,train-54317.jpg,5,,train-81158.jpg,8,- - 97h.jpg,-,train-64247.jpg,6,,train-81470.jpg,8,- - 20.jpg,-,train-74478.jpg,7,,train-81321.jpg,8,- - 61.jpg,-,train-84210.jpg,8,,train-81634.jpg,8,- - 75v.jpg,-,train-94458.jpg,9
test-8904.jpg,8,- - 19v.jpg,-,validation-0983.jpg,0,,train-81003.jpg,8,- - 45h.jpg,-,validation-1889.jpg,1,,train-81081.jpg,8,- - 71.jpg,-,train-24218.jpg,2,,train-81394.jpg,8,- - 85v.jpg,-,train-3431.jpg,3,,train-81245.jpg,8,- - 35v.jpg,-,validation-4181.jpg,4,,train-81558.jpg,8,- - 4v.jpg,-,train-54318.jpg,5,,train-81159.jpg,8,- - 97v.jpg,-,train-64248.jpg,6,,train-81471.jpg,8,- - 20h.jpg,-,train-74479.jpg,7,,train-81322.jpg,8,- - 61h.jpg,-,train-84211.jpg,8,,train-81635.jpg,8,- - 76.jpg,-,train-94459.jpg,9
test-8905.jpg,8,- - 1h.jpg,-,validation-0984.jpg,0,,train-81004.jpg,8,- - 45v.jpg,-,validation-189.jpg,1,,train-81082.jpg,8,- - 71h.jpg,-,train-24219.jpg,2,,train-81395.jpg,8,- - 86.jpg,-,train-34310.jpg,3,,train-81246.jpg,8,- - 36.jpg,-,validation-4182.jpg,4,,train-81559.jpg,8,- - 5.jpg,-,train-54319.jpg,5,,train-8116.jpg,8,- - 98.jpg,-,train-64249.jpg,6,,train-81472.jpg,8,- - 20v.jpg,-,train-7448.jpg,7,,train-81323.jpg,8,- - 61v.jpg,-,train-84212.jpg,8,,train-81636.jpg,8,- - 76h.jpg,-,train-9446.jpg,9
test-8906.jpg,8,- - 1v.jpg,-,validation-0985.jpg,0,,train-81005.jpg,8,- - 46.jpg,-,validation-1890.jpg,1,,train-81083.jpg,8,- - 71v.jpg,-,train-2422.jpg,2,,train-81396.jpg,8,- - 86h.jpg,-,train-34311.jpg,3,,train-81247.jpg,8,- - 36h.jpg,-,validation-4183.jpg,4,,train-8156.jpg,8,- - 50.jpg,-,train-5432.jpg,5,,train-81160.jpg,8,- - 98h.jpg,-,train-6425.jpg,6,,train-81473.jpg,8,- - 21.jpg,-,train-74480.jpg,7,,train-81324.jpg,8,- - 62.jpg,-,train-84213.jpg,8,,train-81637.jpg,8,- - 76v.jpg,-,train-94460.jpg,9
test-8907.jpg,8,- - 2.jpg,-,validation-0986.jpg,0,,train-81006.jpg,8,- - 46h.jpg,-,validation-1891.jpg,1,,train-81084.jpg,8,- - 72.jpg,-,train-24220.jpg,2,,train-81397.jpg,8,- - 86v.jpg,-,train-34312.jpg,3,,train-81248.jpg,8,- - 36v.jpg,-,validation-4184.jpg,4,,train-81560.jpg,8,- - 50h.jpg,-,train-54320.jpg,5,,train-81161.jpg,8,- - 98v.jpg,-,train-64250.jpg,6,,train-81474.jpg,8,- - 21h.jpg,-,train-74481.jpg,7,,train-81325.jpg,8,- - 62h.jpg,-,train-84214.jpg,8,,train-81638.jpg,8,- - 77.jpg,-,train-94461.jpg,9
test-8908.jpg,8,- - 20.jpg,-,validation-0987.jpg,0,,train-81007.jpg,8,- - 46v.jpg,-,validation-1892.jpg,1,,train-81085.jpg,8,- - 72h.jpg,-,train-24221.jpg,2,,train-81398.jpg,8,- - 87.jpg,-,train-34313.jpg,3,,train-81249.jpg,8,- - 37.jpg,-,validation-4185.jpg,4,,train-81561.jpg,8,- - 50v.jpg,-,train-54321.jpg,5,,train-81162.jpg,8,- - 99.jpg,-,train-64251.jpg,6,,train-81475.jpg,8,- - 21v.jpg,-,train-74482.jpg,7,,train-81326.jpg,8,- - 62v.jpg,-,train-84215.jpg,8,,train-81639.jpg,8,- - 77h.jpg,-,train-94462.jpg,9
test-8909.jpg,8,- - 20h.jpg,-,validation-0988.jpg,0,,train-81008.jpg,8,- - 47.jpg,-,validation-1893.jpg,1,,train-81086.jpg,8,- - 72v.jpg,-,train-24222.jpg,2,,train-81399.jpg,8,- - 87h.jpg,-,train-34314.jpg,3,,train-8125.jpg,8,- - 37h.jpg,-,validation-4186.jpg,4,,train-81562.jpg,8,- - 51.jpg,-,train-54322.jpg,5,,train-81163.jpg,8,- - 99h.jpg,-,train-64252.jpg,6,,train-81476.jpg,8,- - 22.jpg,-,train-74483.jpg,7,,train-81327.jpg,8,- - 63.jpg,-,train-84216.jpg,8,,train-8164.jpg,8,- - 77v.jpg,-,train-94463.jpg,9
test-891.jpg,8,- - 20v.jpg,-,validation-0989.jpg,0,,train-81009.jpg,8,- - 47h.jpg,-,validation-1894.jpg,1,,train-81087.jpg,8,- - 73.jpg,-,train-24223.jpg,2,,train-814.jpg,8,- - 87v.jpg,-,train-34315.jpg,3,,train-81250.jpg,8,- - 37v.jpg,-,validation-4187.jpg,4,,train-81563.jpg,8,- - 51h.jpg,-,train-54323.jpg,5,,train-81164.jpg,8,- - 99v.jpg,-,train-64253.jpg,6,,train-81477.jpg,8,- - 22h.jpg,-,train-74484.jpg,7,,train-81328.jpg,8,- - 63h.jpg,-,train-84217.jpg,8,,train-81640.jpg,8,- - 78.jpg,-,train-94464.jpg,9
test-8910.jpg,8,- - 21.jpg,-,validation-099.jpg,0,,train-8101.jpg,8,- - 47v.jpg,-,validation-1895.jpg,1,,train-81088.jpg,8,- - 73h.jpg,-,train-24224.jpg,2,,train-8140.jpg,8,- - 88.jpg,-,train-34316.jpg,3,,train-81251.jpg,8,- - 38.jpg,-,validation-4188.jpg,4,,train-81564.jpg,8,- - 51v.jpg,-,train-54324.jpg,5,,train-81165.jpg,8,- - 9h.jpg,-,train-64254.jpg,6,,train-81478.jpg,8,- - 22v.jpg,-,train-74485.jpg,7,,train-81329.jpg,8,- - 63v.jpg,-,train-84218.jpg,8,,train-81641.jpg,8,- - 78h.jpg,-,train-94465.jpg,9
test-8911.jpg,8,- - 21h.jpg,-,train-0603.jpg,0,,train-81010.jpg,8,- - 48.jpg,-,validation-1896.jpg,1,,train-81089.jpg,8,- - 73v.jpg,-,train-24225.jpg,2,,train-81400.jpg,8,- - 88h.jpg,-,train-34317.jpg,3,,train-81252.jpg,8,- - 38h.jpg,-,validation-4189.jpg,4,,train-81565.jpg,8,- - 52.jpg,-,train-54325.jpg,5,,train-81166.jpg,8,- - 9v.jpg,-,train-64255.jpg,6,,train-81479.jpg,8,- - 23.jpg,-,train-74486.jpg,7,,train-8133.jpg,8,- - 64.jpg,-,train-84219.jpg,8,,train-81642.jpg,8,- - 78v.jpg,-,train-94466.jpg,9
test-8912.jpg,8,- - 21v.jpg,-,train-0604.jpg,0,,train-81011.jpg,8,- - 48h.jpg,-,validation-1897.jpg,1,,train-8109.jpg,8,- - 74.jpg,-,train-24066.jpg,2,,train-81401.jpg,8,- - 88v.jpg,-,train-34318.jpg,3,,train-81253.jpg,8,- - 38v.jpg,-,validation-419.jpg,4,,train-81566.jpg,8,- - 52h.jpg,-,train-54326.jpg,5,,train-81167.jpg,8,- - 1.jpg,-,train-64256.jpg,6,,train-8148.jpg,8,- - 23h.jpg,-,train-74487.jpg,7,,train-81330.jpg,8,- - 64h.jpg,-,train-8422.jpg,8,,train-81643.jpg,8,- - 79.jpg,-,train-94467.jpg,9
test-8913.jpg,8,- - 22.jpg,-,train-0605.jpg,0,,train-81012.jpg,8,- - 48v.jpg,-,validation-1898.jpg,1,,train-81090.jpg,8,- - 74h.jpg,-,train-24067.jpg,2,,train-81402.jpg,8,- - 89.jpg,-,train-34319.jpg,3,,train-81254.jpg,8,- - 39.jpg,-,validation-4190.jpg,4,,train-81567.jpg,8,- - 52v.jpg,-,train-54327.jpg,5,,train-81168.jpg,8,- - 10.jpg,-,train-64257.jpg,6,,train-81480.jpg,8,- - 23v.jpg,-,train-74488.jpg,7,,train-81331.jpg,8,- - 64v.jpg,-,train-84220.jpg,8,,train-81644.jpg,8,- - 79h.jpg,-,train-94468.jpg,9
test-8914.jpg,8,- - 22h.jpg,-,train-0606.jpg,0,,train-81013.jpg,8,- - 49.jpg,-,validation-1899.jpg,1,,train-81091.jpg,8,- - 74v.jpg,-,train-24068.jpg,2,,train-81403.jpg,8,- - 89h.jpg,-,train-3432.jpg,3,,train-81255.jpg,8,- - 39h.jpg,-,validation-4191.jpg,4,,train-81568.jpg,8,- - 53.jpg,-,train-54328.jpg,5,,train-81169.jpg,8,- - 100.jpg,-,train-64258.jpg,6,,train-81481.jpg,8,- - 24.jpg,-,train-74489.jpg,7,,train-81332.jpg,8,- - 65.jpg,-,train-84221.jpg,8,,train-81645.jpg,8,- - 79v.jpg,-,train-94469.jpg,9
test-8915.jpg,8,- - 22v.jpg,-,train-0607.jpg,0,,train-81014.jpg,8,- - 49h.jpg,-,validation-19.jpg,1,,train-81092.jpg,8,- - 75.jpg,-,train-24069.jpg,2,,train-81404.jpg,8,- - 89v.jpg,-,train-34320.jpg,3,,train-81256.jpg,8,- - 39v.jpg,-,validation-4192.jpg,4,,train-81569.jpg,8,- - 53h.jpg,-,train-54329.jpg,5,,train-8117.jpg,8,- - 100h.jpg,-,train-64259.jpg,6,,train-81482.jpg,8,- - 24h.jpg,-,train-7449.jpg,7,,train-81333.jpg,8,- - 65h.jpg,-,train-84222.jpg,8,,train-81646.jpg,8,- - 7h.jpg,-,train-9447.jpg,9
test-8916.jpg,8,- - 23.jpg,-,train-0608.jpg,0,,train-81015.jpg,8,- - 49v.jpg,-,validation-190.jpg,1,,train-81093.jpg,8,- - 75h.jpg,-,train-2407.jpg,2,,train-81405.jpg,8,- - 8h.jpg,-,train-34321.jpg,3,,train-81257.jpg,8,- - 3h.jpg,-,validation-4193.jpg,4,,train-8157.jpg,8,- - 53v.jpg,-,train-5433.jpg,5,,train-81170.jpg,8,- - 100v.jpg,-,train-6426.jpg,6,,train-81483.jpg,8,- - 24v.jpg,-,train-74490.jpg,7,,train-81334.jpg,8,- - 65v.jpg,-,train-84223.jpg,8,,train-81647.jpg,8,- - 7v.jpg,-,train-94470.jpg,9
test-8917.jpg,8,- - 23h.jpg,-,train-0609.jpg,0,,train-81016.jpg,8,- - 4h.jpg,-,validation-1900.jpg,1,,train-81094.jpg,8,- - 75v.jpg,-,train-24070.jpg,2,,train-81406.jpg,8,- - 8v.jpg,-,train-34322.jpg,3,,train-81258.jpg,8,- - 3v.jpg,-,validation-4725.jpg,4,,train-81570.jpg,8,- - 54.jpg,-,train-54330.jpg,5,,train-81171.jpg,8,- - 10h.jpg,-,train-64260.jpg,6,,train-81484.jpg,8,- - 25.jpg,-,train-74491.jpg,7,,train-81335.jpg,8,- - 66.jpg,-,train-84224.jpg,8,,train-81648.jpg,8,- - 8.jpg,-,train-94471.jpg,9
test-8918.jpg,8,- - 23v.jpg,-,train-061.jpg,0,,train-81017.jpg,8,- - 4v.jpg,-,validation-1901.jpg,1,,train-81095.jpg,8,- - 76.jpg,-,train-24071.jpg,2,,train-81407.jpg,8,- - 9.jpg,-,train-34323.jpg,3,,train-81259.jpg,8,- - 4.jpg,-,validation-4726.jpg,4,,train-81571.jpg,8,- - 54h.jpg,-,train-54331.jpg,5,,train-81172.jpg,8,- - 10v.jpg,-,train-64261.jpg,6,,train-81485.jpg,8,- - 25h.jpg,-,train-74492.jpg,7,,train-81336.jpg,8,- - 66h.jpg,-,train-84225.jpg,8,,train-81649.jpg,8,- - 80.jpg,-,train-94472.jpg,9
test-8919.jpg,8,- - 24.jpg,-,train-0610.jpg,0,,train-81018.jpg,8,- - 5.jpg,-,validation-1902.jpg,1,,train-81096.jpg,8,- - 76h.jpg,-,train-24072.jpg,2,,train-81408.jpg,8,- - 90.jpg,-,train-34324.jpg,3,,train-8126.jpg,8,- - 40.jpg,-,validation-4727.jpg,4,,train-81572.jpg,8,- - 54v.jpg,-,train-54332.jpg,5,,train-81173.jpg,8,- - 11.jpg,-,train-64262.jpg,6,,train-81486.jpg,8,- - 25v.jpg,-,train-74493.jpg,7,,train-81337.jpg,8,- - 66v.jpg,-,train-84226.jpg,8,,train-8165.jpg,8,- - 80h.jpg,-,train-94473.jpg,9
test-892.jpg,8,- - 24h.jpg,-,train-0611.jpg,0,,train-81019.jpg,8,- - 50.jpg,-,validation-1903.jpg,1,,train-81097.jpg,8,- - 76v.jpg,-,train-24073.jpg,2,,train-81409.jpg,8,- - 90h.jpg,-,train-34325.jpg,3,,train-81260.jpg,8,- - 40h.jpg,-,validation-4728.jpg,4,,train-81573.jpg,8,- - 55.jpg,-,train-54333.jpg,5,,train-81174.jpg,8,- - 11h.jpg,-,train-64263.jpg,6,,train-81487.jpg,8,- - 26.jpg,-,train-74494.jpg,7,,train-81338.jpg,8,- - 67.jpg,-,train-84227.jpg,8,,train-81650.jpg,8,- - 80v.jpg,-,train-94474.jpg,9
test-8920.jpg,8,- - 24v.jpg,-,train-0612.jpg,0,,train-8102.jpg,8,- - 50h.jpg,-,validation-1904.jpg,1,,train-81098.jpg,8,- - 77.jpg,-,train-24074.jpg,2,,train-8141.jpg,8,- - 90v.jpg,-,train-34326.jpg,3,,train-81261.jpg,8,- - 40v.jpg,-,validation-4729.jpg,4,,train-81574.jpg,8,- - 55h.jpg,-,train-54334.jpg,5,,train-81175.jpg,8,- - 11v.jpg,-,train-64264.jpg,6,,train-81488.jpg,8,- - 26h.jpg,-,train-74495.jpg,7,,train-81339.jpg,8,- - 67h.jpg,-,train-84228.jpg,8,,train-81651.jpg,8,- - 81.jpg,-,train-94475.jpg,9
test-8921.jpg,8,- - 25.jpg,-,train-0613.jpg,0,,train-81020.jpg,8,- - 50v.jpg,-,validation-1905.jpg,1,,train-81099.jpg,8,- - 77h.jpg,-,train-24075.jpg,2,,train-81410.jpg,8,- - 91.jpg,-,train-34327.jpg,3,,train-81262.jpg,8,- - 41.jpg,-,validation-473.jpg,4,,train-81575.jpg,8,- - 55v.jpg,-,train-54335.jpg,5,,train-81176.jpg,8,- - 12.jpg,-,train-64265.jpg,6,,train-81489.jpg,8,- - 26v.jpg,-,train-74496.jpg,7,,train-8134.jpg,8,- - 67v.jpg,-,train-84229.jpg,8,,train-81652.jpg,8,- - 81h.jpg,-,train-94476.jpg,9
test-8922.jpg,8,- - 25h.jpg,-,train-0614.jpg,0,,train-81021.jpg,8,- - 51.jpg,-,validation-1906.jpg,1,,train-811.jpg,8,- - 77v.jpg,-,train-24076.jpg,2,,train-81411.jpg,8,- - 91h.jpg,-,train-34328.jpg,3,,train-81263.jpg,8,- - 41h.jpg,-,validation-4730.jpg,4,,train-81576.jpg,8,- - 56.jpg,-,train-54336.jpg,5,,train-81177.jpg,8,- - 12h.jpg,-,train-64266.jpg,6,,train-8149.jpg,8,- - 27.jpg,-,train-74497.jpg,7,,train-81340.jpg,8,- - 68.jpg,-,train-8423.jpg,8,,train-81653.jpg,8,- - 81v.jpg,-,train-94477.jpg,9
test-8923.jpg,8,- - 25v.jpg,-,train-0615.jpg,0,,train-81022.jpg,8,- - 51h.jpg,-,validation-1907.jpg,1,,train-8110.jpg,8,- - 78.jpg,-,train-24077.jpg,2,,train-81412.jpg,8,- - 91v.jpg,-,train-34329.jpg,3,,train-81264.jpg,8,- - 41v.jpg,-,validation-4731.jpg,4,,train-81577.jpg,8,- - 56h.jpg,-,train-54337.jpg,5,,train-81178.jpg,8,- - 12v.jpg,-,train-64267.jpg,6,,train-81490.jpg,8,- - 27h.jpg,-,train-74498.jpg,7,,train-81341.jpg,8,- - 68h.jpg,-,train-84230.jpg,8,,train-81654.jpg,8,- - 82.jpg,-,train-94478.jpg,9
test-8924.jpg,8,- - 26.jpg,-,train-0616.jpg,0,,train-81023.jpg,8,- - 51v.jpg,-,validation-1908.jpg,1,,train-81100.jpg,8,- - 78h.jpg,-,train-24078.jpg,2,,train-81413.jpg,8,- - 92.jpg,-,train-3433.jpg,3,,train-81265.jpg,8,- - 42.jpg,-,validation-4732.jpg,4,,train-81578.jpg,8,- - 56v.jpg,-,train-54338.jpg,5,,train-81179.jpg,8,- - 13.jpg,-,train-64268.jpg,6,,train-81491.jpg,8,- - 27v.jpg,-,train-74499.jpg,7,,train-81342.jpg,8,- - 68v.jpg,-,train-84231.jpg,8,,train-81655.jpg,8,- - 82h.jpg,-,train-94479.jpg,9
test-8925.jpg,8,- - 26h.jpg,-,train-0617.jpg,0,,train-81024.jpg,8,- - 52.jpg,-,validation-1909.jpg,1,,train-81101.jpg,8,- - 78v.jpg,-,train-24079.jpg,2,,train-81414.jpg,8,- - 92h.jpg,-,train-34330.jpg,3,,train-81266.jpg,8,- - 42h.jpg,-,validation-4733.jpg,4,,train-81579.jpg,8,- - 57.jpg,-,train-54339.jpg,5,,train-8118.jpg,8,- - 13h.jpg,-,train-64269.jpg,6,,train-81492.jpg,8,- - 28.jpg,-,train-745.jpg,7,,train-81343.jpg,8,- - 69.jpg,-,train-84232.jpg,8,,train-81656.jpg,8,- - 82v.jpg,-,train-9448.jpg,9
test-8926.jpg,8,- - 26v.jpg,-,train-0618.jpg,0,,train-81025.jpg,8,- - 52h.jpg,-,validation-191.jpg,1,,train-81102.jpg,8,- - 79.jpg,-,train-2408.jpg,2,,train-81415.jpg,8,- - 92v.jpg,-,train-34331.jpg,3,,train-81267.jpg,8,- - 42v.jpg,-,validation-4734.jpg,4,,train-8158.jpg,8,- - 57h.jpg,-,train-5434.jpg,5,,train-81180.jpg,8,- - 13v.jpg,-,train-6427.jpg,6,,train-81493.jpg,8,- - 28h.jpg,-,train-7450.jpg,7,,train-81344.jpg,8,- - 69h.jpg,-,train-84233.jpg,8,,train-81657.jpg,8,- - 83.jpg,-,train-94480.jpg,9
test-8927.jpg,8,- - 27.jpg,-,train-0619.jpg,0,,train-81026.jpg,8,- - 52v.jpg,-,validation-1910.jpg,1,,train-81103.jpg,8,- - 79h.jpg,-,train-24080.jpg,2,,train-81416.jpg,8,- - 93.jpg,-,train-34332.jpg,3,,train-81268.jpg,8,- - 43.jpg,-,validation-4735.jpg,4,,train-81580.jpg,8,- - 57v.jpg,-,train-54340.jpg,5,,train-81181.jpg,8,- - 14.jpg,-,train-64947.jpg,6,,train-81494.jpg,8,- - 28v.jpg,-,train-74500.jpg,7,,train-81345.jpg,8,- - 69v.jpg,-,train-84234.jpg,8,,train-81658.jpg,8,- - 83h.jpg,-,train-94481.jpg,9
test-8928.jpg,8,- - 27h.jpg,-,train-062.jpg,0,,train-81027.jpg,8,- - 53.jpg,-,validation-1911.jpg,1,,train-81104.jpg,8,- - 79v.jpg,-,train-24081.jpg,2,,train-81417.jpg,8,- - 93h.jpg,-,train-34333.jpg,3,,train-81269.jpg,8,- - 43h.jpg,-,validation-4736.jpg,4,,train-81581.jpg,8,- - 58.jpg,-,train-54341.jpg,5,,train-81182.jpg,8,- - 14h.jpg,-,train-64948.jpg,6,,train-81495.jpg,8,- - 29.jpg,-,train-74501.jpg,7,,train-81346.jpg,8,- - 6h.jpg,-,train-84235.jpg,8,,train-81659.jpg,8,- - 83v.jpg,-,train-94482.jpg,9
test-8929.jpg,8,- - 27v.jpg,-,train-0620.jpg,0,,train-81028.jpg,8,- - 53h.jpg,-,validation-1912.jpg,1,,train-81105.jpg,8,- - 7h.jpg,-,train-24082.jpg,2,,train-81418.jpg,8,- - 93v.jpg,-,train-34334.jpg,3,,train-8127.jpg,8,- - 43v.jpg,-,validation-4737.jpg,4,,train-81582.jpg,8,- - 58h.jpg,-,train-54342.jpg,5,,train-81183.jpg,8,- - 14v.jpg,-,train-64949.jpg,6,,train-81496.jpg,8,- - 29h.jpg,-,train-74502.jpg,7,,train-81347.jpg,8,- - 6v.jpg,-,train-84236.jpg,8,,train-8166.jpg,8,- - 84.jpg,-,train-94483.jpg,9
test-893.jpg,8,- - 28.jpg,-,train-0621.jpg,0,,train-81029.jpg,8,- - 53v.jpg,-,validation-1913.jpg,1,,train-81106.jpg,8,- - 7v.jpg,-,train-24083.jpg,2,,train-81419.jpg,8,- - 94.jpg,-,train-34335.jpg,3,,train-81270.jpg,8,- - 44.jpg,-,validation-4738.jpg,4,,train-81583.jpg,8,- - 58v.jpg,-,train-54343.jpg,5,,train-81184.jpg,8,- - 15.jpg,-,train-6495.jpg,6,,train-81497.jpg,8,- - 29v.jpg,-,train-74503.jpg,7,,train-81348.jpg,8,- - 7.jpg,-,train-84237.jpg,8,,train-81660.jpg,8,- - 84h.jpg,-,train-94484.jpg,9
test-8930.jpg,8,- - 28h.jpg,-,train-0622.jpg,0,,train-8103.jpg,8,- - 54.jpg,-,validation-1914.jpg,1,,train-81107.jpg,8,- - 8.jpg,-,train-24084.jpg,2,,train-8142.jpg,8,- - 94h.jpg,-,train-34336.jpg,3,,train-81271.jpg,8,- - 44h.jpg,-,validation-4739.jpg,4,,train-81584.jpg,8,- - 59.jpg,-,train-54344.jpg,5,,train-81185.jpg,8,- - 15h.jpg,-,train-6496.jpg,6,,train-81498.jpg,8,- - 2h.jpg,-,train-74504.jpg,7,,train-81349.jpg,8,- - 70.jpg,-,train-84238.jpg,8,,train-81661.jpg,8,- - 84v.jpg,-,train-94485.jpg,9
test-8931.jpg,8,- - 28v.jpg,-,train-0623.jpg,0,,train-81030.jpg,8,- - 54h.jpg,-,validation-1915.jpg,1,,train-81108.jpg,8,- - 80.jpg,-,train-24085.jpg,2,,train-81420.jpg,8,- - 94v.jpg,-,train-34337.jpg,3,,train-81272.jpg,8,- - 44v.jpg,-,validation-474.jpg,4,,train-81585.jpg,8,- - 59h.jpg,-,train-54345.jpg,5,,train-81186.jpg,8,- - 15v.jpg,-,train-6497.jpg,6,,train-81499.jpg,8,- - 2v.jpg,-,train-74505.jpg,7,,train-8135.jpg,8,- - 70h.jpg,-,train-84239.jpg,8,,train-81662.jpg,8,- - 85.jpg,-,train-94486.jpg,9
test-8932.jpg,8,- - 29.jpg,-,train-0624.jpg,0,,train-81031.jpg,8,- - 54v.jpg,-,validation-1916.jpg,1,,train-81109.jpg,8,- - 80h.jpg,-,train-24086.jpg,2,,train-81421.jpg,8,- - 95.jpg,-,train-34338.jpg,3,,train-81273.jpg,8,- - 45.jpg,-,validation-4740.jpg,4,,train-81586.jpg,8,- - 59v.jpg,-,train-54346.jpg,5,,train-81187.jpg,8,- - 16.jpg,-,train-6498.jpg,6,,train-815.jpg,8,- - 3.jpg,-,train-74506.jpg,7,,train-81350.jpg,8,- - 70v.jpg,-,train-8424.jpg,8,,train-81663.jpg,8,- - 85h.jpg,-,train-94487.jpg,9
test-8933.jpg,8,- - 29h.jpg,-,train-0625.jpg,0,,train-81032.jpg,8,- - 55.jpg,-,validation-1917.jpg,1,,train-8111.jpg,8,- - 80v.jpg,-,train-24087.jpg,2,,train-81422.jpg,8,- - 95h.jpg,-,train-34339.jpg,3,,train-81274.jpg,8,- - 45h.jpg,-,validation-4741.jpg,4,,train-81587.jpg,8,- - 5h.jpg,-,train-54347.jpg,5,,train-81188.jpg,8,- - 16h.jpg,-,train-6499.jpg,6,,train-8150.jpg,8,- - 30.jpg,-,train-74507.jpg,7,,train-81351.jpg,8,- - 71.jpg,-,train-84240.jpg,8,,train-81664.jpg,8,- - 85v.jpg,-,train-94488.jpg,9
test-8934.jpg,8,- - 29v.jpg,-,train-0626.jpg,0,,train-81033.jpg,8,- - 55h.jpg,-,validation-1918.jpg,1,,train-81110.jpg,8,- - 81.jpg,-,train-24088.jpg,2,,train-81423.jpg,8,- - 95v.jpg,-,train-3434.jpg,3,,train-81275.jpg,8,- - 45v.jpg,-,validation-4742.jpg,4,,train-81588.jpg,8,- - 5v.jpg,-,train-54348.jpg,5,,train-81189.jpg,8,- - 16v.jpg,-,train-65.jpg,6,,train-81500.jpg,8,- - 30h.jpg,-,train-74508.jpg,7,,train-81352.jpg,8,- - 71h.jpg,-,train-84241.jpg,8,,train-81665.jpg,8,- - 86.jpg,-,train-94489.jpg,9
test-8935.jpg,8,- - 2h.jpg,-,train-0627.jpg,0,,train-81034.jpg,8,- - 55v.jpg,-,validation-1919.jpg,1,,train-81111.jpg,8,- - 81h.jpg,-,train-24089.jpg,2,,train-81424.jpg,8,- - 96.jpg,-,train-34340.jpg,3,,train-81276.jpg,8,- - 46.jpg,-,validation-4743.jpg,4,,train-81589.jpg,8,- - 6.jpg,-,train-54349.jpg,5,,train-8119.jpg,8,- - 17.jpg,-,train-650.jpg,6,,train-81501.jpg,8,- - 30v.jpg,-,train-74509.jpg,7,,train-81353.jpg,8,- - 71v.jpg,-,train-84242.jpg,8,,train-81666.jpg,8,- - 86h.jpg,-,train-9449.jpg,9
test-8936.jpg,8,- - 2v.jpg,-,train-0628.jpg,0,,train-81035.jpg,8,- - 56.jpg,-,validation-192.jpg,1,,train-81112.jpg,8,- - 81v.jpg,-,train-2409.jpg,2,,train-81425.jpg,8,- - 96h.jpg,-,train-34341.jpg,3,,train-81277.jpg,8,- - 46h.jpg,-,validation-4744.jpg,4,,train-8159.jpg,8,- - 60.jpg,-,train-5435.jpg,5,,train-81190.jpg,8,- - 17h.jpg,-,train-6500.jpg,6,,train-81502.jpg,8,- - 31.jpg,-,train-7451.jpg,7,,train-81354.jpg,8,- - 72.jpg,-,train-84243.jpg,8,,train-81667.jpg,8,- - 86v.jpg,-,train-94490.jpg,9
test-8937.jpg,8,- - 3.jpg,-,train-0629.jpg,0,,train-81036.jpg,8,- - 56h.jpg,-,validation-1920.jpg,1,,train-81113.jpg,8,- - 82.jpg,-,train-24090.jpg,2,,train-81426.jpg,8,- - 96v.jpg,-,train-34342.jpg,3,,train-81278.jpg,8,- - 46v.jpg,-,validation-4745.jpg,4,,train-81590.jpg,8,- - 60h.jpg,-,train-54350.jpg,5,,train-81191.jpg,8,- - 17v.jpg,-,train-6501.jpg,6,,train-81503.jpg,8,- - 31h.jpg,-,train-74510.jpg,7,,train-81355.jpg,8,- - 72h.jpg,-,train-84244.jpg,8,,train-81668.jpg,8,- - 87.jpg,-,train-94491.jpg,9
test-8938.jpg,8,- - 30.jpg,-,train-063.jpg,0,,train-81037.jpg,8,- - 56v.jpg,-,validation-1921.jpg,1,,train-81114.jpg,8,- - 82h.jpg,-,train-24091.jpg,2,,train-81427.jpg,8,- - 97.jpg,-,train-34343.jpg,3,,train-81279.jpg,8,- - 47.jpg,-,validation-4746.jpg,4,,train-81591.jpg,8,- - 60v.jpg,-,train-54351.jpg,5,,train-81192.jpg,8,- - 18.jpg,-,train-6502.jpg,6,,train-81504.jpg,8,- - 31v.jpg,-,train-74511.jpg,7,,train-81356.jpg,8,- - 72v.jpg,-,train-84245.jpg,8,,train-81669.jpg,8,- - 87h.jpg,-,train-94492.jpg,9
test-8939.jpg,8,- - 30h.jpg,-,train-0630.jpg,0,,train-81038.jpg,8,- - 57.jpg,-,validation-1922.jpg,1,,train-81115.jpg,8,- - 82v.jpg,-,train-24092.jpg,2,,train-81428.jpg,8,- - 97h.jpg,-,train-34344.jpg,3,,train-8128.jpg,8,- - 47h.jpg,-,validation-4747.jpg,4,,train-81592.jpg,8,- - 61.jpg,-,train-54352.jpg,5,,train-81193.jpg,8,- - 18h.jpg,-,train-6503.jpg,6,,train-81505.jpg,8,- - 32.jpg,-,train-74512.jpg,7,,train-81357.jpg,8,- - 73.jpg,-,train-84246.jpg,8,,train-8167.jpg,8,- - 87v.jpg,-,train-94493.jpg,9
test-894.jpg,8,- - 30v.jpg,-,train-0631.jpg,0,,train-81039.jpg,8,- - 57h.jpg,-,validation-1923.jpg,1,,train-81116.jpg,8,- - 83.jpg,-,train-24093.jpg,2,,train-81429.jpg,8,- - 97v.jpg,-,train-34345.jpg,3,,train-81280.jpg,8,- - 47v.jpg,-,validation-4748.jpg,4,,train-81593.jpg,8,- - 61h.jpg,-,train-54353.jpg,5,,train-81194.jpg,8,- - 18v.jpg,-,train-6504.jpg,6,,train-81506.jpg,8,- - 32h.jpg,-,train-74513.jpg,7,,train-81358.jpg,8,- - 73h.jpg,-,train-84247.jpg,8,,train-81670.jpg,8,- - 88.jpg,-,train-94494.jpg,9
test-8940.jpg,8,- - 31.jpg,-,train-0632.jpg,0,,train-8104.jpg,8,- - 57v.jpg,-,validation-1924.jpg,1,,train-81117.jpg,8,- - 83h.jpg,-,train-24094.jpg,2,,train-8143.jpg,8,- - 98.jpg,-,train-34346.jpg,3,,train-81281.jpg,8,- - 48.jpg,-,validation-4749.jpg,4,,train-81594.jpg,8,- - 61v.jpg,-,train-54354.jpg,5,,train-81195.jpg,8,- - 19.jpg,-,train-6505.jpg,6,,train-81507.jpg,8,- - 32v.jpg,-,train-74514.jpg,7,,train-81359.jpg,8,- - 73v.jpg,-,train-84248.jpg,8,,train-81671.jpg,8,- - 88h.jpg,-,train-94495.jpg,9
test-8941.jpg,8,- - 31h.jpg,-,train-0633.jpg,0,,train-81040.jpg,8,- - 58.jpg,-,validation-1925.jpg,1,,train-81118.jpg,8,- - 83v.jpg,-,train-24095.jpg,2,,train-81430.jpg,8,- - 98h.jpg,-,train-34347.jpg,3,,train-81282.jpg,8,- - 48h.jpg,-,validation-475.jpg,4,,train-81595.jpg,8,- - 62.jpg,-,train-54355.jpg,5,,train-81196.jpg,8,- - 19h.jpg,-,train-6506.jpg,6,,train-81508.jpg,8,- - 33.jpg,-,train-74515.jpg,7,,train-8136.jpg,8,- - 74.jpg,-,train-84249.jpg,8,,train-81672.jpg,8,- - 88v.jpg,-,train-94496.jpg,9
test-8942.jpg,8,- - 31v.jpg,-,train-0634.jpg,0,,train-81041.jpg,8,- - 58h.jpg,-,validation-1926.jpg,1,,train-81119.jpg,8,- - 84.jpg,-,train-24096.jpg,2,,train-81431.jpg,8,- - 98v.jpg,-,train-34348.jpg,3,,train-81283.jpg,8,- - 48v.jpg,-,validation-4750.jpg,4,,train-81596.jpg,8,- - 62h.jpg,-,train-54356.jpg,5,,train-81197.jpg,8,- - 19v.jpg,-,train-6507.jpg,6,,train-81509.jpg,8,- - 33h.jpg,-,train-74516.jpg,7,,train-81360.jpg,8,- - 74h.jpg,-,train-84271.jpg,8,,train-81673.jpg,8,- - 89.jpg,-,train-94497.jpg,9
test-8943.jpg,8,- - 32.jpg,-,train-0635.jpg,0,,train-81042.jpg,8,- - 58v.jpg,-,validation-1927.jpg,1,,train-8112.jpg,8,- - 84h.jpg,-,train-24097.jpg,2,,train-81432.jpg,8,- - 99.jpg,-,train-34349.jpg,3,,train-81284.jpg,8,- - 49.jpg,-,validation-4751.jpg,4,,train-81597.jpg,8,- - 62v.jpg,-,train-54357.jpg,5,,train-81198.jpg,8,- - 1h.jpg,-,train-6508.jpg,6,,train-8151.jpg,8,- - 33v.jpg,-,train-74517.jpg,7,,train-81361.jpg,8,- - 74v.jpg,-,train-84779.jpg,8,,train-81362.jpg,8,- - 75.jpg,-,train-94498.jpg,9
test-8944.jpg,8,- - 32h.jpg,-,train-0636.jpg,0,,train-81043.jpg,8,- - 59.jpg,-,validation-1928.jpg,1,,train-81120.jpg,8,- - 84v.jpg,-,train-24098.jpg,2,,train-81433.jpg,8,- - 99h.jpg,-,train-3435.jpg,3,,train-81285.jpg,8,- - 49h.jpg,-,validation-4752.jpg,4,,train-81598.jpg,8,- - 63.jpg,-,train-54358.jpg,5,,train-81199.jpg,8,- - 1v.jpg,-,train-6509.jpg,6,,train-81510.jpg,8,- - 34.jpg,-,train-74518.jpg,7,,train-81207.jpg,8,- - 22v.jpg,-,train-8478.jpg,8,,train-8152.jpg,8,- - 37h.jpg,-,train-94499.jpg,9
test-8945.jpg,8,- - 32v.jpg,-,train-0637.jpg,0,,train-81044.jpg,8,- - 59h.jpg,-,validation-1929.jpg,1,,train-81121.jpg,8,- - 85.jpg,-,train-24099.jpg,2,,train-81434.jpg,8,- - 99v.jpg,-,train-34350.jpg,3,,train-81286.jpg,8,- - 49v.jpg,-,validation-4753.jpg,4,,train-81599.jpg,8,- - 63h.jpg,-,train-54359.jpg,5,,train-812.jpg,8,- - 2.jpg,-,train-651.jpg,6,,train-81511.jpg,8,- - 34h.jpg,-,train-74519.jpg,7,,train-81208.jpg,8,- - 23.jpg,-,train-84780.jpg,8,,train-81520.jpg,8,- - 37v.jpg,-,train-945.jpg,9
test-8946.jpg,8,- - 33.jpg,-,train-0638.jpg,0,,train-81045.jpg,8,- - 59v.jpg,-,validation-193.jpg,1,,train-81122.jpg,8,- - 85h.jpg,-,train-241.jpg,2,,train-81435.jpg,8,- - 9h.jpg,-,train-34351.jpg,3,,train-81287.jpg,8,- - 4h.jpg,-,validation-4754.jpg,4,,train-816.jpg,8,- - 63v.jpg,-,train-5436.jpg,5,,train-8120.jpg,8,- - 20.jpg,-,train-6510.jpg,6,,train-81512.jpg,8,- - 34v.jpg,-,train-7452.jpg,7,,train-81209.jpg,8,- - 23h.jpg,-,train-84781.jpg,8,,train-81521.jpg,8,- - 38.jpg,-,train-9450.jpg,9
test-8947.jpg,8,- - 33h.jpg,-,train-0639.jpg,0,,train-81046.jpg,8,- - 5h.jpg,-,validation-1930.jpg,1,,train-81123.jpg,8,- - 85v.jpg,-,train-2410.jpg,2,,train-81436.jpg,8,- - 9v.jpg,-,train-34352.jpg,3,,train-81288.jpg,8,- - 4v.jpg,-,validation-4755.jpg,4,,train-8160.jpg,8,- - 64.jpg,-,train-54360.jpg,5,,train-81200.jpg,8,- - 20h.jpg,-,train-6511.jpg,6,,train-81513.jpg,8,- - 35.jpg,-,train-74520.jpg,7,,train-8121.jpg,8,- - 23v.jpg,-,train-84782.jpg,8,,train-81522.jpg,8,- - 38h.jpg,-,validation-9953.jpg,9
test-8948.jpg,8,- - 33v.jpg,-,train-064.jpg,0,,train-81047.jpg,8,- - 5v.jpg,-,validation-1931.jpg,1,,train-81124.jpg,8,- - 86.jpg,-,train-24100.jpg,2,,train-81437.jpg,8,- - 1.jpg,-,train-34353.jpg,3,,train-81289.jpg,8,- - 5.jpg,-,validation-4756.jpg,4,,train-81600.jpg,8,- - 64h.jpg,-,train-54361.jpg,5,,train-81201.jpg,8,- - 20v.jpg,-,train-6512.jpg,6,,train-81514.jpg,8,- - 35h.jpg,-,train-74521.jpg,7,,train-81210.jpg,8,- - 24.jpg,-,train-84783.jpg,8,,train-81523.jpg,8,- - 38v.jpg,-,validation-9954.jpg,9
test-8949.jpg,8,- - 34.jpg,-,train-0640.jpg,0,,train-81048.jpg,8,- - 6.jpg,-,validation-1932.jpg,1,,train-81125.jpg,8,- - 86h.jpg,-,train-24101.jpg,2,,train-81438.jpg,8,- - 10.jpg,-,train-34354.jpg,3,,train-8129.jpg,8,- - 50.jpg,-,validation-4757.jpg,4,,train-81601.jpg,8,- - 64v.jpg,-,train-54362.jpg,5,,train-81202.jpg,8,- - 21.jpg,-,train-6513.jpg,6,,train-81515.jpg,8,- - 35v.jpg,-,train-74522.jpg,7,,train-81211.jpg,8,- - 24h.jpg,-,train-84784.jpg,8,,train-81524.jpg,8,- - 39.jpg,-,validation-9955.jpg,9
test-895.jpg,8,- - 34h.jpg,-,train-0641.jpg,0,,train-81049.jpg,8,- - 60.jpg,-,validation-1933.jpg,1,,train-81126.jpg,8,- - 86v.jpg,-,train-24102.jpg,2,,train-81439.jpg,8,- - 100.jpg,-,train-34355.jpg,3,,train-81290.jpg,8,- - 50h.jpg,-,validation-4758.jpg,4,,train-81602.jpg,8,- - 65.jpg,-,train-54363.jpg,5,,train-81203.jpg,8,- - 21h.jpg,-,train-6514.jpg,6,,train-81516.jpg,8,- - 36.jpg,-,train-74523.jpg,7,,train-81212.jpg,8,- - 24v.jpg,-,train-84785.jpg,8,,train-81525.jpg,8,- - 39h.jpg,-,validation-9956.jpg,9
test-8950.jpg,8,- - 34v.jpg,-,train-0642.jpg,0,,train-8105.jpg,8,- - 60h.jpg,-,validation-1934.jpg,1,,train-81127.jpg,8,- - 87.jpg,-,train-24103.jpg,2,,train-8144.jpg,8,- - 100h.jpg,-,train-34356.jpg,3,,train-81291.jpg,8,- - 50v.jpg,-,validation-4759.jpg,4,,train-81603.jpg,8,- - 65h.jpg,-,train-54364.jpg,5,,train-81204.jpg,8,- - 21v.jpg,-,train-6515.jpg,6,,train-81517.jpg,8,- - 36h.jpg,-,train-74524.jpg,7,,train-81213.jpg,8,- - 25.jpg,-,train-84786.jpg,8,,train-81526.jpg,8,- - 39v.jpg,-,validation-986.jpg,9
test-8951.jpg,8,- - 35.jpg,-,train-0643.jpg,0,,train-81050.jpg,8,- - 60v.jpg,-,validation-1935.jpg,1,,train-81128.jpg,8,- - 87h.jpg,-,train-24104.jpg,2,,train-81440.jpg,8,- - 100v.jpg,-,train-34357.jpg,3,,train-81292.jpg,8,- - 51.jpg,-,validation-476.jpg,4,,train-81604.jpg,8,- - 65v.jpg,-,train-54365.jpg,5,,train-81205.jpg,8,- - 22.jpg,-,train-6516.jpg,6,,train-81518.jpg,8,- - 36v.jpg,-,train-74525.jpg,7,,train-81214.jpg,8,- - 25h.jpg,-,train-84787.jpg,8,,train-81527.jpg,8,- - 3h.jpg,-,validation-9860.jpg,9